20431
5345
4764
24708
22451
27868
9454
7936
28452
5147
13243
32064
27574
12978
3156
666
10616
7745
12397
25159
9675
22901
26504
5900
15476
11473
1201
25114
15087
15534
13420
12596
15878
16512
26348
12303
3491
16220
10885
2302
27363
30135
2660
6351
1131
18545
17790
6639
1279
26898
29126
2773
28753
3923
24483
21406
16918
27616
20897
28405
863
14428
23655
6710
18983
2213
745
20691
22312
16730
25310
5878
17908
22427
1397
22376
832
15888
10307
22705
32131
9005
4736
3457
17344
25780
19060
17486
1695
23675
16172
31295
12227
27247
14961
21833
856
24537
12027
2456
32747
12256
14049
11824
28799
2383
22100
17620
25821
15769
22157
31014
1067
6427
19716
23313
28096
4256
8931
6244
7223
26666
12474
31167
32450
14064
17012
9907
15553
27811
6026
29989
22420
15349
13174
18419
7853
3676
4715
16603
10729
25875
5699
18840
20000
19299
16313
14413
16379
15904
2008
4903
22789
11382
28083
14142
13061
30182
3159
26301
3468
2443
19710
579
12746
2722
2437
29065
18597
7753
13088
32580
22285
18055
20813
11341
21641
28301
27910
15871
4118
3131
15419
3040
22322
31462
8575
20612
4916
29529
21506
431
20702
17689
17343
29626
26165
13550
3574
19512
10896
9374
5597
2009
29936
26620
5523
6030
21647
27425
15189
22765
14268
3578
9972
28120
29925
22787
23430
14169
27126
28497
31068
30673
9698
25046
21557
24658
20606
18401
14769
3401
17558
16612
31753
13920
4155
17274
5372
5538
20314
23976
29965
18912
5267
19043
21227
14420
21575
83
3889
12677
1523
7639
79
23914
28605
22089
15048
13010
20557
17539
10655
32260
23262
18082
2827
15010
14741
18186
9586
17619
2577
5802
18581
9632
2115
15489
28425
32415
23424
24160
5094
22735
14804
9970
4291
23236
21914
19707
6113
10756
18761
8157
7846
31664
30097
15712
19533
6247
1447
21682
16605
22375
3549
6829
18519
21749
30837
21337
20020
26624
13495
5298
9486
6913
23617
9899
30366
11301
17055
9330
28646
22702
8987
17142
32175
30614
24790
24743
11574
10102
3352
17020
1315
5031
10213
8763
27322
5287
20177
29173
26453
12222
19989
30927
25106
14817
18401
11529
8649
8662
26100
28472
11073
9625
18795
2774
20387
30463
11478
8189
32558
5017
27793
23152
13357
21467
26962
6619
2598
30077
30974
28508
21845
9506
22977
5185
20056
19256
23389
15892
9772
8223
12994
29653
5720
19341
11232
18566
16744
4913
11705
7917
30621
23702
17594
23189
13283
1611
10059
8726
25859
23617
26789
5782
22298
11124
19939
9360
20810
14541
31068
20948
15279
8007
24625
11471
24981
22866
15906
16653
9192
31093
31654
13564
12267
22070
14906
29939
3629
11582
31481
3954
7610
441
4973
9900
20366
14844
25765
6978
13903
16490
2183
21586
15931
11160
26984
18608
8543
12719
30682
11635
27657
27410
29381
28084
9601
10305
30138
20370
28916
24318
16771
27257
15025
29358
29439
21157
17816
23553
7213
7649
11470
29653
29574
9621
11702
25944
3472
10751
19997
2925
21680
15041
12981
15698
13119
2204
14789
20095
9185
1147
11806
17873
7186
28595
9809
4071
1282
16777
25631
12493
13987
1525
18481
14551
10496
6565
11786
208
20432
26437
17465
29012
21579
2558
13523
22907
8508
31036
12832
6328
30040
8629
15253
8192
28622
4007
12034
3630
19231
3680
31245
27558
14896
24836
32735
18744
7070
30859
1821
17992
30545
19209
17434
16940
31316
12338
21323
15574
25827
26397
14331
10931
7878
10568
13119
16338
26078
28381
1837
30281
19198
18483
31305
21461
28924
28824
12096
12992
16903
32334
9433
4616
3898
21459
29224
12477
20082
13925
4869
30891
27229
11718
22716
31801
22740
4413
21254
2961
27499
26077
17720
9473
3654
29193
31675
17569
26926
10808
5564
22327
5859
23286
5924
21591
26292
13356
22219
17359
23630
6560
7400
12866
25042
23743
1485
22802
24618
17307
31953
32131
12700
304
25485
19230
8863
747
14667
11604
29934
14189
22203
27748
6364
12940
4584
4479
4327
21146
24171
22057
13199
19178
15838
8930
16233
14225
5268
24838
30063
7786
13959
9202
11674
349
16530
28008
6579
26080
4577
4405
10854
30141
31141
31760
19096
7446
27916
25030
25850
18855
22896
5780
26590
12108
26319
6100
15178
13763
15995
2013
23883
29618
10770
8484
6284
23276
7857
25767
2343
31216
2149
1931
25531
30387
27106
25603
12991
9887
9336
29045
32278
26587
31810
2008
4323
8141
11425
29281
20894
733
8424
5470
24680
2428
9561
11106
28571
13925
9297
23970
2726
4643
17343
15263
16152
32724
30426
22021
23546
20268
22548
211
15202
12221
24393
189
19013
26997
18493
10191
17037
32360
15685
9554
19307
6607
6724
3315
29679
28753
23513
22818
15318
30082
3799
27833
7843
2730
21494
22494
21745
2759
19400
25642
16391
22485
32494
11275
13229
19788
5771
16742
4670
15339
30969
10113
28415
21172
7867
9249
10927
6456
13235
11247
15967
24340
22677
28192
10372
17596
6300
17237
12363
16759
26492
960
29484
19115
15255
2185
28866
91
6259
23664
2266
750
7532
24499
8138
22066
27814
25394
23812
30112
32326
32465
14314
32226
13282
10014
18148
3986
16437
17972
1200
20293
14104
23519
32762
9928
22958
26880
10541
11177
29406
10803
12936
20217
22534
26032
13940
14929
25069
20591
6165
32275
29178
20112
21023
29938
22436
4857
10219
181
10794
25153
27850
1079
27268
31949
21913
16051
409
29752
2197
27710
28338
28664
24433
20373
14895
9535
4006
2329
121
1568
11531
24344
10551
27635
15013
23374
7877
16634
15808
25004
6625
27973
1854
9304
21928
2770
10032
6388
16322
9465
16035
21283
30937
1799
9148
26697
14671
24106
3080
16531
28208
12941
12557
31032
8805
31683
8997
15358
2091
21609
16012
12287
14020
4359
30391
26541
28780
15928
27623
28692
1167
18955
32511
25951
8761
23720
22418
12446
11982
9271
4161
21190
29947
6141
32068
24825
16364
30408
16710
5640
14016
1166
9334
7479
3130
19281
25051
31296
22201
25413
24295
12954
9322
1589
336
7162
8124
29219
5915
29723
22548
24367
1274
9659
707
3258
11991
24294
18485
10698
20145
23670
29034
7344
11687
3803
2474
28137
29522
31768
18549
23107
32600
782
22458
20544
318
25597
19017
23743
17022
12872
22153
19161
22234
4984
10606
31498
9967
28548
26022
13713
2317
30288
8979
31769
23622
7795
638
7832
22981
317
10634
6008
4194
14329
15078
29429
15987
7791
7879
17862
32228
7853
12182
30463
30346
27143
7909
24886
2740
17245
9896
3812
12803
16028
23202
5647
30332
6535
11805
22310
18396
4536
478
9005
6443
23521
20056
3353
31892
8280
15904
27262
12660
8403
19617
18279
22705
27504
15633
20869
17229
16120
32164
32397
3899
1124
19199
29147
1649
416
10223
25947
29758
10640
32091
6569
25822
11601
30327
4471
844
12993
27963
7216
2391
21569
31508
29658
30200
19897
473
29249
32227
31453
16640
8530
27228
2735
19218
10949
23116
3141
28508
27391
6548
14541
27624
11062
673
7886
31659
18134
7744
4785
5376
16419
30132
2175
27733
2080
19207
15084
3876
32176
11165
17301
11046
26620
4367
2182
21955
28692
1078
8959
26572
24025
30341
9080
16748
7194
17820
22242
2652
18429
7451
28976
16983
20385
10932
16662
13774
25601
22661
20752
10972
16924
420
6567
23164
5971
21755
10480
2554
1298
23126
25429
22695
1970
19898
16791
5585
17566
17657
12308
13042
949
21379
29510
9768
22512
8319
13709
20709
15173
8986
8750
16104
8651
31007
12699
20844
18462
3017
2805
10911
16645
30421
7887
27989
1618
26074
24373
9470
4362
23517
14572
27093
15558
6432
12796
5467
31321
4924
20844
6916
5555
13167
13389
22832
4870
20279
29690
30300
26407
3872
16797
7834
3894
14298
23285
13630
19329
2446
15447
20187
422
10610
13299
1902
2552
18844
14937
2264
27684
788
13372
21906
20245
5676
373
11164
8212
1300
32074
5046
13620
15529
21489
28883
28397
16270
20816
9163
7431
1918
3335
5968
10937
4320
6064
18467
22035
17564
3429
7559
30361
13358
12675
9719
5937
23545
30638
3092
26431
24541
7702
22497
18190
30219
15608
20530
29554
29720
28519
4194
5291
12881
31052
9797
13453
14671
3756
19549
24542
28107
8233
5201
30464
11955
20684
5530
29135
6524
30977
29824
6861
26811
23267
21829
1405
8431
27578
4000
17420
32673
22210
13933
8246
24752
7471
18338
23400
3558
30573
6277
14882
11470
23468
21020
24224
16074
19868
4581
14009
26464
23413
712
263
27861
27707
586
11592
9981
17216
9731
7172
20561
23786
13650
369
27970
2230
27471
28563
15821
25725
5377
19367
27984
7415
24530
12994
29852
6013
27711
4534
25163
26899
30932
29749
32084
16037
14680
20281
30172
6801
11845
19106
6223
2918
4219
20001
14000
16363
9524
21846
15405
7268
3643
20277
7927
13584
27225
3246
9296
20982
23056
653
10982
24546
15500
25247
28511
29354
14551
20502
32565
15541
26444
13102
19908
8126
12110
28689
8097
15062
11578
1272
16430
6568
13465
21396
13675
26881
17051
6572
26127
21648
29889
23815
26072
29162
22489
20108
23583
23760
9007
26792
14511
26805
13314
19696
10967
2939
23861
9480
3774
25982
24391
2755
17655
2771
7301
15243
10325
29138
23934
6916
5633
10961
14776
18668
15305
17715
30881
20038
8379
1442
32456
9655
7155
20888
6989
9008
11697
29732
18839
32461
28335
8171
15172
1789
2481
21101
15974
15844
29533
31881
21484
26109
21581
5187
2654
16900
22883
29638
28878
3091
24156
10661
13835
26635
9896
7782
18455
21813
6265
13121
2011
25385
11803
15909
25882
11759
4483
1788
30372
25957
5674
10800
25292
25568
1308
1134
11291
6166
28491
2986
13894
17980
31274
14691
5982
25707
23159
27176
2375
5704
29016
22107
3947
3044
16298
2101
9391
18401
9110
29450
1447
4311
5221
4046
27397
4597
20629
8921
18520
28396
12844
3815
25331
20232
7500
22883
21802
9120
15624
17381
20933
11697
630
7929
15278
1734
6661
14882
26093
12571
19217
5406
4054
29441
30133
13932
29057
388
8929
19212
27771
15948
23212
29574
13499
3265
13547
25133
1496
627
22530
11941
14457
30392
23034
675
19468
13719
14292
1012
14523
23012
22301
8129
7579
4781
17859
6929
7975
22485
11303
3215
2542
20991
9587
9102
3464
31149
29230
24650
9166
12713
14606
8560
30795
24741
18957
10977
25581
19998
6078
2483
20736
18054
23266
31097
7005
19105
5175
11973
16607
20016
24720
10987
30231
18893
21290
32007
29505
9238
19006
5185
3446
13837
29139
1871
28707
28351
26838
30012
2745
23076
15468
25448
1702
3911
11655
15569
22917
18854
29880
22160
18321
12764
30788
7591
27232
6525
10361
20985
4046
11842
30274
29338
1335
26726
6138
16201
8937
14415
4222
29499
11224
14193
11398
7451
21908
24688
27189
14414
3193
4740
32494
27515
18469
25634
28522
4171
1072
2265
28167
26733
12567
20090
29539
9182
12664
30075
17706
7271
14213
26781
24364
27239
5811
6093
29363
14034
23986
31304
28691
28282
19618
31747
20098
14989
31620
23114
1578
25183
17646
13223
28797
31338
18691
20229
713
1172
7331
24085
5900
26032
30943
16113
14089
21574
32432
256
7579
9367
25320
12569
25162
5596
5736
12523
796
1231
16020
7580
16557
10092
4612
2480
130
13817
28028
3629
10651
9540
13599
30460
12103
22060
21983
3731
15933
24162
31544
19665
16359
20081
19742
27945
10241
6396
18996
12291
16483
32583
4670
19295
26395
9978
13529
20156
29375
15649
22634
32312
12546
19062
19796
26872
13188
7395
24942
16074
24303
27203
1972
10505
28735
4201
10300
10946
27745
5731
11372
19476
11776
21247
7019
5341
1436
23695
23253
6803
8156
9706
26547
9583
9765
27827
7082
12497
19819
23774
21106
19168
18247
3439
906
6000
18762
14981
9258
31274
7826
24728
25978
11238
30618
7423
8961
16220
27734
30645
5472
22780
25728
31324
7488
7706
23085
14466
14985
8014
10915
11556
980
16923
26990
4464
12836
28110
27057
4303
5328
32681
29115
32291
452
19009
19674
28237
5610
9253
12148
23539
23010
18880
8531
14464
7929
5761
25153
3692
10329
22841
31957
6333
29821
18372
31628
29646
15080
21995
29723
19279
29207
29577
23812
10637
29108
30189
24936
19443
1292
12416
10012
8401
451
167
15103
21085
14022
20715
6026
760
18306
22360
31144
7858
18260
4898
30664
26127
10560
19855
3889
5644
22501
8720
7062
20829
2480
20913
27883
12025
9553
26036
28535
4568
19051
25977
6697
11771
21136
9122
5935
24238
24172
26228
23237
12810
17216
28543
7243
19901
27795
9857
26011
4366
1572
27528
11417
6171
546
21591
11020
1125
20383
22795
26796
11919
21827
13310
11131
9571
1085
30956
16985
7702
6015
10068
24019
14797
21291
15393
27453
17503
22600
1674
9728
20573
24762
17463
21300
21584
30577
18597
23410
11585
224
13259
14051
10879
10161
31742
24477
1692
439
20242
15920
29113
292
3778
17531
4355
1532
27729
10949
6014
9161
26482
777
23554
28561
13414
5776
4227
27141
19812
16837
32405
23035
13117
16966
27950
11038
8512
11063
5038
9444
14427
29659
15902
3521
25988
21605
1717
3739
1879
25867
18593
27261
5889
13149
12292
24207
22620
16853
2876
15942
21851
9647
16743
8152
10409
14074
4646
11507
23437
1776
674
27566
23313
4227
7117
5056
18531
22328
24043
17391
10363
26680
3408
11212
14078
29093
15467
32158
24675
25642
14083
15516
10068
21206
12993
15199
31063
1322
26863
24214
13997
28528
32127
30716
29050
1359
22351
19847
10279
6813
19883
8418
32517
18036
20244
19230
15667
31880
25919
16549
4289
20663
14945
4463
24085
6370
938
14712
7822
24828
29967
21873
4712
25952
8781
4021
18912
1896
28971
22912
18840
28731
255
17499
20028
21990
11123
4059
29542
5807
649
16267
16831
7845
28637
19751
26728
19324
22827
19211
9624
17048
28176
2794
8838
28008
789
7363
18057
4085
7657
14865
17789
11707
5870
28995
28010
12471
29687
9579
30560
1729
24657
13882
24485
10524
26112
25644
2323
16972
19530
17664
12219
26151
16250
23659
28366
4143
9694
11533
23998
23583
17938
21924
2208
11460
8832
3712
18389
13582
11816
6967
15081
5991
16029
1177
27323
3907
24400
12006
22238
22777
27153
8255
29248
19409
2259
2907
21257
23134
1200
29307
6598
27918
1581
30368
21447
19199
10942
9979
23749
1300
5005
25765
969
5961
20855
11920
30536
13379
21079
27070
15507
28460
13192
31152
13935
14269
7589
15650
32511
23708
3475
17141
6379
2025
11970
19309
15291
27155
10927
27036
16260
1777
4526
22814
27591
22798
16614
23559
11670
16196
27037
13594
30968
26764
7606
4668
22927
12820
1399
31528
30328
11154
8848
6243
3443
13785
17497
26227
10564
28585
4444
10572
5977
25804
18963
13323
24748
13150
10483
22758
18923
7021
937
5475
7895
11458
4515
20169
19690
1789
31698
13012
4412
24552
6574
4269
15783
17413
32635
15897
22825
17769
16843
23793
8075
3277
4677
5330
9280
227
6564
5397
7312
30694
13059
29442
5366
10101
27735
14400
5574
18081
28733
13712
31506
5701
15606
28092
975
17302
19631
11465
23604
22778
4870
8052
10083
12574
29643
32477
19531
8258
5891
9341
2509
18392
15923
6749
5661
18510
32475
31626
19820
17704
1600
14532
13252
28497
19054
5494
20019
2483
19582
28907
5931
7173
20501
12222
4649
18404
11309
22930
17045
29734
6424
16132
2537
17003
8129
15326
12566
756
3638
27021
8484
6841
5475
21974
3864
4021
29728
4548
7962
12165
21359
11493
17111
1073
14334
28854
22309
2890
11508
28763
17637
25397
3050
16531
10542
25286
1590
27628
18600
20241
21360
30515
21045
9084
10543
2607
13527
8217
24596
4239
3278
4659
27146
26400
27648
2855
32203
26947
414
31093
7079
29343
25861
22551
20353
10515
2018
26642
21530
8942
5018
10314
31634
15715
13801
32666
299
14135
8393
19748
10321
25533
16789
21222
19671
2564
29550
11919
18564
17487
12510
21648
20942
29637
2235
16757
14309
7274
23118
21878
8179
15694
7349
3657
10146
30981
13702
4923
4320
8790
8885
18303
23263
311
31672
22214
27743
25594
3560
28688
13103
20673
6187
8897
23793
27447
27088
4599
3359
25218
26810
29211
13387
31603
17089
1206
27819
2816
20053
1670
32724
29941
24164
17362
31174
742
3454
18170
27945
10088
17464
21842
19670
385
32462
11824
32409
13404
5644
16452
2869
26433
3950
18728
4009
453
14470
4920
21426
30782
4510
17828
10641
15482
19359
31428
31502
9905
23857
4267
10173
27319
29476
26622
6272
28022
16399
1287
11341
3740
28470
18181
25138
14993
16049
10694
25750
22700
1227
17784
22977
27046
9385
189
7583
27215
13868
10493
18624
20095
25879
25856
10404
10320
19317
13756
3382
20362
19253
31083
3990
7519
11032
9441
13851
4185
31437
10013
6553
27792
602
11038
28639
11296
16573
11256
8068
21466
15827
3878
16612
58
13178
14626
12389
16025
20978
20531
5631
1700
9098
8582
1531
26637
21368
23681
7930
16513
23560
6228
18746
3545
24569
22481
31509
12436
13091
32637
9930
12933
22110
29159
13696
26057
27296
17976
13192
28668
24421
19724
4579
5548
24660
22400
8452
23054
17951
29836
10454
18160
3755
6292
16897
28911
8305
25401
21610
3050
23844
30581
24312
9143
18323
6631
27806
19732
16594
2411
23190
25312
8340
17902
21482
9099
11484
14721
9785
17099
13525
30635
21432
17296
21245
1796
1655
11835
6793
26879
18662
30474
13318
21512
10135
10455
11580
21455
8261
10243
87
17379
534
8621
5705
22658
8989
31527
18538
10672
3875
21930
9569
29830
5031
31304
32072
1741
19747
16931
30987
2251
6545
20189
16657
6493
5166
10063
30495
28742
32382
3198
1913
31431
14992
6858
5450
9840
14979
2921
1605
20021
2377
10772
29069
32196
20651
21248
30162
32534
141
3344
15037
26180
31604
5193
8591
3997
27717
26758
26885
17397
10576
13421
18558
30527
18572
8353
18015
21855
18724
26425
19895
4409
30259
15218
18207
10766
26316
22944
14565
6920
16190
21355
12905
10515
6038
27703
1734
17135
11109
6628
6837
10115
14019
32184
18863
18037
9363
27033
9810
3831
29193
17792
6662
8420
27498
26922
10208
5131
9747
15889
22215
18891
23485
15770
1749
31968
2815
8080
13823
892
276
19665
30713
30617
12511
27207
9556
14734
31532
4122
1514
225
19513
292
31355
28509
12917
30374
27032
23140
21127
21561
29632
16006
23698
22535
13002
4434
26296
6970
2178
25963
20701
30389
16535
5343
5549
8194
2485
26037
11488
4748
2542
23749
25276
6415
4702
13005
18652
2892
13839
8128
9265
5121
18458
28769
31814
4888
1295
6673
12232
28703
27543
16613
12869
28920
2136
25596
22324
26834
14617
9232
20022
21336
11047
22602
13467
12327
6391
25947
24616
12934
2828
2760
18199
6481
8219
6789
10592
17207
8302
20166
24375
21286
24710
12818
28886
30978
14084
19865
23420
12957
2506
4551
10166
6372
13917
11545
13533
3414
22925
17712
24032
23483
14937
17956
23363
9234
23565
15386
1640
8395
31661
27417
25102
7478
31894
6425
3095
12348
2147
15965
31886
3917
26126
4099
13800
3481
19543
6362
19082
7043
13162
21619
23436
23122
27068
123
29885
6186
28726
6215
27111
18492
24981
11953
6484
19257
26897
6691
14224
7180
3132
9969
2161
13512
19502
17388
10581
16351
25055
23860
20651
27030
6612
22861
9909
26037
4862
27765
7051
32131
25823
13877
24164
14833
28910
23863
23057
32278
25405
7511
23242
9691
9817
31740
16685
31992
20081
5801
26244
8735
16315
16335
5703
10870
5140
24038
16610
6475
999
16571
19383
4
22095
24844
8807
23124
7296
15954
27981
31413
15459
20190
4428
6930
3712
13863
23755
26051
4897
13667
1533
2751
692
2644
24166
13581
15730
12389
24475
29820
24126
14325
30025
28564
29904
10227
10360
29132
11026
7595
4113
10750
22986
7903
10910
11543
20602
21018
1362
4371
21636
4417
21577
13353
7058
2667
24592
1090
17717
25330
27752
23216
6093
4299
31815
16413
1192
24082
5920
11457
14190
19177
29540
6361
13500
16771
10825
29012
19471
20604
22730
17615
24804
24428
20975
15555
20253
4539
17998
14077
28327
19383
1234
4943
31322
3555
14523
2438
24096
6802
18662
7067
12378
6581
15439
30766
23167
12018
18388
24879
13574
13814
26940
27359
6791
6411
13175
9975
13853
30189
12327
4134
4366
1241
31328
18881
9134
30184
30380
1975
28032
14491
19539
12995
22687
25015
985
7397
27740
9043
28359
23058
4905
2863
15535
4395
30646
31559
24938
22828
15705
4264
12452
30374
6067
27779
21147
3439
1425
4992
30243
6807
13072
22356
25582
19103
18181
32406
22282
32742
8091
7886
16043
7524
16958
23760
19755
27034
696
1864
30799
7625
9626
16277
20172
30051
478
9435
18185
20927
26058
13651
27431
17936
17176
23014
1599
8088
26195
20475
14058
15897
15748
25997
2823
20621
29198
15232
2232
18966
22999
565
18606
9016
936
25692
1447
15174
25303
5129
17716
28186
24099
11786
32192
12809
17887
26489
24014
21015
30035
14733
6274
6246
9055
32693
23395
31989
9825
15336
20831
11399
12121
30006
22288
31712
16459
25764
17469
6967
25061
25654
28324
7657
23650
21581
18934
10859
30638
27443
18724
26242
1739
8949
25817
29622
17011
14705
27463
4100
14079
30383
32039
11987
18823
11637
23547
7721
6219
10773
28055
3103
14929
906
6367
146
8784
707
24530
7964
10445
5183
23240
17730
388
30682
30967
22767
8201
8935
10812
23330
20399
2174
22041
4835
681
15383
17402
25723
7279
8792
22716
10468
15204
9260
19823
6527
17845
6165
17243
9221
15748
21955
22850
15040
8262
10213
9701
29947
21865
4159
15305
5047
28730
4605
6715
16031
18695
30279
12178
3390
12672
16149
20660
12400
18531
15429
18908
20502
12377
30443
27802
28942
11803
26344
16155
30563
29144
9918
12458
6336
4059
6562
30583
21291
27753
14291
31639
15343
7912
29995
29517
15066
4167
30195
5256
1449
22681
1532
32684
28609
8195
1515
18325
25120
1753
17109
15066
3986
22788
27660
21070
14632
4263
6968
26829
5862
27650
8873
8245
14524
6806
5611
6066
29624
17801
16539
22335
12153
30541
32634
5225
10215
9853
12224
13398
30497
26631
10419
12039
31671
3216
29559
14298
28442
11540
13608
20307
16464
27341
32550
8731
1772
26199
31152
22857
8766
12817
7349
16353
22727
17350
27366
24986
3055
10637
25360
1765
21499
1517
7081
12842
6201
5957
15529
597
30589
20075
19355
7825
5329
14484
32243
3923
7273
16500
1442
10395
5333
2726
3048
26999
20602
29005
20073
29896
4931
25340
4740
1864
16532
10451
25312
3788
9600
22507
19271
18119
13115
29173
1720
32272
15826
31005
21431
27109
4889
31541
25320
10799
32229
22543
5084
25351
2428
18218
29739
3962
6474
24721
13507
29065
10454
11521
2431
17268
18420
330
9980
3641
10043
10487
21160
18775
18617
9265
14619
10199
10470
31969
32427
13965
29655
30485
15930
12188
6836
8357
27219
10040
23916
1046
17526
30128
7335
702
24239
683
2045
6697
23405
21937
31845
6332
24466
4078
9968
1432
27335
13107
16311
16322
2578
23102
28945
6272
6314
17979
16138
27910
778
25995
785
849
16452
14275
20465
11860
30104
13048
20995
32082
30789
3642
32673
31371
8607
5470
11741
15642
10594
27137
23923
21022
31302
21961
21501
16664
13523
4590
21862
12180
21623
10233
4513
26636
10966
20428
6811
18441
9569
28387
30318
22923
4394
7385
8663
7083
20726
20782
5866
15999
14740
7751
11268
22078
2158
7606
24322
18852
10334
29116
24752
32664
14531
12
29828
4109
2771
18898
30861
31782
2355
1268
10662
12701
15813
23192
30703
23909
27073
28390
32638
20878
25607
5647
31057
618
12723
23182
14471
24302
3314
14510
2000
2138
19989
13132
31523
11549
27364
9694
2479
2802
53
30644
1043
23632
6589
5246
15057
13569
11301
19983
26880
4624
30048
2912
14146
8425
14141
26840
27382
444
56
11722
5551
2338
30358
15168
22756
17667
22961
22519
4585
18615
11664
32170
541
1131
17594
2963
18278
11207
7244
560
14554
28622
15946
11331
31679
4101
7731
22812
25782
1751
9176
3098
31027
21816
22637
17776
9520
12681
27105
18469
31011
7611
30827
351
1069
10424
25190
29920
7828
24318
606
21201
14451
11917
4971
6846
176
16900
12221
28643
30767
5895
7545
678
17733
21475
24004
13156
23408
8309
12828
21104
19269
1608
3055
8537
20137
7165
6758
31084
25924
32752
27266
15226
5427
26136
19819
27868
9213
15663
30981
9651
23497
12051
5827
13428
12494
109
13504
6821
23306
5008
19724
18145
14391
4772
22339
12322
2555
1283
6245
13888
25695
21475
9441
27572
24706
566
18675
11426
26511
7118
19248
10007
10732
8133
15712
14479
5812
27164
20363
17594
26472
24738
22871
27007
5089
26391
3473
13378
17033
24210
3081
15458
2251
13344
17827
18182
4040
17070
26283
22554
29004
3113
15209
21652
24832
3555
17141
6652
30177
13369
25677
12075
10224
12659
31141
29267
22059
15339
9726
26687
26813
30578
10490
4316
25458
3567
9455
25849
31853
15177
2874
24907
2845
20615
8918
17076
25453
29238
23853
22468
28987
5643
27949
2945
10252
970
21663
3427
6910
23910
23476
15011
20734
29290
9953
11446
10554
25239
24301
4372
25561
21455
8009
11837
8938
16178
7839
14846
30619
6534
17837
25840
20396
23260
10324
16195
22307
10608
5356
23225
8768
11218
11739
19957
13235
17987
16742
31990
13069
18274
21447
19167
26485
18440
3967
6393
19100
17008
4077
14074
18419
9371
14880
10376
31771
25074
6122
25593
2204
18478
26933
28253
20443
7029
24474
30910
11590
15813
14384
25254
32210
26006
10146
17890
3239
10171
19589
28550
14361
22666
7144
27185
25307
2108
31788
32146
1391
7831
534
18219
29665
22986
1058
20565
11189
13464
30746
17797
15902
30648
20200
13005
10865
31356
17065
27046
15576
22194
19202
29676
17739
5064
11191
14378
15036
3379
20857
13080
7826
6160
28928
27234
13401
11276
7258
31915
25016
4994
17027
29394
19107
26340
19765
13940
32209
22364
20737
20914
17777
3251
927
23604
28697
6769
27779
14701
9727
20550
944
3105
7787
27048
13009
805
18796
24766
27782
25447
16843
26749
19964
29486
6973
21009
32448
10914
24796
24958
17109
19854
22488
21895
29444
21093
23146
9935
20339
14979
24330
16958
24697
16310
32738
17062
22961
31485
5762
28070
13133
26767
16341
30671
28077
27935
23636
21510
13105
16479
24697
4649
19531
24771
2423
4342
6616
29831
18984
1832
2480
15347
1095
10210
14715
30942
25055
26193
15303
28529
25347
7310
13144
25645
29632
6593
14527
15151
7760
23436
15919
7347
11664
30375
25995
17112
21429
29383
31939
21667
10554
7621
5217
29253
6172
6652
25695
22177
1866
11251
29500
12809
23127
2876
13135
8776
6515
15003
2650
27622
21913
11115
30562
22695
7434
12350
19134
24405
5113
708
9327
30911
1416
24814
11439
17922
243
1362
15052
27655
22283
32466
24119
18509
3047
11128
32216
25321
4310
23205
421
16843
23191
23147
14963
322
10189
29751
31756
21955
2989
7347
7553
23270
4346
23274
21442
21425
2355
10926
6763
16409
23563
24118
7905
27590
27417
17164
24990
23063
24017
3623
457
13158
27059
21331
26378
6029
27330
3034
15772
31144
24632
28765
30884
26909
8568
10755
20161
27610
24388
7894
25828
19934
17712
23913
7010
2555
20310
27582
12615
12250
10316
32104
12782
27455
9043
21741
24782
4238
9937
21614
6039
21135
6914
394
19070
1390
12522
127
9940
4870
5518
19090
32734
1118
25955
9138
32225
17524
29703
4952
17276
58
15407
25777
32058
18399
3041
29183
3944
21839
16611
16189
22052
7165
10611
10241
11191
1504
23864
9383
10533
443
8825
27308
21762
18082
13197
27736
13446
28858
30866
31648
29412
23360
2402
5194
4824
23501
3011
4434
24191
17112
16862
20877
2412
17788
23795
3980
14584
13435
26698
28867
26329
9348
24685
4074
20983
27569
19092
1700
29051
6228
24673
14943
7720
17651
9165
28795
26094
28049
28515
28078
15804
10799
22188
9383
1431
29331
27370
14321
4841
20296
14344
21275
13595
7142
3538
7958
26725
16020
26978
21982
10981
30922
4826
14684
10223
13660
17241
29068
11685
30644
26407
5595
8391
20574
20531
26067
25292
31435
27840
29945
24113
2126
22107
19958
11537
15467
19728
20726
3574
32337
29405
20814
6895
933
23399
13921
30434
6273
17388
9156
25892
10429
1913
27808
32583
28269
9053
22104
32051
27050
24541
28268
17272
1430
28969
30622
11235
3738
9359
12883
15440
24050
28143
1083
16318
24172
26991
17204
30121
20076
9583
10092
19348
25396
18624
10438
21733
12642
26896
19328
29941
32442
9641
8210
28520
24870
23132
31321
21178
20219
32439
9204
28955
1150
1407
3567
23421
25255
20570
17822
4843
11045
3019
12492
25628
15777
1891
21782
8520
14919
24118
11921
11834
11651
909
22963
4775
10504
2010
5232
1726
28183
10737
23203
11776
3326
2164
8624
29778
7647
1935
30567
16720
30386
16102
2092
30181
653
972
20565
26648
7715
25526
31956
20777
7564
8943
16150
25053
24388
5005
6187
28950
4213
22691
24358
30886
1657
27064
1735
21605
20890
27256
26199
30594
27933
10922
2516
3094
12416
25186
19790
12543
26111
32376
18321
18923
10845
4408
18436
5555
31200
15195
27601
32491
3742
8503
3654
23223
29687
16434
6268
2527
29539
14460
29750
12326
15982
24318
9739
30168
31232
11149
21192
1955
3810
22372
13328
18599
25470
16337
16453
27344
25318
24878
2476
24932
29976
32275
6347
25048
19585
18122
17942
26344
11455
5379
22219
27111
3755
4041
24859
18003
17815
19381
15242
31660
2516
15202
31640
16774
3192
1056
18337
8670
30813
2797
2
3498
1133
19873
893
8115
31517
23656
4831
423
23352
1909
6111
10090
30174
5365
21322
21678
11724
4930
13917
8387
15326
7002
27506
27824
7377
6031
20960
32642
3150
25216
28956
15588
12580
21063
10020
10736
24278
1012
5661
13381
4181
31547
5434
28506
14
27241
10465
15378
295
13980
17929
3728
32262
3124
25831
17996
16404
6021
9929
19558
25792
13774
4930
27707
9158
12911
12423
6711
19121
25686
31513
7402
4510
16315
164
19549
11588
12301
8743
23462
16945
20012
16726
24762
7510
18136
23869
3715
21958
1386
25125
21810
15291
30401
12475
23767
14554
30848
8303
3630
1464
18551
283
7612
22684
2142
24549
19739
29063
10697
4966
22163
10097
22104
21260
14058
23254
10286
23996
18812
29041
18085
29628
27278
16200
15168
10193
5087
232
4834
19364
10112
19186
7997
31594
23782
4822
27788
3268
1086
13535
16261
25828
5120
7024
12169
31218
13511
27533
12575
942
16224
23196
9376
8022
24864
4461
15668
27338
23163
16505
21500
23278
3027
18791
31633
20816
17550
8661
26542
13579
2155
21332
32041
4843
16150
15540
7720
2257
506
30851
1681
89
31830
3280
19650
31931
4499
18484
23171
32751
15829
28692
29240
19221
25808
9248
5212
32275
733
6943
22826
23168
29772
7407
4765
11713
18172
24007
19099
9841
18986
7872
29037
6407
20615
14228
20595
30642
22669
28069
5398
392
3858
15425
2045
27872
24606
29220
17540
4348
2554
18494
1130
21228
26249
21943
21449
22958
24283
1329
16716
19866
15616
28493
24220
9982
20506
15984
9499
20485
5814
32711
4821
7645
25437
1416
5044
25880
12133
15995
2803
11603
4109
9914
4308
18454
458
13749
14486
20220
32219
28024
29345
19732
3619
28465
24325
6022
21304
14572
9250
6522
12472
28834
7592
5941
5084
24690
30659
11397
2127
2094
2703
2656
3904
26649
2514
14280
27830
26863
23786
23025
24355
1318
13060
18342
30013
6004
10127
27625
30217
29329
2801
15322
3896
9790
9080
17370
15799
5510
31379
4079
9346
16964
2626
29546
17849
29157
24267
29640
20981
3951
175
23255
476
28354
15068
13338
11763
21791
4388
14701
6324
27366
31470
29420
7905
31396
13867
3602
16919
8524
18060
12318
16806
21445
29938
18363
13728
23973
25383
8671
24624
15677
1995
17908
10541
213
9873
23862
30703
2360
6315
10588
24418
21876
31106
20090
20568
15323
2987
29734
17956
13389
27158
474
8548
6074
22921
31385
9502
30946
20045
15317
18959
31327
31272
9105
23615
17894
30347
25027
5849
2250
24331
30972
12858
6593
28693
12874
6216
11243
32222
2142
13061
13072
22426
19946
2404
23850
27374
4941
7771
17699
15271
3954
17977
17119
940
4085
26170
31869
3889
13448
21080
7386
10542
31126
15717
21335
11280
22054
28503
221
2734
28929
13795
13854
25982
12567
17229
26397
9
11551
28542
30704
10908
15998
3927
1732
29761
15210
22085
5923
14573
7247
30229
626
24571
4209
28938
20926
24281
17876
21037
25784
21506
26713
16357
2557
20012
7209
7367
27803
5058
30550
10927
31441
32404
16064
25616
10775
16334
27190
32648
15454
8230
13278
20920
27289
4186
14039
338
6268
7642
24860
16755
30084
8129
15532
1588
12087
12298
21480
26492
6317
17665
13628
9752
27471
32503
23041
1805
1247
32314
29858
31020
18105
21829
27134
14568
31320
27443
31246
26213
24347
25210
23496
16849
17737
22485
20547
503
23124
3458
28955
30993
2650
22190
15895
31710
6897
22318
11785
16117
25380
27503
18166
7769
17593
19632
375
845
19126
17774
31583
23658
4387
2592
15774
23534
23056
2597
6502
28759
29658
19707
24716
11057
21675
12209
32048
2604
3904
5791
11424
22129
1263
26452
24954
3638
30952
24272
4369
3216
26811
6132
28690
25481
19994
22070
25192
7283
11744
26777
8796
21116
6227
14557
25345
23426
32422
23282
29135
29480
451
12467
7054
7209
7751
30161
22646
11244
22989
18445
916
13401
21871
32683
8559
16364
27018
27683
31212
5127
11970
18713
2415
28045
6214
32655
3395
27564
853
1882
12092
7418
24578
31954
5274
25284
22324
16078
21553
7842
4592
10448
6087
24143
1499
15740
27838
31160
27386
21839
2035
22355
16061
9613
229
19122
30780
13179
18458
16728
20928
1999
23742
12747
19333
13925
1422
235
19390
3635
4340
20865
32730
1407
24691
29211
25350
13903
17222
23832
3571
32546
25668
32511
13273
7133
20231
14101
28860
19208
20557
17966
19694
21306
13726
8131
6613
31954
12336
20805
3054
21480
24327
29617
13842
18052
17504
23397
18936
29453
10832
31282
16892
15108
15017
10162
22558
28146
19997
17371
28238
8350
13990
26581
19431
1156
2341
6409
21625
21379
10825
12923
7115
9174
8882
30809
31520
14405
32342
2516
3002
8348
15140
9518
10909
15965
2792
29204
27029
434
27759
17967
4474
29349
24555
6134
6579
23187
15000
5062
14585
8670
23968
1844
29533
13795
21565
5794
18829
2860
7453
28944
27987
4070
8970
30261
8030
8853
10442
718
6725
24838
11332
22327
11977
25477
1253
19512
30043
14417
16706
18977
14558
13133
2047
13849
32429
26104
32751
18867
20448
21407
892
2242
10187
13778
9034
18799
11208
25876
15383
648
4151
14806
9190
21531
20162
31143
12892
32324
4582
9381
10346
14915
31150
14135
15148
10705
7618
13310
17937
20661
28833
2568
26685
19602
26667
11079
4395
16131
3938
26434
16535
7657
25969
24075
32155
24068
11758
8049
18712
11201
5724
19062
3927
9811
21748
16644
23792
20741
9381
17371
23275
11983
16985
2766
22054
15399
20346
11567
22006
15129
15796
28296
1553
1434
10237
17291
30636
23066
15571
9036
32224
22104
7621
30894
10578
5242
22581
18459
10003
7773
23388
23929
1733
11050
3983
5721
11264
23338
29376
7281
28404
26075
24135
9292
12367
28227
23011
1088
25697
29060
8187
14241
22909
945
14122
8756
15779
20192
17659
10214
10077
2176
32241
27838
9703
20717
22219
20753
7314
12610
23301
32245
28010
11119
19618
5623
14103
4235
28969
24081
10753
4459
12270
29398
14520
15731
26002
24048
10130
25516
4301
8140
16278
2583
15467
404
10392
28481
19093
17246
11942
18968
1362
31395
30371
15357
6222
13554
26162
10522
22489
13029
17110
27382
31026
20309
19543
4422
8198
26314
22119
9479
25908
21301
9605
8649
15059
20450
4898
6478
20854
22952
15618
13651
25262
24419
17382
2990
1233
22180
23912
30873
27642
2214
15654
29518
15441
11140
6434
4308
20877
7082
19817
10520
8119
18825
25331
21055
4400
12176
32203
9787
1525
25687
30319
1692
22562
7453
8826
21161
2485
13428
4224
17328
32661
2363
15162
25498
28115
18893
30691
20930
22831
32632
9185
18952
20958
28209
21928
8737
19338
7301
5340
12593
13979
6099
23989
21915
16053
18617
29608
3351
21121
27596
18244
21254
22705
652
29530
14595
13886
20631
5472
28091
2548
14620
1303
9726
16689
4243
12140
7190
27114
13995
6300
6487
26094
3204
18844
15863
25455
6943
11448
31520
16062
32275
7546
29508
12630
26241
12237
13489
29212
19017
29282
613
10981
4990
12371
7971
26425
25624
30215
20166
24663
16873
23893
470
19064
16083
25836
24409
1880
28983
22258
8427
25075
20656
747
29969
14220
19202
20189
23499
12788
9549
25521
12648
30473
32135
30941
23454
29053
40
832
19674
5849
9767
19277
20949
20161
3878
11884
23912
24441
19434
3997
18081
936
11533
15199
11542
3420
27127
17104
30585
14927
13322
4629
8301
7529
2589
17916
17816
16773
24620
1248
11514
27000
28493
24270
13437
4431
16870
30949
24525
5337
20510
2051
30825
8038
16529
24222
29691
18637
8520
4591
5349
948
11496
31318
31004
16651
28713
4858
2873
27866
25482
31920
2509
10301
19780
10270
6389
25772
32636
27424
4655
17536
18108
1386
1644
25779
7332
22639
9831
29672
29405
22146
1332
15019
10831
27963
26908
30969
2708
28445
7848
15619
19884
16501
508
5935
5106
19333
12902
20320
21582
32738
9271
32631
7341
24859
1234
14106
13998
26779
9474
3252
1182
16081
23953
16316
10919
3982
8726
20539
22596
32174
13838
12168
17912
31226
14382
28246
15168
333
30712
3057
12486
1526
18829
19141
25303
2142
19394
11808
26647
8939
21621
1337
8308
3363
30498
10096
4184
23061
22961
17879
31779
30196
19346
30194
22488
9990
21260
22971
24342
5564
9426
2281
26955
8227
14808
8050
20004
31867
30564
5455
28232
28452
7528
17279
13381
6082
28431
14926
8650
6553
18838
19671
15640
9017
7517
30152
29363
6496
32062
31077
16221
26908
14365
26832
13892
17712
12480
27271
14203
21177
26593
27694
27303
2321
27778
8591
20987
18676
9857
29919
2406
28385
12140
19522
1546
25795
11670
18578
27121
30417
25963
24924
16379
28595
29952
556
13339
16358
28143
3339
7107
13409
16737
26181
25245
121
12908
28016
12156
7938
17056
1961
21906
20151
19676
7969
26083
11740
16998
15321
29945
14625
15931
6569
26842
12746
25252
24455
25399
12045
13578
23558
7142
24251
27659
27421
16275
14627
25550
26922
9906
11316
11411
22326
30903
481
26510
5243
3978
1482
26101
20771
12085
11800
15960
7763
26080
19368
19505
16232
10240
1389
19900
8321
31947
8975
5128
5693
20207
27352
31054
19142
13699
5841
4483
31758
18750
9512
18729
28504
23015
2005
26218
15867
6156
30589
8295
24418
1783
28055
16590
5208
19166
2509
938
6018
10074
26277
10624
14125
16922
8544
28567
15435
32217
6435
25239
17079
397
10580
16214
26305
16354
25415
21998
27622
4838
2842
8979
16607
16390
23517
5027
1246
30777
22262
9855
29204
10363
8900
24730
20854
11901
15491
18255
23489
17819
368
21752
11195
16398
21293
7100
9660
24675
23398
2728
30830
26411
12981
2305
6865
10485
28355
23513
27522
16505
23473
2529
21820
12566
25782
12670
7327
3455
28681
1311
15152
30385
12801
25037
27554
1832
15226
13316
19284
32338
18300
7873
13594
16452
3095
6364
14656
32172
4753
29848
22220
6150
23236
1401
23044
5651
19905
22613
1072
15495
17337
12718
24737
7938
8478
17983
27378
15682
20229
25045
27278
151
4815
28768
10098
11671
2312
7498
23605
7698
18319
32007
2373
22345
27383
29934
3443
20570
4910
21831
10162
31999
4956
22949
17947
28792
22798
886
17973
11462
20116
728
2676
29210
15527
8622
2303
8845
28496
25843
14262
3601
8709
22607
31092
15016
30484
14312
28817
31956
32325
27771
23212
29774
3770
3499
22951
16634
30747
24217
19954
1051
20208
30900
9741
452
22606
6355
18248
30351
22710
17025
29646
30096
19002
11671
20961
25228
15841
12817
30823
23655
27725
9754
9382
11228
14747
25193
32076
2673
12427
24784
1714
21929
14561
10514
11361
635
3339
32758
982
25859
13059
3225
11394
8312
31863
26632
28949
21342
21032
19214
3580
21500
20112
20043
16680
4369
27591
28806
1810
27331
18599
22341
10492
6104
18735
32154
121
27432
5669
17727
5167
3410
16383
7653
29148
32431
2308
14026
27031
30084
6831
28298
3673
27772
10836
30007
8123
30037
20741
21675
16641
9177
6839
21277
8536
9488
4257
25587
31068
22196
17125
6871
477
29413
5490
21773
18403
9246
21545
3332
495
5480
21055
3115
19076
21197
6370
28421
25574
3600
26911
12160
26914
7067
5379
10627
4174
15289
29696
19910
25106
1029
30355
30438
2664
32035
7460
5305
9887
18605
22062
8671
13478
25456
1951
6041
1927
22489
18306
21470
25906
29866
2011
9644
12668
23537
14802
29597
19047
32315
11284
12474
31140
22021
10359
5011
8022
30579
5341
17296
31257
18501
7002
28802
12355
29702
7577
2173
32362
28806
30587
32746
12070
9867
21762
24536
16407
4804
8046
3731
22570
29438
17829
1656
29465
21402
25560
28423
26161
4415
3684
19514
8792
8908
17398
14357
22350
16273
19187
23167
23603
13758
32279
4944
330
1307
19548
2731
12028
4602
28701
7054
30240
1131
8571
19623
30073
10158
18432
19306
14464
24046
28546
7520
29540
31788
1098
31682
16464
8825
6774
3398
16876
25704
17564
29241
20262
21955
15792
22222
3122
20349
27176
32694
5327
232
29789
1264
7117
8488
2101
12003
9164
21736
29183
10666
13638
7243
9374
687
13776
23845
27370
9339
17564
23916
18515
17612
16451
16873
19656
30952
22977
25907
24535
25650
22721
6878
18197
13563
29980
13040
27584
25498
27036
20884
9123
26559
9221
28435
314
22532
13910
5119
28439
10181
27980
9650
6788
30514
12328
22263
29034
10658
3506
4358
14193
13867
6782
26806
30313
26223
1134
29678
19945
30648
32632
4956
26165
21064
28585
1130
2661
19178
29802
20334
11716
8909
14595
26145
24695
14738
11869
1619
30559
9636
4620
13533
27456
9928
26252
25814
13090
9973
16587
7946
7671
15717
3816
15783
28543
26604
15419
4154
17513
28297
22165
31706
443
9531
6345
27555
21363
21
32363
9575
32366
11669
17623
22175
2442
11058
32117
28072
520
2100
5436
4908
24372
19144
30069
22494
18759
11092
8642
27242
18316
6664
30558
27051
6594
17078
29094
10015
16578
739
6105
28057
31329
1566
30748
8246
13464
31888
21441
17810
15330
8149
24776
21308
10470
31242
17574
19815
20822
8999
11334
3810
16407
26767
9550
19786
30882
4838
7331
11646
2474
15907
9775
31827
13055
30694
29154
24457
8882
6155
4598
4862
3450
1919
30328
1570
9814
26962
16900
28075
14708
23054
23504
7562
28242
14664
25323
16157
29987
12660
26311
14246
9076
29182
2294
21244
17423
20374
27697
1664
7711
16075
5278
24659
30614
23771
7507
30406
5836
31433
26390
27666
1896
24241
9318
23114
9860
12121
26304
15245
14860
15880
4379
8832
5991
8859
21429
22267
7514
24021
5393
11011
1321
30199
27712
7161
20223
16784
4193
5136
19855
21655
24932
24581
5372
17335
28179
11530
20726
12778
6994
8963
17959
23625
20645
28404
717
6179
19956
20922
680
30540
3723
1786
18966
1719
23909
6232
15485
23367
32426
28905
12777
24803
4726
17642
4086
8137
5340
8626
27121
27684
7979
14821
27706
13280
20079
16875
5868
24253
29499
28832
3008
29858
28326
30797
29487
32309
24724
3032
15575
21416
2871
17463
16160
19925
4053
31274
31263
3470
26827
26666
443
19758
17618
10396
21262
28788
10113
25675
6414
18066
29459
17685
9324
12928
16235
229
6844
11670
8789
4321
8407
22618
19727
26852
1149
3479
8968
17198
10559
11183
11751
21594
15516
2097
4815
31633
30059
16814
27873
17150
25209
25545
12547
17537
3186
4494
32480
18088
28421
10757
816
9691
3395
6918
20282
24022
9544
22094
18839
18269
18206
7379
7224
24106
21214
5205
17323
9003
8728
23350
9113
28394
24693
3723
17556
18509
22427
30323
7951
4991
12881
19624
6062
11566
31460
20819
4289
17911
22729
8741
13579
4638
20867
1955
24519
8579
4296
11457
17901
29649
31711
29875
17585
7417
5196
25344
31052
3551
28079
18904
1536
21842
15082
12967
10326
27970
13954
13546
1195
26669
27208
12098
19178
4827
6712
5830
6299
24139
22177
20638
15389
9709
31110
18894
15663
9746
4932
16719
20150
13984
2678
30820
3514
7690
29462
15659
12721
4223
24805
882
4608
12130
14604
32717
9407
7419
18179
30949
23228
30828
6322
17171
31939
21990
26070
6702
28189
1820
1703
19873
30807
18424
15800
29376
1093
9101
22814
4444
25669
9550
28372
32404
5064
10877
14430
23023
4111
26598
20909
24744
11827
30668
24387
2889
4712
1060
24471
10619
11394
24833
11195
28701
23993
11088
27452
11667
11177
16325
32586
6241
9373
7701
10520
27640
22796
3174
28550
18383
3684
3843
2046
1206
3847
2133
18075
29800
15251
5391
22929
16223
16743
30888
21449
21740
6755
11790
19147
8582
14830
28825
3041
32611
2878
20797
11385
5445
9428
11269
31180
6039
21829
4540
3005
8120
27968
31213
32516
3479
27341
20751
6795
10112
27091
14073
25624
27701
32221
412
26669
19265
22813
22512
14637
14217
25778
31023
27071
18468
11814
1090
1655
23404
20027
21368
21172
28757
11495
16510
19652
10750
18077
25740
15695
12678
22222
10460
22002
27169
2992
15200
9002
11115
10046
15284
21876
30204
12672
13394
9650
22076
8204
13317
22737
27000
5837
7072
9897
14646
9731
29679
2084
24774
10635
24558
12451
12570
11617
32569
13981
18136
31587
21700
12169
18092
13911
1484
17151
13283
9776
1293
31002
5430
6541
32310
18464
23523
131
5530
9573
16643
9372
20520
7532
3351
8735
14237
14160
32228
1682
3832
10082
16001
14462
11054
5396
9646
3186
17440
30742
11879
11082
20938
20670
24249
11697
18877
16301
4309
4325
20687
16560
21091
26811
13585
3300
19992
29410
17409
26654
29579
28523
20737
23945
20804
25225
8
12177
21782
9110
10392
32512
26288
23895
25840
28007
4206
25473
8578
16064
10869
380
16551
15953
15358
9830
9874
27348
1778
4699
16770
11732
29112
26868
25148
8794
17226
19725
30905
11977
25999
27084
2332
30215
8677
3295
27879
25565
3068
13828
13421
22689
3819
16335
15499
14354
20605
1448
19603
24451
24268
11027
20617
18236
23570
26676
914
21277
7355
32658
7849
5764
27583
16667
24468
3953
26926
15976
31766
7400
14093
5187
21863
13463
26720
28006
32737
7097
26248
8838
29436
10042
16591
7056
30076
18204
6722
22067
6633
24857
10687
13726
24384
16010
78
32651
18920
4487
2484
10876
2279
21840
31558
24900
31574
3563
9468
24522
10770
11023
22726
3338
2485
4673
23587
30300
6341
5181
6127
4089
11819
20887
31356
24251
3046
21154
16357
28452
2560
22161
5279
15778
28097
7644
18001
29713
16676
13286
30438
8322
16007
31708
1504
18747
9382
1248
9199
511
1738
26983
17602
26255
27966
15839
25373
7792
23043
21142
19244
19951
1476
19671
24343
6243
26892
23382
2518
6066
26039
2509
21575
27926
9383
30696
20605
20257
31672
30559
20315
14591
28661
21857
5218
7932
10252
21305
31688
19525
25343
4652
18122
19955
18205
30368
579
3909
7473
18052
15228
2861
19449
1771
30534
14095
10201
23802
8006
2757
27345
30213
22929
18918
26797
15093
32377
29256
21371
21229
8358
29635
9282
14637
23400
5432
31729
27190
23371
10962
4246
27694
21740
396
31440
13959
24076
9204
30599
15580
23779
23598
29146
8475
438
5947
26969
20713
32428
3452
2165
4674
29150
21617
32564
17248
13741
15815
30250
20959
2904
10130
11684
11550
21454
8663
7462
14312
19136
3405
10008
32084
30715
5988
13500
11497
19189
14215
20067
8710
5285
4510
993
31361
21400
25048
14654
143
1602
21927
11182
27620
30610
30220
17091
15899
14793
1812
482
15959
17291
163
11764
22571
25398
1136
31581
25015
31860
30033
22578
3348
17420
5049
9894
2291
28158
17278
31686
5248
462
24288
13927
2701
18720
15048
604
10220
3205
16461
7148
4380
4757
16252
26499
23337
5438
24409
12711
7117
8539
20257
11054
17627
5256
7378
30126
20189
11573
21741
21558
30460
24826
20347
21563
5153
27946
20046
725
18266
21931
20617
556
2943
17925
16227
4908
26645
2232
22567
26497
19314
2259
30591
20415
20514
4546
10739
6624
29066
16744
9645
13300
29643
24686
4479
26388
746
5338
15655
16024
19757
8931
11985
28554
7368
12291
10717
21594
13496
15439
4835
20690
29936
17924
21748
12877
2483
19298
11299
24612
10817
7869
31044
28778
10933
16593
756
29913
25902
13654
18394
5131
15917
1492
17964
17134
18494
26297
23668
12914
19163
12969
10132
17796
12429
12309
519
9024
8276
21775
2155
14690
17993
32092
18236
17150
3970
18123
30179
10098
23862
1990
25327
17816
29473
5159
30114
32576
9514
17485
26799
6365
2116
29294
8770
16766
10898
25134
19777
22272
5838
18033
6097
14978
9963
22894
15133
18714
27129
15110
12371
19654
8522
2387
14062
31142
6355
26499
4155
19304
24276
26343
5142
22275
7868
1607
757
25768
9031
15225
14633
26101
17385
15153
10080
7277
16751
29467
13421
1061
21988
27175
27724
22207
31665
31525
8288
15004
12297
7569
23808
29262
13444
12464
22578
8268
5130
31964
15798
29418
28403
24347
31815
19592
21100
21239
30749
15369
7965
20106
18102
22919
17161
9433
22486
23364
19125
25187
12237
30436
3468
22521
5880
25306
31106
18383
25226
3105
16888
26836
14988
21548
30175
13375
291
27423
16673
12650
16146
6719
23868
13284
14719
4775
30000
16322
5370
5182
156
2101
10683
229
23076
15458
27947
12277
5397
5741
5287
5608
22092
24791
21888
5206
13396
26123
26182
1572
25294
32307
9542
23544
11542
12112
2129
23791
1059
5002
14783
24467
9135
31172
1716
3847
4760
29812
674
4229
647
19122
1039
7435
21199
32655
24217
25424
15000
25511
32311
17917
24124
25850
18369
18970
21489
4343
25267
18886
23465
31962
20526
16172
20022
2104
29503
15282
1970
11736
28260
24435
20766
22213
31308
25840
3401
25505
6623
5378
11507
24636
20350
14100
11827
5478
14220
20878
11030
27905
11309
20116
15241
23642
22093
22769
11897
18617
20453
1358
24120
6710
15225
7080
9251
28879
29926
5377
12162
12216
16218
8533
17327
21234
5284
18895
8571
17183
31150
829
8141
7061
31815
17602
14220
5809
15910
30410
1727
5229
12588
20035
3827
28469
26858
26635
13021
4855
9571
14500
14145
2682
31507
9263
19219
30448
15408
21144
23259
9678
1839
5134
13150
14555
7818
27062
14202
5255
28097
1696
11602
2175
24479
23802
26283
26238
27070
2947
18582
31590
29005
16195
30288
7823
27921
23930
9062
19295
26794
2518
20764
31003
19736
23784
31504
9468
4733
24281
30491
17030
16164
6745
3192
1557
22467
23513
1576
15801
9469
28922
17556
11331
29227
31813
4725
6816
10588
12572
16625
4966
28826
3056
20230
31917
11376
23221
8236
1056
2985
10643
1590
4436
89
26591
8826
12888
18978
22857
25137
13965
30128
10071
6689
27575
30086
10002
1401
12629
14333
9983
11260
22062
24201
22864
29537
29741
31295
11868
24570
15982
29076
13133
18581
30105
29544
18712
416
30319
6979
18355
17296
5794
10974
24962
20611
17386
31973
23314
7459
6485
5371
27401
206
24287
28927
22109
12533
10050
32653
7365
3010
15
24520
18797
30206
26622
20055
15342
20529
32642
25518
32125
18187
10145
1935
30306
770
771
15824
6061
31549
3401
12382
19748
28593
15520
6786
19327
20106
24981
31075
3800
2252
14635
9677
7517
6714
25898
15152
25160
18551
16059
28652
13585
23915
14130
17099
24801
24808
15147
8655
16459
5517
19416
28207
16695
15595
17049
412
25886
26343
29389
6344
4477
20575
7657
18217
17539
5393
28103
22523
525
14520
26944
16516
3285
19319
5884
1947
16358
11643
17033
18027
7252
13789
6059
9845
24361
16581
2035
212
13218
26837
11923
709
21916
28613
9841
31590
14409
6730
1658
14014
1319
829
30777
2558
1843
10745
7336
29958
22106
16389
13126
32043
22320
31219
14185
9528
25316
26503
26582
9906
11124
5916
27791
20577
12317
2116
3820
11787
22038
12719
14317
23939
31101
7758
10447
13539
2706
26039
8669
7701
2851
972
27529
19352
71
21399
30139
10880
11343
12665
361
13759
9466
2180
2152
3748
6632
20261
22402
32417
24401
14086
3784
18001
4343
5170
31785
23993
24921
16251
1092
2511
26922
30745
3451
27448
2817
2195
8521
27222
16210
13027
14293
9346
23709
10197
25031
16022
12261
3504
17498
16559
31076
23064
7090
24369
8573
819
14193
21771
14834
19467
9605
13116
8023
12339
32579
18838
20167
12974
3258
3265
17365
5132
12865
7556
29381
13270
23635
21824
13053
8492
23965
31677
11702
7853
29524
2601
9463
7575
25548
8030
9924
29743
27463
2404
147
21348
27403
2103
1791
16303
3767
11722
1472
4413
23510
32587
27611
16208
24501
15273
2070
31459
28530
27476
27055
23693
11862
7492
14669
10663
20068
30012
7735
29873
16178
28496
964
7410
16120
31909
21267
29023
487
23928
29947
31422
25532
23649
12357
12555
22420
20185
14361
8219
2562
32507
32439
16255
26975
25223
8296
427
2145
17196
31411
24152
3823
15367
17363
23590
11572
12391
13929
23942
17651
8147
9583
13527
15642
31566
3181
17359
13209
24537
28655
10781
372
23098
8758
18252
17687
6140
16430
5099
26347
10679
31392
5611
19494
14993
32681
29768
11239
24837
6251
28140
14978
27875
20226
14288
7960
22168
12473
1636
26476
13232
126
17969
28145
21657
28052
18364
26152
28586
8840
25262
808
32099
16486
21555
27774
10743
6700
23712
30008
7
17535
24664
18749
12465
19869
4080
1248
7369
12691
23441
27316
870
24240
13726
11169
31137
24121
26775
30007
3993
30046
1086
14915
18107
21101
9720
27040
15680
6726
8309
1872
13046
27151
18067
23499
19268
8489
23936
11671
12392
1890
31263
14617
31748
9068
19886
23211
2265
21902
9637
7919
4562
2713
8929
11618
16964
6942
27649
16692
7028
10974
24337
9303
21338
7298
1638
24790
4260
28044
21704
7272
10238
3726
27863
21061
16017
2969
30631
24376
30153
6393
20142
5109
1116
22559
31968
16814
24712
26847
23320
29921
24476
6876
19386
21108
28345
21312
22934
19203
18650
31408
15888
6265
19986
1919
4734
14813
24597
30753
12498
24943
26618
20963
1913
2292
26943
30682
25731
8270
17934
28185
31747
2639
6334
23847
11705
23503
18077
27057
19950
4348
12269
13435
30112
11506
8492
5788
7647
30604
27033
28139
2679
19833
15091
3509
18383
13970
13956
10161
16401
13930
19294
16693
11147
2855
18917
2217
24662
20113
20621
7997
17717
11625
30181
10967
27583
10492
21461
17487
5569
5880
22563
5599
10718
21373
32316
15829
23416
22903
22066
18827
2516
13612
32001
23705
6776
1297
27158
22601
21208
31970
13842
5964
30002
7921
16075
4523
9399
8127
19603
32000
21739
10185
7358
15589
18510
26532
30046
14253
25148
12876
9809
25426
20498
4538
7038
7855
19858
2484
25691
10991
2185
31977
21683
22854
26542
26685
8870
16607
14542
26722
9713
4373
2598
15784
7279
21477
13073
16918
6112
13475
20451
1465
30954
7917
13588
1340
7005
18910
7585
11961
6075
899
6319
10447
15864
20627
31345
4085
11646
13402
21581
7693
11892
13559
14394
28733
12352
28615
19309
24314
4426
21025
27700
7269
5123
19012
28450
3291
9511
1165
14188
3527
22335
2286
11923
7867
14185
19611
24387
8384
24411
3078
14204
8170
26790
270
13807
23343
9528
18803
1707
32376
16677
4494
21240
17145
12711
22335
18563
27070
5475
22822
7100
17543
27117
1558
2429
16598
14991
198
7148
10566
11334
3018
13986
4382
2830
29122
11789
7718
15455
15826
28178
9402
15096
22610
29687
18972
32731
23494
8065
8463
31897
13840
8025
29857
2767
27108
31924
13640
29937
1149
2611
15408
31814
7054
14856
22740
52
26492
8027
23756
10942
19914
7916
6629
17995
28629
4857
1655
8361
4545
26210
31731
8017
28083
27403
17340
26861
18240
28546
26168
18455
21286
22498
28710
11108
18234
15863
8754
26273
9890
23714
16070
6492
7748
19071
27172
24231
1406
18374
20658
10776
22296
9071
1940
30228
13943
31642
23424
10061
21779
23853
462
18826
19499
1727
24527
2471
16055
21173
23648
4316
22430
3242
28607
9538
30761
13845
26013
13202
10935
32293
1396
9776
11699
28912
5402
11625
10948
8653
27031
23801
28227
21758
31284
17105
13042
27795
10708
23319
21995
7306
14983
1389
1750
10811
8029
24438
18527
15092
8312
10390
21736
30176
1381
4858
15226
32045
14765
9689
18690
621
8102
5369
4538
31293
1423
12660
12005
13093
28892
22460
1215
21440
13263
32477
9396
1053
328
19714
8144
18020
29406
21819
23927
17085
13614
25213
19030
2669
20083
29675
29593
5698
13144
20051
25182
1074
7690
18172
19306
22591
23440
11167
26395
17566
863
27571
1438
15639
19753
26349
13154
22959
30967
1288
461
19589
32119
31426
18477
28410
28823
24615
28913
10772
24146
31761
10009
15909
458
26864
30699
11687
5272
30407
15592
20331
10336
28279
25086
19443
16040
6720
23551
2588
4842
14213
25426
20223
19175
13775
18153
5402
319
26389
27506
24235
24127
1339
19154
1885
13050
12504
1999
22822
19099
19772
27148
26736
26105
23986
22075
31607
5484
18434
5774
242
25824
8250
1902
23029
3623
25006
31856
31510
9620
14654
29061
10447
29893
17623
23665
21283
30656
27709
12926
21636
12354
14087
30321
6133
17235
17387
25277
27244
5406
17723
1015
31610
22272
9904
22410
20781
15327
16487
17068
13110
18109
15145
30096
20807
26508
2543
3805
10431
23108
7333
4960
28041
31796
12335
3581
31297
2965
24490
27628
2969
1381
23284
26914
19196
5491
26222
8460
27761
19638
2048
6019
25537
4578
1374
19965
29916
61
6026
14592
9081
10415
30619
10717
17917
26905
10428
154
16286
19944
9079
14896
9672
12778
17972
12023
21695
4192
12028
5470
14215
15700
25219
7391
18177
30765
25702
13618
1110
3200
9393
21953
29336
29993
26276
22877
21415
13723
1207
16943
11346
23924
13787
31217
21439
27221
14339
25182
4621
31728
995
18918
4663
3682
28151
6311
11068
11972
22728
18841
17533
24060
23659
1032
22886
5593
1866
26952
24656
9312
7207
27300
6310
20832
29021
15255
1095
589
21865
13375
4140
20554
7338
14350
12363
17544
15461
29891
29371
11983
5900
3480
19992
19034
24000
1725
12073
9448
11028
1286
2496
31760
15124
13793
28898
1237
25734
29578
31272
20858
14191
31106
28773
18840
25817
15677
6537
26733
21460
16154
5062
13687
1979
26521
3569
11073
15288
17609
24362
126
22410
15359
16831
1876
8582
973
13646
5882
20956
31282
19498
13189
27420
11023
26624
26623
31737
6874
10683
1722
11852
10646
6308
17379
18268
8707
17614
24154
32092
18706
26801
19137
17973
411
19989
5332
902
22610
31282
27384
12265
3064
25877
2070
29049
26062
16453
28585
13713
30287
4263
12310
14806
2590
8095
7997
9847
27454
1912
17741
7603
17025
24326
27100
25756
11587
18569
30519
2331
23383
26581
10230
10549
18754
944
13012
16268
27303
22140
26814
6441
22787
21014
31018
22648
23195
23293
20650
10644
21938
16055
17857
3013
1022
26992
2037
21576
31325
7909
1317
20046
22725
14976
14621
7238
13945
15044
7016
15967
7811
7148
8037
25161
12382
17871
31390
24636
14579
4359
9556
2364
22471
10066
18783
10907
1138
17208
4917
27327
2131
4847
6472
25382
16514
17019
19861
7078
15366
28953
11641
19194
2632
5598
9159
122
19912
6044
20761
6954
26383
7173
11875
12790
19429
21011
15822
20796
24259
15271
15811
12683
23179
14960
4677
19371
9847
25614
22661
28125
9807
24951
22704
13923
23264
23962
18956
5955
26281
18243
7491
18249
19159
27199
16639
17483
28788
9152
5302
19120
20955
13827
32200
26163
22639
32559
21191
32741
17036
6017
4373
3441
9662
6822
4277
17828
24881
8296
10843
32301
5225
10381
965
5793
28211
32252
30286
5314
26588
21794
17345
22016
16544
10644
3435
31296
19813
7926
16756
27613
28842
26907
29295
10476
20154
32621
19759
12741
4645
8080
8412
16575
21616
25410
11591
12090
32524
28038
11131
11235
14469
29441
17557
9779
12796
8612
27349
4921
26839
11147
18676
28570
12471
31013
15288
8918
6570
18070
2503
10188
1699
12377
19897
7809
2087
29482
18032
11037
20296
25379
428
17974
19671
24101
5338
25169
20694
15737
22573
2726
15916
2743
22512
24356
9884
31719
28699
4533
25336
31463
17956
18627
31634
15373
5399
2811
29940
10252
32745
6225
21713
7452
24074
21572
29499
19285
13881
9571
27669
12380
23452
28176
17612
30274
24848
644
6722
14761
22206
16403
27403
31529
1519
10673
20956
16370
7969
11702
17472
9650
3673
30942
10637
28089
27068
31380
24087
17243
11865
32368
30371
16789
16202
32510
22559
31732
23291
5569
30608
3763
31433
11383
22091
31267
20687
21407
3688
19792
22524
25145
884
25570
10857
17101
2918
15169
4586
4526
9172
8957
1764
28800
1895
19564
4446
13048
14221
32149
16474
18659
20077
27468
11109
2410
11552
32415
12909
17300
23070
2417
28627
14348
9206
11877
4289
24613
23619
32766
1982
9755
16091
6916
19839
29340
22857
16425
9216
13190
1662
12524
4052
16371
21187
21438
31674
15731
23538
25443
14960
27288
486
11676
23244
29368
31536
9475
520
12014
8715
18998
16478
30818
3475
12343
5076
28618
19249
8211
3418
24113
19546
8130
19474
4855
23673
24655
17135
25370
13097
22329
31873
11699
30376
1816
20751
2500
17032
15235
17127
304
1704
15410
29938
32011
21091
15200
28555
18196
24583
883
10129
17536
29833
10207
31675
19962
26487
15688
7212
18663
26413
23783
4168
26094
19788
30510
20165
10424
5992
14767
7173
7412
22529
3130
8867
23711
13237
26949
31308
19330
16051
5521
4304
11260
20083
31499
10616
28929
5029
10993
26267
29027
4199
19253
4460
24656
16058
29478
5142
12061
31543
15181
23051
15425
2046
1173
2712
29605
15344
15024
20926
17435
12830
5557
11069
3627
3456
7950
25585
28694
9451
32145
17761
4885
11069
19693
8086
24034
10203
1096
9513
12409
21341
12326
19872
3360
11399
909
12795
21157
22907
1127
6025
27623
10542
22311
7424
6295
18713
28079
15821
13120
817
7537
8105
6277
6168
24789
24173
5035
2453
18395
18983
29783
26946
23554
19309
12696
32644
31592
25073
15911
24256
28466
29014
29166
14028
16686
20546
11464
31908
5303
19893
5768
14943
1754
8345
8252
7009
22967
30106
10931
2257
28457
3895
30268
27214
22185
11289
16305
24285
29295
10148
11956
550
30683
2253
31033
4577
20244
29483
24645
1931
5615
11856
27124
31325
18962
14169
31937
23934
24153
4292
16386
28280
16248
17538
26034
26601
3042
19533
16755
19579
746
21564
20691
24085
28456
2965
6351
5459
4127
30690
31894
11572
18204
32327
29071
5907
2913
5906
13468
27353
27011
24468
25761
10096
4625
32304
9792
22395
15222
3249
13543
28228
23329
31968
1293
28917
31203
11095
23480
16396
10136
5264
32579
5385
21001
24641
25950
2153
785
14060
598
13272
18943
5553
7575
17571
21564
5224
20335
4716
31022
20972
3092
3617
15707
31417
24553
7471
4306
7610
16637
13554
19655
17244
6612
19056
13437
31463
29035
27208
32105
21006
21622
3301
8852
27333
25580
31479
1857
9042
11461
22052
11472
1191
11523
6650
32738
27375
10735
10537
190
7271
15269
15087
19187
17007
12754
15571
16447
30945
13757
31894
23216
26529
19844
11879
27145
6773
9384
9046
16487
2839
15820
17419
4644
4489
29114
9144
3324
11945
24487
16204
27246
25861
12984
15594
357
5104
24773
16281
6936
2262
18012
9021
3887
15052
17417
13510
27431
25707
16596
15015
10487
28639
13836
24969
14580
26939
10307
24897
25330
27407
12698
28160
17068
14653
319
18890
25446
32264
29747
2602
16080
23918
11089
26147
9006
21176
17036
8297
17590
3151
3448
25042
32313
14801
32012
6151
1286
100
4774
11391
5132
2379
1103
10158
21054
24247
30272
5241
30780
2783
28070
14318
31023
11602
24739
28978
13044
31372
1941
21946
27006
22984
21402
23998
4469
5398
11860
13547
11811
20397
26345
857
18065
13954
28750
17084
13805
7962
21702
29662
23343
2204
677
18509
27645
13098
22106
5200
28363
16753
1452
7456
8262
6271
20548
5973
18419
29141
6508
27039
16403
21438
20246
1974
13515
25567
16928
31124
24193
18446
21462
25313
15241
2408
7353
7855
3329
11677
28799
17255
6905
31375
25434
8963
984
6172
13437
7038
6906
1079
16861
19337
6814
3390
26932
32640
11520
18055
31308
27292
4290
11069
7802
106
23696
25450
22888
636
9732
24404
1816
5726
4039
15629
31526
30667
762
11334
9550
6945
6100
17508
24365
21523
29068
214
18252
21662
4473
22437
19802
6206
25976
7756
21433
3937
5518
12491
2621
7964
21710
3831
26160
18717
14717
25620
23449
4065
24693
11429
15293
27431
24519
28291
23783
24740
19620
14125
28517
5368
22654
21599
9171
26849
18794
31462
1692
30382
20937
20402
13501
1015
2855
1837
19916
15244
6243
3787
18233
17323
13072
29922
1237
1142
10268
701
23184
12963
1967
15596
23431
29302
3158
15837
6718
9964
32097
7857
15913
16698
4234
25160
4722
9333
3799
5790
29174
29075
16577
8283
13457
20370
26005
25765
411
1015
14875
17721
11186
28538
21110
8890
31162
17152
19275
22856
291
201
5669
27477
30058
7659
25880
20148
4323
22527
31141
4083
31413
4890
23262
16363
20006
21503
14026
24469
10009
10898
29451
15904
22484
8336
12478
32064
11271
126
18339
12232
23818
2271
31870
18043
7015
24490
30397
16159
20888
23035
14682
18900
1042
27657
8963
22692
29314
21848
14713
19803
24150
23856
17462
14745
6783
13133
31314
25893
18549
18648
18343
3716
26236
13718
27956
6603
4903
32096
191
8625
10778
18899
4030
7912
7699
27720
27000
6574
13356
15366
21608
6559
1114
9399
13026
18381
25402
31001
23289
30482
6413
24054
9631
1701
2560
24918
30990
21228
13234
4595
21095
10385
9200
10989
4761
28120
19651
10175
4741
30256
22956
21618
16992
13320
27182
11793
22616
15587
21901
10076
21114
21423
23510
9664
20435
27986
26655
19079
1237
25479
18448
23629
20221
18920
31906
25779
11187
6475
2087
22103
5746
9554
23947
20227
4648
4158
21721
18980
25056
12548
18688
22398
13470
8099
17112
10783
18570
23476
21856
5009
18769
16707
3914
16212
28105
16349
9657
17035
6356
2026
15433
21494
390
8766
28240
16416
9866
9706
32099
28122
4289
88
18716
1767
10541
919
29723
6393
9742
12019
23115
17117
21322
26057
15462
16882
14866
2201
17596
29663
27587
9309
18736
8325
29706
11289
28291
8243
13900
28852
4309
12825
14917
19206
5480
5888
11247
11314
2472
17464
4773
2102
13160
17105
904
20160
30319
3854
21282
26180
13107
3094
2633
23883
740
24557
8774
17934
29868
19363
19511
28739
12342
21451
18354
30007
8557
19759
3243
18973
4486
8642
19608
19621
20800
25046
3794
32209
22634
30095
27711
24325
32422
664
11822
9565
12654
23060
21634
14146
19284
728
18195
10304
28814
13271
13905
10002
5297
21213
28459
4607
3517
19329
9775
9578
22618
21077
32242
30884
29025
26719
19634
15620
26782
13005
25914
29498
4309
31460
26374
2784
28930
27194
22952
8274
23269
22309
5994
19648
19134
13683
19253
15489
29782
32603
1457
32682
8510
10932
11694
18656
17499
32357
20419
3690
26275
23581
4404
16778
20769
21060
18969
4110
6207
2609
2749
25634
27716
26269
4165
5736
21276
26199
27794
1611
12120
7994
25960
3216
14453
25949
20175
31789
18529
29321
25785
9567
8763
8688
26598
3831
5722
5147
517
23028
10130
20261
13596
855
5554
12071
23081
30771
29009
15091
29450
12292
7371
12549
21402
16705
24198
24758
26141
9269
26746
9139
3806
6154
30960
2990
29462
24103
30857
6227
10000
16316
14723
2430
1931
4506
15416
8619
16992
10825
7399
27822
21092
32340
3767
24228
29328
22248
2041
24361
19551
22173
942
5323
25976
16532
31817
1215
4237
13762
950
23251
25987
23691
7322
28068
1235
9875
14557
21265
10800
10449
358
6383
21098
14821
19237
30206
30866
19115
23895
1820
11871
11536
27909
27833
5072
15652
29134
23691
29203
8305
14311
31619
32166
3980
21344
5119
956
24041
22697
31809
1762
13299
32340
16672
3810
12124
3100
26877
12263
23986
15143
25337
3299
17716
27528
30309
22830
28643
21256
18043
7536
11484
2342
15947
17344
31716
5212
30967
12045
22341
23716
31267
25021
20441
10043
19112
30613
12132
32677
19848
30425
5414
12785
24871
15540
16561
14910
8376
2265
32505
19838
23029
27755
28074
24442
2835
8219
2238
18967
31989
1424
13902
31191
19872
22539
17576
17314
32495
20555
3747
18375
23943
16302
14895
1598
21518
26266
17712
2096
32408
2587
21645
17080
4706
3277
31107
5868
28099
3837
24896
4887
25695
23051
8877
22857
7070
6930
7819
20242
2909
12491
9665
31370
30435
4271
23028
12436
29206
1884
31833
30820
18158
22586
7879
18495
20267
94
27409
32642
5699
8367
29842
16870
22431
21319
18441
6146
11526
28700
11688
30994
346
1247
20839
8694
7042
1060
17822
23934
21927
28612
5075
8676
21667
639
20432
10138
21430
7398
24825
23878
22651
31097
30173
23820
25371
27660
22027
18187
28353
12399
1575
9514
22094
3149
29245
15380
29005
18517
4692
28033
32041
17560
15687
4024
9885
11314
7632
24145
18285
3117
32230
26688
11348
20898
23625
7951
30525
29473
91
27499
29110
18771
49
27362
25505
23262
27882
15083
16940
8073
6463
29991
19204
32417
11868
16614
24518
3227
750
7661
13751
19450
26750
19575
11700
30068
25341
30329
26732
2896
32416
32298
27340
15378
14318
5571
26299
22618
10775
1155
31752
24586
30599
15607
1440
27303
8379
10360
18181
28418
15699
19445
3579
11799
19305
10739
7301
17717
2338
1489
28431
11103
3202
27729
13037
7667
3461
9556
260
16521
5739
29413
12487
29726
3667
16761
22374
10610
21003
11637
18241
12974
20263
497
9123
22602
21840
5308
23725
13614
4575
9120
10128
7703
27051
5863
18176
6205
9502
19741
14309
9011
8847
21528
5715
23054
715
13110
20156
12233
1013
10982
28516
19176
32401
3434
11798
17500
14555
5339
30230
19879
1117
23149
4694
576
22976
21236
18412
26681
26339
29863
29892
25631
17194
27172
1682
9250
15897
30389
24075
18037
31777
28626
29269
16120
21945
28647
18620
16405
11441
9815
5286
10983
11203
26816
5065
19106
9324
27009
31387
24367
32506
14201
1290
15126
28901
27410
32622
30881
28002
9342
23484
2623
1078
16193
9980
10790
8904
24304
29437
27964
27515
14648
2119
32056
5946
16673
29777
15876
5461
6036
18420
25190
23947
25884
6688
13280
10344
233
8910
4565
465
2330
565
27628
27101
20540
2113
15290
30694
17421
4161
16795
13280
12678
17632
2272
6634
2585
24662
30512
31779
3640
15583
27432
14015
278
18796
11845
27226
18865
13977
15876
12427
9488
28640
12359
32445
19913
13580
14075
11066
15559
26608
1784
18569
26442
25176
9768
19194
7727
26688
25836
11391
29298
2628
1723
701
17137
3160
24077
15203
22387
9401
24439
29371
11496
10020
28695
6271
22259
28741
29490
22253
6821
9586
23324
28701
9868
7321
16728
1427
3052
119
18945
32273
23884
1291
22120
32174
5684
16459
19199
9260
12342
31509
27766
1415
2347
3688
6179
4298
32447
8404
23463
22822
25392
22575
12239
30021
12114
21386
23224
26844
5591
355
15671
19584
23501
9757
3959
10170
6760
9901
20708
12637
19970
27541
28488
27159
22112
28694
26932
17735
19511
20897
28578
21518
20462
29584
19160
9897
13734
2835
1680
22526
12920
10093
10581
30580
28413
2656
31536
17672
8980
25829
8068
29598
7903
19489
1591
26004
25871
31381
30738
6045
14946
12693
17003
11725
20073
20219
17921
22256
24975
27420
27943
31264
3159
4859
19749
25239
3045
29373
30427
24001
14272
1117
15015
32661
1238
5793
25481
294
14785
16461
11653
28021
14408
5014
31561
4234
41
9689
3856
23747
20246
16269
19142
14955
509
18551
15213
30094
7052
17436
29631
15884
5109
29308
31253
28141
21998
26877
19847
2548
3324
14246
18005
12407
10482
28301
21894
27246
15028
6035
26574
4809
3649
30798
28597
18439
9713
12359
23286
7172
31483
1894
30501
30226
10041
170
2453
23372
23600
1309
7801
4391
19275
15112
21321
20042
25447
23907
8296
28064
1940
10127
26115
22443
8986
10568
16444
5659
16059
5845
26248
17823
31544
27009
6741
23035
5399
25679
26865
26715
21922
20714
17575
27622
5427
2267
14635
14487
12975
7934
16184
4168
9297
15671
29559
3600
1449
2657
13475
23503
18148
11399
27883
26119
24909
15191
2711
494
13588
14035
27631
14785
29774
22090
16984
13146
16190
17287
12481
25861
21971
5704
10557
3216
625
9202
19953
7329
8693
30594
22833
5196
27891
1479
20710
29925
26177
29135
2355
18963
4794
30111
14936
30758
24124
17190
11734
17579
20979
29044
18132
19773
32730
18984
27073
24734
18302
2855
1851
28166
22534
28820
20015
32442
4976
6908
18754
28129
14109
9680
27504
21139
28048
537
20467
20532
11635
26983
12647
16640
2522
32010
23595
28390
22476
25989
8202
20122
19712
1600
1307
28902
31716
6525
18405
7745
20707
18573
24775
20642
29928
5188
6808
32662
14622
8618
31882
29329
28667
16115
2900
3457
22396
13490
9616
19369
30898
14153
32609
23725
8317
3236
346
6121
21912
14887
3739
14855
28629
20196
30269
8401
13482
7698
5105
31043
7405
32186
25571
5093
10204
23988
3557
21336
24416
19154
11209
26926
29075
12891
20238
21759
895
31163
2496
22968
8489
15992
32409
23863
28366
21096
15468
26133
32620
18466
26820
11203
29828
9138
32200
27865
19230
913
8033
32682
31247
21972
19359
20764
17783
28067
27225
17847
27533
3309
20
12539
3743
13914
2086
22263
84
23425
14876
11287
21045
15196
15960
18238
20331
1272
5631
14868
17354
4721
14866
17314
13327
20510
13786
4380
27494
9225
16522
253
560
27042
6688
7257
16898
21940
12172
14959
2801
22167
18964
639
7693
17576
19959
16347
28971
30454
19536
15423
28648
4158
27710
5221
19946
6170
28482
15061
20073
13429
21736
7419
9454
5954
25002
7803
21339
29805
3345
24265
10540
5138
6941
31988
18428
21742
25831
19906
20811
13075
5253
14338
8574
9951
22574
11038
15399
28718
20638
25584
19847
8655
16060
29654
25938
309
13435
15881
20145
3695
19710
24362
10637
18523
12287
13086
10507
278
25713
27932
6995
22198
13924
30212
7830
9276
13354
1267
10063
32452
1720
9748
15305
4863
10574
9145
2273
30435
17499
1450
13325
17313
12187
6844
3741
3032
24450
16550
3649
520
16861
24081
11980
25417
19895
17134
8503
31293
19065
25356
27625
20035
4694
7914
24629
21229
21478
3786
2341
11189
5905
1030
30582
22507
2351
13479
3811
23282
21613
17716
14503
13484
1651
9416
7997
15923
19012
28519
22378
16074
31077
19090
6781
19731
18497
28697
30166
20610
4556
23345
5029
14097
1639
19398
244
13109
16900
5139
5352
5649
3466
25711
23875
6634
20347
2410
13358
12508
28628
20504
25398
11211
13108
1197
30612
19868
20801
16202
11185
7844
19015
29463
2537
5216
16419
29586
11407
24935
22112
25639
16178
414
23967
17920
9503
22187
20028
6174
26919
26796
22062
15785
23203
7976
32303
7812
31669
1605
10782
13861
9424
29756
30881
1188
378
8971
17934
5649
19024
4714
22156
5131
24651
17919
27509
5518
11587
13269
18431
8461
28081
30475
26908
5313
18361
6857
29854
26944
21352
4472
9119
593
30778
11315
11296
511
17375
9848
28144
20972
7742
6692
26320
22248
32443
28574
12756
706
1717
7762
5644
14430
9555
20833
26724
13832
10369
17558
17609
31240
24373
28061
25229
21879
12535
17775
2061
8529
20128
17937
24977
18891
24674
28798
16243
9190
21768
28386
32644
16708
13951
9992
9643
13882
10134
20758
26575
1576
28418
26232
12535
10757
13221
32026
24496
25918
19984
25306
17328
23745
21318
3389
7864
9300
15554
12640
11455
13868
20924
6194
30540
2235
13737
737
30756
14025
16385
13202
20261
28102
324
28245
3954
5727
6463
1624
26576
27471
17036
19291
10832
29304
14168
27491
30511
3122
21352
7347
3834
3299
5982
9208
4085
5328
28985
2756
8894
6706
28188
6717
23086
22925
14672
28183
19072
8253
3211
13247
7093
9553
30067
27097
6966
25757
5214
13293
4284
12299
14428
5725
23149
27442
31863
11931
5192
9514
19001
15256
20162
1182
25967
2688
6321
14882
25901
7076
24682
27847
15890
5048
28710
21741
16845
19774
2475
31065
14304
7746
25896
17032
29604
9800
5984
22594
2958
14467
8970
32114
5552
13895
14712
24116
3459
28097
28280
1072
18147
20710
25464
25895
4699
6313
11757
16331
30371
10353
31989
15060
9063
17866
16954
31312
330
30810
25114
7994
811
9752
12038
25935
7335
16312
13352
21277
479
4457
4937
12381
5243
3011
31217
13954
8687
6395
29136
12178
22268
21082
4188
30517
3194
10733
18876
4620
20822
23677
27365
20291
21975
16321
32515
10346
7205
16595
9242
21376
4619
9953
4845
15185
30716
28197
24095
20995
14676
20247
11416
29163
6625
17889
29482
16549
23714
11795
29044
18531
18382
18072
30215
15237
10776
12777
11720
5738
17714
18048
662
4998
16784
17296
19756
9653
3950
15859
24136
27855
22804
22883
8973
22653
27225
8686
26789
27979
12646
6564
812
24574
15548
20115
23497
31527
23161
3317
10782
760
15574
423
23779
2903
18421
24797
30157
29745
27866
25877
23733
17
13751
14921
28150
14577
26476
10601
18455
5968
23630
6152
7338
8068
31783
12374
2163
26962
30079
17742
14029
17852
7194
18224
21578
30490
4290
23602
5274
12140
5703
29042
20398
18671
14275
22576
31260
27886
9250
17210
31942
7387
25314
14503
12215
20894
17944
19400
31821
9517
15796
13148
27293
14941
28677
4099
7699
22264
15232
30454
1369
25615
1469
5364
16762
18577
31682
32128
2120
21021
10116
31305
1531
8213
32427
28394
538
17652
20118
9427
19359
4577
10655
4999
12374
16516
14752
30985
902
28440
7094
22160
30675
8897
10564
9602
20579
17440
21051
22688
11584
18981
27801
32126
30461
1829
7472
4663
11677
19501
15785
25438
7856
22165
25544
1592
18111
15320
28146
17192
25066
18339
14572
1130
28624
43
25317
7428
11951
17604
16311
31738
20940
15024
25194
8130
30486
31796
24569
24055
8198
15857
12121
21330
12745
24178
19128
4053
16545
5122
30211
21321
10889
11456
20138
28139
17688
5365
2215
6499
8871
6052
31933
24053
12982
3427
27645
22523
16780
28010
7311
29075
6942
29930
13231
25749
21810
22688
28918
6344
1220
13481
11995
12885
25257
11928
19577
25723
9074
32198
25747
23685
1683
19945
30165
22777
24773
12264
24668
16659
9640
3310
23673
20593
13485
20414
20146
11024
27955
14406
7434
28023
19952
3446
27011
3378
9107
8530
21984
7554
2727
23366
13487
19539
18619
15546
19335
11118
16576
5095
2703
6640
1714
20713
23871
25083
22139
12565
30827
24235
29204
13452
18813
15948
10989
4624
27394
13514
6799
7447
17000
12904
20096
21022
11013
29365
27494
32064
21084
30653
2928
12039
10652
17788
23538
29570
4202
29080
15951
32664
7392
23375
28700
18587
9430
8109
32386
14881
27744
7683
2276
32271
7575
8342
5826
2806
28061
32148
1246
27811
4827
17484
19869
31473
28813
19101
12463
29410
7041
11951
32242
9710
7195
8418
1940
13211
4509
2564
32633
334
6821
25031
17372
25697
9976
18802
24376
12917
5757
16086
16233
11274
18829
31620
26638
30029
1642
21565
9267
4400
22540
11434
31533
4800
18980
21325
27844
30900
9819
22968
14488
26433
5850
15613
13501
13366
21008
29285
30633
31044
13231
11365
22864
8349
26360
27597
3981
8130
1593
12611
27076
21653
21396
25328
28614
14518
28417
14969
26612
24332
11670
20273
2216
28578
30215
4237
22736
5557
18025
17624
988
5131
18235
24615
9435
29574
4006
18320
19680
32760
32516
21655
18603
1849
20384
11497
27013
3703
18108
16973
21868
29134
9689
3799
8816
8728
16690
24926
16733
29959
24458
20017
31642
15217
18215
6150
2129
4586
7199
9523
31952
8088
29650
21793
7216
14147
16824
18941
18996
3756
349
31408
9587
32
16809
8466
3258
2636
30053
22618
5036
595
11515
32730
10923
11294
7549
13801
32252
11508
6377
32544
20517
3146
23468
28105
21402
14044
21348
23956
18329
14332
17130
6028
23635
7466
26512
29258
8780
14310
935
17000
2308
12738
29253
12089
12503
9915
10309
16311
5154
14793
18062
13245
19367
22453
8601
32119
29235
7211
25133
28438
27518
3344
9069
28872
4690
8213
12821
21223
4591
16013
20737
4208
28335
15228
9967
5560
486
28656
14725
24410
27916
29076
6550
1396
18462
6018
9377
1811
3905
16729
32666
27115
5033
5263
12013
588
29625
9225
28609
30545
24171
13801
13945
22363
9715
7080
30337
20669
26015
20580
5959
25273
16130
20859
14983
6828
29265
25944
14284
12677
22029
17549
28980
7547
29154
22818
25971
27648
16592
2093
8986
30704
24200
14755
282
20495
9241
4718
16515
25010
30667
5312
31634
15292
21579
6822
1515
32204
19209
24288
8739
18357
1503
2032
12417
15663
3059
26993
15110
29132
19934
28586
682
20781
15630
26979
29161
22389
29288
9207
6270
11774
10290
3499
5231
75
2865
21054
3145
7486
9998
9666
7853
14475
29183
12714
27403
24685
15267
22563
6062
31640
813
16808
30969
25454
30916
26832
15856
28277
11818
6251
17914
32521
15004
4046
996
27214
22010
16747
4650
19305
12072
24485
23666
5872
436
11234
602
670
11961
15329
22387
5452
23811
10574
9357
29468
25715
24467
3638
14840
2213
31730
17533
571
18129
29648
24572
22445
15087
30036
4117
16053
24607
13873
32379
6602
12359
9408
3060
811
26366
12114
19038
28368
27561
5572
22512
10400
9955
31060
32707
740
18211
7858
17297
18684
14488
5723
12988
19024
21592
16162
12946
4490
2746
22287
7119
7171
3328
3693
20835
9594
14906
20767
13430
23564
21351
14899
6570
4192
15068
26042
9120
13859
17130
5334
9917
18612
20411
22548
31278
26656
20605
13308
23081
16976
21442
29671
16246
7297
15143
7953
20527
4341
21044
17391
19908
21736
19588
3523
9281
6854
28454
22637
32468
25755
26946
13956
1418
23243
8192
7589
10329
31491
29093
11531
7011
13167
13312
16992
26745
15918
29188
20691
14814
20739
11446
11883
16974
30029
9034
19355
26175
7225
26248
2326
2663
17206
15221
8164
11134
15529
4400
20406
9029
28898
3610
18295
16071
11087
30777
31779
2527
18416
31967
25052
29690
21771
7046
15163
12830
32033
14335
29412
556
19744
6092
13149
13154
10970
20170
12576
6179
4022
24339
23278
17659
23462
4130
25703
16606
21593
16696
24280
2736
9393
15103
21588
6155
28791
17517
6406
12604
20558
32492
18117
20110
18917
19896
5865
23244
6257
19592
3677
32513
22875
6512
12278
23426
28981
30214
10499
21038
15603
964
11302
17909
25432
8109
28258
29591
23214
8499
31348
18350
30394
89
20071
21999
4847
10005
30563
21933
11490
29176
8134
18334
766
9232
17269
10466
2937
21006
32373
22337
22406
2212
10677
2741
14029
12849
14894
2088
12056
32672
5678
29054
7247
22669
21745
22230
3238
5802
7282
27917
11541
4194
4480
3460
23049
14012
3604
25380
10329
19073
4578
26783
31355
27809
8494
7160
30200
3539
1505
2885
27933
380
9948
7860
4339
14290
27020
17356
32626
25409
20927
24053
498
3342
21430
8251
4066
23866
3195
13391
27068
6569
21621
21198
24632
8323
24633
12486
7105
25051
25507
26231
30757
7310
27430
13142
18576
25198
24416
17240
6075
10144
26353
22892
14433
24899
6798
841
14835
30546
16209
14955
5516
3532
31571
5720
10023
26898
14461
29736
18192
29072
10651
14148
6040
6815
9650
1902
23309
12458
19860
12290
26089
21136
12209
1147
330
6730
24112
28216
20898
14542
11071
1921
5552
2355
32679
26565
20911
24341
32675
1317
15053
5179
29170
20279
30430
6519
7467
26371
1106
3790
3921
6226
24164
9945
935
30761
12693
22891
23237
19600
13401
10613
22764
8599
30736
550
7831
12187
17975
28502
3922
30406
24032
13604
6863
13269
9567
2782
7223
4638
9287
32034
17342
16081
22933
15171
15994
16766
16938
21486
4213
15831
9087
9486
21761
696
28308
748
22859
2660
20265
23195
17715
20498
15153
21395
18011
7848
5764
13468
29054
15558
16084
4078
19972
6662
5090
31382
16339
24962
20465
21275
17255
5527
17531
23394
12325
6377
20260
10703
29932
18599
6892
13741
750
3089
424
720
23230
32055
8627
12408
28585
3843
31713
28537
21834
21625
11700
9113
27481
19774
7123
13370
31684
23383
8375
20537
32513
17972
5032
10517
31394
28397
15336
26964
11818
6603
1070
27170
543
28938
597
27708
28000
9437
10070
22540
17593
19635
11124
18709
10421
28089
2742
26770
1459
19104
9626
23386
23100
24736
23048
18183
14228
13757
10373
12887
12431
23625
14761
17619
10918
20394
22483
10670
17738
3677
12571
6639
19321
5435
30088
20947
25486
8187
9604
30060
29021
21241
9356
10383
24191
12853
25644
24045
15595
2463
15147
8576
30662
10898
15619
25129
1661
8862
9619
32407
22032
20362
11544
6506
23729
29849
22618
30872
2957
13581
6435
29712
4842
6122
21237
14238
11378
30972
6140
23567
24526
2843
12866
7061
30071
20398
19746
9581
3017
10094
21247
21694
602
24685
21302
20165
12169
25942
1104
19503
5210
29174
13949
4550
641
28923
19006
23632
26812
26364
32609
17332
14694
3770
12338
22879
8010
2726
19696
1510
29877
20387
11134
27117
12495
11532
32603
17991
16170
5625
3540
12127
30108
4030
29304
4054
7242
27061
1997
15981
15366
8766
18497
11046
9947
7427
15203
26534
28389
3713
17235
3806
16230
16580
24183
20458
19479
5489
12656
8249
19132
26890
27981
22767
11003
15214
26110
17287
110
16799
27915
22973
21239
17608
17542
15531
18772
29311
15934
10034
25075
583
23349
24475
11783
21593
32596
27774
17115
28068
3422
4323
21862
29970
32547
21416
13345
5645
19958
5667
4885
27714
16224
32263
24120
23716
27158
13964
1529
32692
1833
19658
31258
256
25469
11110
18110
6122
1404
31089
1987
32171
23307
24717
9809
1176
957
32338
5299
13475
2887
1264
31846
4388
10293
20245
4720
27610
21211
27409
1523
26924
18573
24888
15618
6581
20243
14727
21427
19712
19543
1163
4470
400
1633
27519
18597
5668
8069
2997
21596
8249
8923
8503
10378
3023
13552
17581
10312
26736
15547
16513
13930
1903
6355
16706
13396
20334
13535
25926
25360
26914
4941
28564
23197
10587
8007
8704
2953
23614
23266
664
32450
21973
15769
4159
18345
27595
22267
10904
23656
15472
2464
12582
18565
26371
29281
7601
28088
6449
20424
7659
18170
5593
32198
28755
25055
6418
22948
2138
549
15727
8764
15812
9101
18050
10345
2898
19945
29854
25532
8350
28535
17889
16241
19270
12653
18546
13217
31564
31445
25096
32441
26301
5531
12460
4906
4241
10725
26815
3426
14035
930
21566
17916
27650
22118
22341
21555
24502
29557
7634
5277
6790
9758
22220
2070
12586
10826
8260
7929
13021
29012
2298
17559
22277
10523
19235
16097
11798
14678
9321
13928
22964
11048
28468
31368
4120
12021
24872
21983
28340
13427
4847
1796
24602
18692
13624
12662
6426
12355
5887
23251
28970
27356
24847
18507
6668
8098
10950
20563
31402
6875
19481
29854
12613
22494
4311
22601
206
18657
12594
26198
11668
20748
13179
15451
3360
9426
6957
11643
19805
1152
2349
29078
14077
1302
12624
21693
28439
23383
18718
31465
31765
23836
21462
3052
4557
11501
28594
23463
26862
17362
2155
25214
9630
19815
4864
6665
4449
2607
14004
4620
11325
11306
1877
20906
22812
25002
13508
22741
10609
610
21426
22025
3102
4800
9128
25658
25494
4477
30282
25867
18238
17266
7132
19264
29722
29101
30981
26998
12453
19908
10707
6417
10240
28777
22016
19831
79
9791
6772
26492
12385
32492
11274
23836
22671
21104
6039
2416
8934
12469
17193
14555
28296
28518
5260
17797
19023
18949
24851
22538
692
18488
2708
8307
18159
24164
28085
7013
10592
31869
1382
14232
32558
32541
26543
28555
25390
14035
32684
11126
24582
31165
10454
32641
1426
29529
3971
6707
28038
9880
31409
30509
29525
22068
25343
10776
9042
18244
31484
21980
9493
4622
3236
9234
9505
29980
20520
20669
452
24210
8174
7732
16190
8126
11737
17763
1829
32497
7626
13875
14087
7053
10599
15431
16978
22624
12571
23529
27505
16432
24157
31556
6200
6295
15158
11219
17794
5906
25341
10265
24088
27732
12390
22931
30933
6624
3259
31467
16904
17878
17512
10862
5146
269
1213
192
881
13155
26352
32718
24979
8785
11361
28165
31631
17859
4130
29122
6041
24358
20919
265
30196
1730
23834
31097
22805
9034
13315
29823
22789
32689
31845
11211
1543
29504
22588
512
7803
20454
27270
944
23554
2767
11663
29831
7139
21303
32370
15558
26285
2945
477
19187
6942
22659
17940
15823
16452
15141
17977
27273
17122
26666
13002
4913
8725
21069
9067
24943
20279
6800
5606
31093
17668
23249
24176
14642
6651
32414
27950
30665
4615
7754
3319
22849
29535
4160
32604
2686
8875
9368
6629
31088
19048
16104
18590
23946
4493
16989
6610
9334
9583
1034
14103
5895
6882
14207
28554
19055
27297
2462
14172
12722
3312
23978
16526
25434
30847
24737
4344
26477
2194
26316
14736
8604
3679
18324
4841
11197
4535
11159
8954
13435
1257
251
4129
13900
28644
2562
17768
6820
22171
14815
11270
7529
24238
21449
7721
1190
30790
77
30450
131
3648
19688
25537
18293
399
18901
23220
17074
29659
14884
23146
24296
9582
2572
22285
21806
27217
32642
30863
59
31410
22794
3635
4565
8841
20174
23376
15501
5244
10733
8530
9642
25599
26133
2817
13155
27327
4436
23814
2897
7489
24107
4010
21795
4806
7141
13794
5524
17523
2342
21897
13722
18350
13511
5356
2528
1995
24801
24971
28279
17128
7208
29726
19145
19989
1403
21975
4558
25785
28089
19175
4738
1841
19413
17987
11414
11449
14125
19112
15717
19600
23575
23772
22827
599
7869
27448
9329
20922
24620
20067
25036
19795
6567
18272
1991
9419
16961
7883
29470
24131
12971
18783
2349
16114
31562
13756
24231
9999
24716
10087
13963
25841
29053
17171
27988
17269
27797
12319
9329
22432
26324
29535
16884
20869
26898
26399
6286
21609
30608
29797
19387
6694
14290
29047
17466
26061
10417
18845
18624
2447
8364
21032
3821
990
1663
28851
22655
30671
30711
30377
28870
1219
21252
22024
7768
16710
21776
4964
23813
23863
17551
6446
29709
12074
22743
20534
15505
12554
21554
8559
11336
12291
1074
17650
30835
13214
7237
582
25875
24622
7817
17887
5209
22636
18146
12260
27230
25182
11337
54
22804
21373
3175
941
10365
2070
30050
26277
3866
27121
16887
4281
11943
18993
7113
28110
18693
4731
30712
18516
16760
4442
16886
6344
15890
26082
10390
28285
32111
20116
16742
21917
13475
24450
30271
24170
2417
25524
28954
10698
31934
28105
31269
7939
22852
23521
31767
11971
31371
21179
8896
18275
21
29723
18404
24172
16601
21615
8777
13147
4852
29617
27407
12193
15258
15759
27968
2030
6994
21706
13224
687
27235
11740
18663
2006
6537
15581
15812
24025
10989
15015
27076
14333
5972
17721
6652
31188
5015
24409
8739
21508
19027
4990
1003
7755
24033
15852
8337
4800
18057
16929
10419
20060
24818
12144
15971
15032
16605
6380
32121
17688
7187
9351
24109
1705
24988
5499
9701
16903
20786
21993
23115
23042
9974
17344
27299
9634
12129
17633
860
17769
22396
26241
16356
24023
3412
3022
11969
23348
1192
28629
23518
8841
13286
32419
21794
21488
7510
18858
23879
525
14484
7015
16618
733
4163
28226
478
15790
26624
19126
19654
6767
32405
20657
27875
30250
16495
28734
12842
16591
32339
5473
32154
10291
31820
19266
26572
29784
27880
6798
13772
30959
11427
10011
4135
16411
20900
20683
12357
21112
25511
23474
30713
16476
20539
25467
10071
20573
28461
7687
9414
30483
11076
12632
2902
31775
9006
8366
29523
28779
22203
5359
10522
22964
13385
1100
17963
14150
6784
32034
24704
17415
8767
6174
17437
6583
17621
21925
27369
6518
12917
27251
9916
15751
27876
16258
12729
14419
31349
10541
6366
1201
17719
6549
13529
19300
31341
21060
9501
16869
32318
22800
310
26212
18350
13378
13401
15625
14541
12792
14144
29311
18222
16072
7221
1971
2203
4006
8556
27353
30727
8968
15765
8625
1732
23880
23218
26888
19959
17481
13094
28033
29768
7773
1295
405
7134
30822
4054
29913
27786
22332
4101
28799
3650
6223
11608
32032
10194
17806
3862
5561
13774
24711
2721
27635
19915
26831
8268
16807
8654
8612
14958
31649
22533
23249
25269
20900
2741
16594
25020
16303
1140
30777
31967
7295
3224
2128
17998
31061
22511
22784
13152
12025
29105
18417
27946
15359
12466
6387
3921
22601
3292
17821
18716
25037
26845
28723
5325
1688
9245
32205
31026
20499
2291
7094
2423
29574
27416
13331
5950
3034
2652
5573
19185
8355
3479
21392
5719
7774
10723
7804
13670
9206
18952
8059
12633
18830
19000
5197
6658
17530
7165
13217
26976
3214
26223
7293
17780
26268
30378
21727
5201
30776
5247
7077
5747
18622
3946
4522
31569
21399
6084
32306
9269
4023
14394
12936
2380
4202
894
20709
29945
9041
19004
31380
2415
4007
27984
10580
17535
23241
8246
14334
30126
13814
12226
24167
23179
31059
8465
9352
21824
20530
15551
4316
29030
31379
23130
5642
11038
18411
23
964
11357
12069
10948
32495
29831
10215
20990
17668
7744
10518
31908
16054
14207
28828
31116
9685
24547
30825
4212
17010
8523
15543
16187
836
13985
14227
22353
30026
13558
13721
3948
24242
19156
26623
23932
250
2511
22485
11490
18005
28254
7818
17628
24144
6633
1971
29508
3509
29475
8
20347
13743
8346
30127
10656
22064
4493
3518
31237
3984
2301
21243
25827
26487
24326
16870
9804
21756
27760
22009
31330
22542
21634
31790
21959
8211
8470
3778
596
1488
25843
15928
29710
23689
22614
2978
27221
24169
9170
14364
12639
14372
19802
19865
6117
30682
31645
9442
27932
25407
914
3291
6887
30969
29779
30472
12363
8521
5422
19793
28707
20974
2553
21762
14357
10566
4519
17174
21444
17591
4889
26037
4167
22093
27702
1787
9179
15780
14142
27899
15828
10249
31323
6916
21210
31708
30074
14371
31057
4920
600
16104
27161
2519
15072
23149
31096
8751
22964
5269
7252
1505
2314
14738
19878
25940
5049
5290
26667
15005
11411
27194
18525
13219
16374
21243
19105
1920
926
23684
31170
15146
14525
4880
414
6482
21582
22658
14879
24972
422
11430
24173
29361
13132
19130
17506
29825
13834
16429
10303
17549
31300
24742
24733
10837
1929
15176
3750
5805
20072
30005
7812
29285
19589
11600
11290
16424
14060
19784
8178
5541
7844
27602
6263
12269
17288
9269
29541
10012
2386
1804
2941
1340
17145
2119
32381
17510
18493
3700
3919
30762
2431
1853
30849
9778
5591
9521
17141
4641
18273
10951
29914
193
2519
26271
11482
13918
28517
17676
32149
13421
1976
6864
7503
31346
11609
3366
15845
20000
15673
15110
8454
20161
27789
2980
15519
22488
12507
17978
919
30469
28245
22279
9917
31018
24679
26007
25087
21196
28812
8262
10716
26556
28517
24832
19740
30198
25612
3914
24254
10185
26022
25478
31794
4408
13111
28530
17352
7329
32187
4083
3945
10908
6258
11281
18309
26918
891
25922
25164
9727
1188
7403
25377
8272
17025
29476
28235
7569
5563
8892
17646
17834
1195
24188
15674
2648
7463
5040
2787
7635
8348
13796
27601
15534
13917
30700
3352
20222
6203
5671
15402
9406
27990
5636
14412
20850
18227
7876
14406
27403
29966
20354
30815
12299
8561
13937
25736
22761
28165
19814
13016
6327
425
8086
568
4354
15553
31904
20832
15610
2000
23758
25090
6098
28746
23191
23620
618
1955
25961
18036
11308
14508
4518
9463
820
1823
10733
22147
28595
28024
26010
143
24213
19719
26768
8199
24417
9284
28726
4675
22881
32610
20927
10810
7172
22311
11695
9715
20096
20986
31898
6205
699
6974
22831
6816
28524
17630
11126
23443
5501
26409
6486
23791
21685
29409
24666
30372
13203
27022
31925
29099
24189
28696
16771
20284
8730
28565
18001
4160
25852
14432
19936
4361
25730
23403
2598
19777
14588
11734
24982
8224
25873
10944
6561
21730
29790
10077
2685
7033
28000
3400
16421
13695
6804
3867
11425
28526
28380
2878
20359
14867
2341
4348
30402
30784
6983
15324
31890
21698
14380
22830
9940
13458
19765
3044
2948
6480
19161
25251
7808
2028
16528
5146
19598
18343
28655
21907
18337
3386
6932
32711
26712
26196
4676
30199
18632
31050
17619
824
31867
27914
22852
8719
2488
3410
4274
25149
2053
32543
31087
24796
2027
6503
13546
1707
10233
13834
21718
167
31500
3847
5000
9947
9165
31723
27553
17784
18810
9104
21230
31784
18922
30211
7308
10144
19659
710
18000
2420
7215
32568
13669
8752
26183
4433
9783
29092
19565
12946
21392
4479
25448
16188
6401
24096
2284
1473
5252
8616
12897
27256
2911
30036
6373
29588
5708
19722
26260
20823
22742
24881
18695
13955
18438
27334
3354
5394
17471
26028
10227
4902
2663
19780
20800
19523
16455
1854
4799
12988
8245
28847
28932
9579
2032
16739
4471
3493
28363
14708
412
6509
1806
19739
919
26088
3737
17095
1007
11794
4810
30572
7314
20910
11169
15646
18713
18563
29218
2014
12366
21957
13819
23732
9963
4050
13927
14078
20389
4127
25170
22535
31849
24433
25534
13531
13542
29264
31333
30298
1611
18872
27040
16268
82
3091
32135
11828
893
10852
27482
18856
17567
26053
4384
21471
10655
18707
22669
12492
25465
27368
16681
22506
27013
3017
21935
1049
14844
25761
4275
5544
952
14702
29832
23219
7483
1083
23137
12719
27891
19534
15542
14915
9917
32162
234
2137
679
21656
1066
3446
20730
12777
28568
11334
3960
27359
6057
10876
25570
27077
27339
29913
8125
12956
13132
27017
12630
8207
12407
7350
9732
27817
19200
19288
8621
23622
26786
28746
28555
6599
8966
12195
4144
7434
26087
3139
26824
11546
14452
7084
30623
21154
13813
11284
12771
20136
31154
4280
28330
26999
528
2162
822
11741
20222
29326
29816
25751
16271
17882
25044
25610
29416
32252
3364
2100
12381
29448
9215
26337
6871
20306
11835
5154
13177
6017
17840
2811
28547
30949
31551
3676
25974
21003
3348
5714
21881
10638
21031
7551
4347
1839
32521
25288
1434
25384
10205
29517
28483
8126
9124
4254
30107
16662
13503
18220
14494
22345
6830
18685
4230
20154
28958
24740
1263
6824
35
4209
16184
28159
25026
12773
31788
30324
8370
10600
16610
19920
13411
574
22241
5516
32320
1720
21384
28831
11314
10407
11950
20372
9317
19990
11397
17119
24142
22073
7876
18289
19693
27296
16645
16778
15951
28848
13419
6607
21592
12116
24201
12444
31423
31984
12159
7067
32346
2455
4966
24982
10652
6525
4847
10377
2652
17327
26438
2556
17623
2305
1341
399
6137
22344
25510
10711
30424
19658
256
15208
23426
20467
27735
563
14072
20298
21861
15635
8826
15779
26621
7074
13829
7829
30378
20049
10267
14126
14483
23736
6850
14054
7841
13866
14799
27858
996
12429
3684
23834
15667
26984
11192
19117
19475
15678
6422
2355
14555
18715
7465
11076
22549
10860
20086
24791
32550
28947
3370
6653
27698
30651
18966
16847
25914
5737
16120
9636
21127
25428
31740
23688
22604
30199
28290
17130
13191
24676
17698
24213
24104
21211
21741
16098
15989
7579
25590
11563
26029
1272
32018
16770
8683
7086
12507
12195
26446
6005
26619
24616
21591
21462
10919
10748
21906
30524
361
16402
11385
28238
21283
10071
23957
12668
25681
18661
18918
2264
23438
29817
30597
16936
28506
26407
19848
3385
8474
10828
18214
29302
10592
24261
25116
6072
31085
18526
19534
18272
30196
11661
5298
28068
20257
24417
25450
38
6618
32181
32048
971
3653
19369
5623
9418
3978
10323
14031
5379
24794
32689
15114
9363
11184
18402
10397
18597
15190
24214
26569
1162
4524
23236
7674
26893
14629
9883
12271
7680
30738
30138
12059
10779
18723
27555
13899
27911
15658
1645
31114
32693
10787
8634
3393
28404
19314
9705
10403
1091
14187
14221
26440
4323
19991
31517
19992
28465
1333
16621
5995
11827
13696
11612
2671
7025
19760
12623
25033
7942
3011
26335
1407
7670
11005
9807
7189
22210
6446
26433
14070
27706
10419
16937
7702
4755
22719
9729
32470
4793
7004
5695
552
6118
15532
1284
3571
31604
20341
7574
13753
752
17116
4880
7799
17519
1393
18264
22988
9509
22892
24146
31838
9779
15926
4435
29562
29633
4908
22233
24058
27213
22431
12921
27756
1602
11295
16664
3184
29133
30969
21854
25442
9452
24062
14440
23609
19400
20358
25277
19631
26436
1205
16772
30115
23510
6909
23540
25275
25238
4836
27915
27981
4244
2568
17795
26240
26735
22112
2562
11438
10787
26308
8593
12301
21795
3248
26703
10895
4264
4933
31334
3846
28232
18320
11071
29580
15050
22031
31986
31522
20793
8561
11265
663
9271
30366
9029
5292
29076
16887
27688
26997
21535
10719
28437
29954
10172
12922
6189
18751
29623
20148
13372
20249
20312
646
6635
6882
29880
31349
29495
24567
30162
15451
15137
18336
18397
21865
17319
12087
6362
10605
22516
4493
9065
18257
20180
8073
29920
26340
8554
19474
22942
29662
23077
20271
25501
18974
28656
25709
16199
1845
25001
18562
19083
5416
9685
14895
8751
21106
17042
619
6504
31561
8652
18365
20392
14370
30132
12522
22711
30071
16750
6864
11013
26824
23050
26002
18495
26336
29622
7413
21536
28505
3890
10
3466
4450
23428
11278
24021
3520
24556
28302
29287
23059
538
718
5252
26971
15519
15980
13160
23994
6562
28993
21651
1916
17876
31880
24165
21844
20390
25922
28906
6632
26297
26073
16631
19088
12181
17155
10614
7003
32671
26601
26366
7252
5445
3465
12711
15363
8316
29016
10524
21302
12140
24364
18161
7681
21353
4698
19255
17923
4646
12827
22350
25067
30501
27957
11003
3643
22898
30935
14266
844
10641
30404
32342
19602
23477
1715
27318
1314
16947
1782
8698
15729
27701
18523
30407
28255
23731
14672
30686
7540
11679
19530
19700
5737
29536
7527
21950
24042
29826
6994
16203
16794
2476
14183
918
10584
14802
24855
1884
3521
26283
20622
18987
14325
7526
25748
23740
11934
24473
6065
4482
29743
30842
20629
7043
31338
12881
4534
3943
28453
45
19515
31438
17997
28630
23065
1511
9515
30724
25468
21311
4838
30414
13160
4566
4682
29797
16288
30072
2247
32258
26567
2378
5821
11549
12229
4260
17655
12000
31084
27166
11125
24539
348
10478
30062
20473
8995
22641
26261
17075
10409
7687
17820
32643
10444
11556
20470
1692
14663
16804
6882
32216
30680
5215
1445
27122
11938
32254
8470
2037
6096
15373
12384
23284
1147
3153
9988
16892
27341
4699
18461
10823
8039
15197
19176
12722
15873
5181
10371
19825
1360
17896
30453
18690
10797
11241
30063
12639
26099
14650
11730
120
17449
8025
20336
7392
29537
27551
10007
455
7519
3790
22604
9000
2686
745
15316
25155
5200
840
1913
9806
11141
2795
8970
28008
29966
3343
20132
27086
17026
7167
32304
32593
27072
29229
3629
13576
16342
4481
13744
28482
15137
27889
22952
1470
182
20562
9575
2591
24833
31341
3166
21146
1964
7510
6440
7410
25282
14585
11723
23974
1301
1014
6458
3945
2013
22191
9758
5842
12193
19614
1749
3669
22619
4077
17083
3698
27863
832
2217
17964
27996
15830
2748
30653
18830
3536
18264
11656
4499
29904
25452
15183
17013
21190
31223
24486
12743
13063
1227
6567
23692
28576
17041
1768
7508
7913
15885
23978
3496
32605
23203
22355
5800
21928
2586
7967
29939
28930
4001
6418
13255
18876
29711
5425
25450
28184
3951
17137
3784
12638
19388
30960
13405
20780
1257
9443
18005
1294
10788
30671
30194
11342
1116
8829
20015
3598
17921
13864
24995
24467
18443
32120
4007
1252
6205
25012
9403
16276
15531
12339
23078
16348
20602
21523
30941
19437
24039
22574
9126
29059
6538
17738
3197
30142
25308
12432
6455
30510
11768
3648
15205
30252
15006
7330
32635
14193
15485
31552
5938
13537
22706
16978
25386
4264
7308
11898
16340
16008
20882
13489
6543
22385
21191
4737
3089
19283
18220
11894
4361
25904
25991
23759
514
21877
9571
23672
29067
13962
344
8253
8085
16296
11916
14392
3356
6635
28026
28555
29450
2984
22514
29269
8280
28160
20577
4062
886
8373
30291
27925
25325
28733
17462
15165
2371
8725
14945
18147
26654
7000
15189
29459
30381
21904
32066
29899
20292
5580
13517
25264
20550
6643
23824
27904
17480
12375
16610
20936
21875
28045
10585
24919
20522
29821
21902
9970
30957
1205
8096
2505
31102
17155
29436
31274
10562
28738
30683
32501
13545
628
6156
14160
26962
21521
16627
9371
9640
23967
1746
20647
14546
11651
3399
9250
11786
4631
22806
342
19659
10748
28457
30484
20465
20146
25813
8170
6172
3429
17759
412
23893
8714
28863
210
9204
10411
22435
15631
30912
30975
14519
26850
14425
24638
17188
29280
26067
11571
16982
4049
21668
17043
14083
1194
10688
9101
361
12988
30722
11938
215
19370
31694
31415
19566
13984
14837
2665
26921
32322
1496
18848
8475
23267
13009
2407
24568
11512
29902
28155
14551
31692
13375
801
31030
19573
22835
27325
27967
25862
20925
22945
14666
20486
22429
22179
27810
13345
14620
28658
12684
21534
10552
23210
16005
19217
23297
12453
27852
22738
27715
16533
6176
21165
25445
9295
11211
3163
17553
4458
223
19761
534
6153
29120
9624
19466
17397
18146
14525
819
21487
24788
20106
21288
31556
17278
16852
14259
24993
26279
7894
29050
21801
28602
1502
11742
25285
14537
9798
26148
18619
18642
26022
14802
30595
8513
1864
18524
5334
1207
26588
19968
13575
6922
8557
2031
16022
5773
11156
9133
11267
16017
19436
15802
8160
811
27333
13170
32554
32312
8221
19506
1497
1439
3276
32188
2486
13014
21502
20445
24429
936
18662
9037
5603
30773
9393
24534
31689
21050
22713
19896
9074
22930
20732
7757
22753
18941
15052
26601
15911
20001
9160
6404
492
11214
1290
9883
25675
1414
3746
31187
32227
21821
18243
24800
32042
1117
21565
1829
19973
17677
32171
14492
24470
4275
17134
29817
31829
28599
4954
4874
26723
28299
32558
738
14875
25576
29898
24886
8425
27738
24092
29063
3679
16126
12892
14465
30085
16266
20473
15908
5233
29071
13011
15137
31768
12539
23210
13703
19044
21474
30166
20638
19079
6526
9273
21523
28558
2676
26227
11862
23865
11864
3412
30273
29450
14964
15767
12282
3484
7621
23501
22810
29238
3655
29847
15
6304
31603
29976
27327
18229
2565
18346
4205
13626
32002
10448
27361
10094
12282
18541
25283
15074
1674
2867
23369
21003
29990
93
8466
22550
1813
24481
16465
20091
1469
9056
1581
22741
9505
4897
12648
15089
22952
21053
5695
32037
15136
18139
14738
10979
6402
27935
10053
24461
9208
27295
2022
5515
20636
30231
14736
27548
22403
26461
28687
21609
30330
919
8260
25696
22287
22955
15051
12735
15956
17143
31196
31471
27103
23619
18031
1812
15893
2803
30884
29922
10665
25217
30561
27570
25183
32299
31549
25301
24342
8937
30877
29480
13061
15778
29980
26344
11845
4511
19505
31688
26511
11072
9996
2881
4936
27374
11200
3370
19386
15440
10151
10376
11941
19906
14594
18087
29686
23555
15329
23658
25046
26157
32323
24031
16870
24043
32637
4118
15305
10214
16096
11572
14564
128
23958
3779
13665
6341
6093
21068
8826
32670
22808
11304
15860
11080
28689
23699
745
14085
9540
31490
6091
10514
14664
2999
23974
21720
3631
5010
1189
11622
33
7722
18904
7199
12611
27164
16948
12208
19677
12195
22236
14150
1469
13673
22175
7677
21462
10141
16577
6811
13613
25926
11518
1918
30198
14295
29900
30419
17401
10499
481
22281
4411
27346
26101
15237
2523
1525
8137
7576
8506
16983
12648
10670
31326
32244
27564
27848
12185
26094
4869
30252
15717
17885
16758
16730
5267
24935
10720
31811
6053
3090
8323
32182
1912
29525
3266
27
8998
20213
10278
29795
32554
27535
11942
319
22469
17264
25638
656
25249
6573
4925
7455
25525
19313
26939
14991
2408
19345
21355
400
21497
31846
16789
7765
3102
23515
29127
28487
3307
13765
10581
27131
25846
20595
32543
19553
4793
18310
6930
28223
24631
2307
3826
18142
8675
10407
11350
31492
23741
32123
31732
1825
6078
15784
14878
22989
23670
3211
31885
29298
10996
12044
25950
22598
25830
23084
1882
32125
29697
20446
24442
25276
12195
15896
1962
3792
17847
5161
1742
11936
10970
16973
25091
29024
21947
6015
21287
29960
18888
12686
18587
22277
13575
13171
4679
15662
9537
13794
24543
27385
6246
9759
29797
14063
27693
1811
13040
29789
28923
18591
26795
9549
9222
10544
30752
2228
21690
21908
18871
22765
14684
15116
9593
20070
14061
16290
23066
15002
24657
21692
21815
20287
28848
6130
4316
26048
17693
30237
31305
23277
6517
1200
13814
21234
3210
1356
25812
31109
12161
18318
20182
4708
9337
23852
5808
28159
4206
21568
23263
5745
25692
27619
26601
18613
16807
30462
24550
3607
32186
24925
31551
2536
2286
2821
18102
20342
15534
28104
678
21564
21722
16662
1932
21077
6248
4118
21447
12087
30033
30197
9884
15005
5035
29823
19581
22981
9234
6380
139
29404
27981
25340
1881
11447
23855
8774
26355
22211
8378
15820
24607
3391
1931
6612
3298
28072
13938
4083
18502
28533
28000
11627
17243
13573
25734
11191
27516
26838
1211
22371
1491
31479
32542
22817
9248
21184
2045
5402
22197
18624
14582
5250
16325
31991
24156
11631
27615
23877
13277
23787
5046
28707
21601
1863
11043
14225
24884
4787
24941
16463
9320
4108
30407
12624
12917
26101
2842
28524
20259
12841
18949
10581
6570
21776
6179
24524
17431
23440
9612
15893
23025
15141
2462
22184
23069
5172
19453
6185
10239
28316
32472
3738
6114
9359
20078
17616
6810
28576
10705
23075
19559
19484
26858
8298
27421
9886
5054
22055
30594
2014
12015
20734
1528
13002
12678
11372
604
26840
2031
20661
27437
18586
18501
26142
18417
31379
31697
2141
24276
8265
8653
20046
28051
14747
20333
31207
27032
29781
4384
25710
2919
6658
28947
31465
10552
4097
18166
24279
9445
7643
13572
32541
28935
28116
30269
15683
29020
31680
25078
29408
14957
26136
18580
27475
29805
21837
3477
9652
25955
27996
8912
29451
26252
32163
18685
17599
18682
25331
14711
16209
28034
20454
7489
25929
5077
28531
30023
28273
9453
5567
22503
8002
31915
29494
10160
13468
30398
32219
10090
14266
17094
1244
3926
20068
17337
8810
1975
23398
32390
32711
11408
834
23545
8097
32432
26914
16863
8862
26092
14352
18282
14904
10412
19561
2263
15819
31913
4495
24141
5612
5364
26591
31241
29181
20795
9955
12728
31742
29256
4040
30500
32422
30666
17426
17427
12723
2904
5262
32108
8318
7347
15496
4508
24274
4939
23871
22072
32766
14597
19862
26852
1065
16956
4620
6003
12262
5894
4334
4944
521
16824
22220
29724
15288
9900
32553
19864
11973
26945
5494
23750
17979
8740
578
4171
32054
19150
22699
28696
14328
590
6168
10313
13114
3913
13866
15181
32192
17215
1263
8008
12336
8975
18777
19125
22308
30910
5615
29776
17278
12916
15811
2611
13564
12999
29604
9279
4876
30268
27028
30141
10209
12811
1149
581
4550
20515
30751
6623
24242
27758
24397
24681
1565
14166
9305
25657
13587
24968
19917
2051
8327
29944
859
17404
20969
16165
24343
575
8699
12446
24292
6768
21984
21957
2604
12448
4725
19667
8149
31601
6629
23836
24688
13691
1912
5013
18611
15854
32172
2195
20521
11384
31367
13013
40
23657
17963
27589
30468
13077
12203
2299
11138
9593
3101
12035
1167
16674
11249
16736
6450
15435
14977
5072
11456
20806
15336
16594
15183
26909
7448
18790
10860
22904
2599
25108
29201
14785
32490
4399
20945
4999
17861
603
26198
29216
22721
13133
13069
5523
22751
24018
29728
19637
4013
17171
19621
14993
12054
15383
9493
2829
17278
13193
19967
23243
3087
27836
15101
22094
11597
15340
27112
21598
29169
5063
19016
28589
3572
3115
14606
25530
6122
17970
25734
12534
11409
20844
11399
19494
28842
30315
21229
23816
25863
2693
4168
20537
16614
12501
24790
16470
18045
11395
7599
31329
17878
10309
13888
8551
16861
5926
7674
13664
27576
4743
16971
343
26710
22883
7374
13515
5195
21719
13759
11348
14811
17889
10929
11658
27988
104
3459
6690
930
22396
12176
24154
22301
7904
11558
7832
20133
26053
19770
26701
23281
20185
2393
27168
24100
10624
20962
30537
12705
12385
25203
23098
15905
4389
15009
14981
23043
8571
3820
6650
25059
25952
17905
11535
16237
19101
21986
4742
21107
15761
5684
11849
28734
31536
22935
11161
27938
17484
25643
27239
25685
22036
4593
23554
12802
19418
16768
4851
21400
19993
22265
2597
8808
12982
27452
26442
7279
29318
31580
15481
12144
6161
11345
3356
14919
2965
30445
6665
14457
24654
20498
14575
19471
1781
8481
15092
6565
2439
9397
9884
10942
13383
31634
18669
19034
20486
3544
25041
4043
20898
3197
28603
3012
8909
9977
24205
19379
26639
18755
7610
10064
26638
30205
24999
3190
30734
4331
5208
15667
4532
11690
14664
13339
30223
13983
18584
8929
473
45
17772
16168
5881
7211
5011
20886
16205
405
20582
15146
27815
23681
13042
25808
31253
6741
14169
19763
21094
1592
6517
10451
24553
2502
25279
18519
10616
26120
3951
14628
16565
30883
3813
21550
26004
24911
9032
12046
794
7051
25709
9046
26980
24720
27130
24609
26858
25987
24779
14830
13061
18926
3988
11438
9135
19057
3784
17435
22666
2997
14266
24140
14629
4514
3843
31878
21626
14034
11811
5718
14267
14405
28779
8924
8782
10582
26394
19562
15126
25581
22726
590
10996
18679
20477
23787
16525
25875
32045
2063
334
19854
28609
10112
19374
18834
27277
27096
28339
7066
22380
15763
23224
32553
7719
23655
20333
11964
25241
8404
11039
1533
28177
23035
16186
5177
18424
4531
19980
13076
16820
30938
5579
30076
31179
28137
3290
731
6732
20939
13128
12945
22123
7920
7578
31649
27499
30365
7370
3242
10433
6278
10127
8218
17270
30878
26847
24734
30925
26414
6066
29149
17446
32548
31754
29029
11298
20142
17712
997
27400
28168
5440
17054
30311
30867
26087
7444
10749
7206
10860
777
6616
12968
21229
27307
20411
6623
5356
1805
30659
15747
7434
17108
16458
1943
3601
21299
28940
11001
28984
30489
32136
31799
31651
13992
5802
19620
19754
14058
32678
31659
3163
30143
10791
12900
962
538
23977
32101
9320
1133
28195
14555
4505
11106
17898
729
6634
20684
18130
10223
16763
27357
18070
15871
16762
7577
10874
24908
8424
138
26158
18388
19104
27830
25078
7904
17557
26318
3080
26329
27739
31144
6453
16733
23785
5359
14540
26002
24989
17434
16316
11962
6784
20890
3832
30984
13772
10840
14624
16562
25259
5470
11101
14152
24898
5076
23949
17220
21486
32047
19872
7650
13773
11173
19009
818
6785
19684
20665
10347
6960
11011
529
27778
5327
441
29559
30459
7073
13261
24036
14592
18426
29901
28923
1200
16457
15107
19763
11961
9301
3493
26936
28201
15815
844
26255
28289
6633
1191
6521
18443
28845
10097
18459
21102
31985
13728
25819
1408
10753
13536
18445
23643
14942
575
11471
28339
19390
22058
30001
13415
23635
17560
31130
10069
13648
3461
26471
14195
24234
20898
29396
17692
27
32587
24608
5543
21357
3001
10220
30270
3061
19577
15077
237
22366
1308
10402
14330
23464
32049
11727
27509
22127
12912
28044
7439
16753
31544
23056
22064
8267
11580
4242
9283
23427
7289
11369
12117
19659
1643
21874
7902
24708
15744
3506
16606
28802
10445
572
10028
15375
27647
25429
12043
8498
19349
2007
9983
31537
8525
24531
1759
19028
29916
31354
28202
2284
3298
9022
23710
20884
3101
23092
22791
15031
28381
11197
31318
2898
31928
11109
1778
11515
638
5643
7763
32547
26736
24387
8396
28568
30892
11768
18856
31821
27116
3158
12153
606
624
20198
7853
32335
26425
30459
610
8597
27512
5198
20348
24919
29766
27109
9716
25205
17557
23097
7282
26314
17767
24215
27167
8110
7742
3527
25268
2495
12755
30188
30936
13794
21258
19883
15016
9092
17958
16527
31895
4134
25145
23212
9848
24600
26335
22403
22233
1156
23084
22566
20627
687
739
17565
26271
124
21225
23687
23083
31282
22009
15108
24301
1406
30872
20947
14776
17852
15180
8120
11597
30066
9737
9761
10611
10525
4076
25096
28746
12081
3884
19483
9692
12635
9549
9243
32245
31497
31638
2946
31797
2348
17350
13160
31331
18236
4355
8615
26884
7549
15635
20798
32300
13442
11726
12787
18069
4591
3795
19261
19694
29315
21371
1632
19317
1365
5387
25562
7112
27741
8494
8190
22776
9783
19618
2783
26592
17700
24113
5999
22965
5970
9699
26088
23774
9309
5234
19819
12293
9237
26366
10471
19310
21122
15106
27453
13447
17701
7815
16034
12225
9601
28823
13124
17567
29914
9717
16688
18444
15677
17931
8563
24818
21440
13348
17023
15112
4107
6363
23505
23532
7447
32723
25809
20081
18230
32169
29434
6202
27476
29223
17210
11656
27516
15035
29340
22352
19614
26919
10788
16273
24975
21113
16890
6116
10065
2622
8140
3669
13973
7667
21613
1137
28286
9404
15554
15520
15528
30553
10718
29109
9833
9301
21612
3268
30550
29824
8013
27955
14601
5024
28035
30484
22562
12644
3918
23474
6796
11929
2708
20586
19202
10912
17030
10173
15825
1312
17025
163
4831
10232
12338
33
22764
11640
10494
18717
30232
14032
3745
9842
31141
1736
1813
6976
15103
13490
13237
19845
27129
2973
25506
32498
29786
27084
17766
2039
25752
13415
23511
2337
7651
13167
14910
18085
6501
27127
19385
25149
2249
16018
10718
26418
506
2056
18081
23738
6189
21069
28024
21125
1569
28595
24509
7059
19877
10846
4179
11080
28764
10744
17036
18626
9661
24999
4170
3178
12893
6716
7013
23497
17521
27822
28237
22430
31118
16582
20465
28717
29108
9243
3807
5081
5003
3393
1964
11253
26092
24382
27286
23512
8867
16701
1128
13871
26228
7815
3742
23704
8796
25262
19146
15724
12824
17931
27958
25563
15340
15979
6859
3647
15773
26630
32305
32426
27327
31409
14392
14785
16439
8020
12151
10190
28920
14749
819
19472
4112
31222
9602
1622
7144
19381
24751
4812
20167
29587
19425
15380
22681
29280
29432
29592
26095
32757
13752
17439
6214
12905
8745
21151
21388
9608
20029
24914
1248
13952
29876
2316
18074
10206
22845
7372
1419
16825
14302
27537
2950
16941
17301
21615
4894
12812
30784
24801
18610
29135
17338
22881
23719
4819
19015
2102
2805
20674
18994
7822
15333
16206
25268
28620
8729
38
16920
30499
31180
5410
32541
23396
19803
8897
8604
25876
25348
14038
7786
6850
14318
26494
19072
30615
11370
24149
2393
28719
17785
9194
15004
14759
10126
16240
11003
1784
11925
32438
3163
12419
18227
31321
14645
31213
27984
10808
18236
27180
29651
7720
11584
27106
31148
12009
82
7146
12312
15193
3113
9265
22048
17896
19140
20680
3427
1612
32593
22839
27670
17270
30798
10259
28745
2500
15598
25299
14444
4472
10686
9183
9489
26985
16520
6890
18420
14840
12151
1922
17464
13382
21373
16869
1011
420
14834
17943
26349
18251
25982
30001
20133
4686
23096
252
11157
16332
13583
13758
28599
13674
21098
5716
2632
32256
18443
32385
20684
7827
13881
16262
31058
14212
13342
27379
2553
17926
23406
16316
25011
6613
14153
28047
15945
21286
6755
8805
25504
31961
8290
5720
18490
5878
24199
2484
27391
9559
1937
26960
13886
5794
1758
3359
5103
6011
22228
17666
5947
9719
5759
10208
24382
31059
8827
22777
5899
4582
13589
14199
14064
1364
20909
11334
27388
23301
32607
2598
17087
3285
5858
13311
3665
13
10159
32116
3222
2707
14438
31162
20159
22621
26222
11435
29972
17707
10460
21014
10481
32374
14999
12122
30735
419
28601
9011
29957
19069
31288
26579
16655
17890
25029
15157
25357
23740
13044
25006
4047
11060
10654
14021
18319
14370
23172
16452
27839
16583
8244
30607
14342
27838
20273
15669
11653
32304
30030
10949
30558
21064
10331
14051
18807
17894
10243
24474
12923
21144
22261
20212
32290
30662
20290
11720
3251
17452
5638
6356
17351
5005
12875
27659
31823
21670
11050
22576
4568
27490
12595
30372
30478
844
30480
20349
29567
26185
32100
1495
28322
11143
22009
7791
27672
21169
8731
5230
7473
8037
20543
12418
11186
18663
23785
22067
8662
21015
6860
15221
5010
7584
17970
15993
27933
4723
26526
19913
2736
25716
18864
5780
32139
21874
1610
27974
8760
605
28401
9308
27667
4275
21622
17783
2570
20540
29141
24751
18594
9463
32349
26153
21818
19796
11025
15852
18068
22691
3919
4592
3729
25037
18607
32376
14652
25154
21038
7330
7434
12594
22156
6973
24673
768
498
23002
30806
31988
5848
14886
1211
12592
18982
7031
11609
5861
10905
13476
25722
21190
5993
16410
12971
25533
2601
11820
28607
2013
14318
20907
3351
28057
19891
15031
21793
1331
19452
13268
17439
1655
17850
5441
24106
32424
1647
25221
9846
31419
25490
26186
7127
8643
15669
16494
24196
21421
29157
6744
25372
8237
18898
30088
22246
10744
7472
18546
6493
18996
14812
23949
28396
2092
19523
10407
20726
14665
20352
1659
32537
23870
18628
6789
13748
2690
20987
16149
11686
32515
14252
15267
18777
10521
11809
13666
4864
15544
25033
3607
28700
10475
26330
9516
11845
381
19514
12032
19751
12537
21920
5762
10699
1750
8439
7422
28440
30187
15107
11319
28569
5929
26438
3765
19584
17544
7973
608
3563
24642
3143
22862
4199
7232
574
7386
27570
21969
15209
26358
14022
22946
23832
26050
19730
9195
1778
15709
30987
28902
29076
15354
10211
12677
24699
5175
2712
14436
27428
4523
18481
13053
24945
31678
9541
17179
20303
6846
17596
19601
25494
4911
26073
19243
15921
2914
17273
17637
27006
20297
30869
11355
759
26249
3598
18305
22291
20689
5546
28308
29799
23658
30297
14160
31249
19216
19902
24676
9558
14593
2794
4387
25226
31315
9835
16764
25904
25226
7045
24108
2915
10858
1727
32050
4213
26634
3490
13955
21205
19754
29629
29952
12598
8134
236
21413
17133
8428
7386
23299
28571
21962
17349
13040
10765
26379
14465
7293
21088
2660
6080
18472
873
10857
12432
23635
20308
16550
17957
16373
12170
5611
7897
32144
11225
23783
1137
21091
31951
23288
6562
15840
11622
4930
10452
9568
32743
10239
20517
24598
6664
26133
11953
16193
15447
12014
30481
26278
2268
13444
2849
2366
7418
15291
1286
24108
663
22772
20848
25073
15485
23263
16157
14307
29183
22416
10143
16348
32223
4054
5470
13359
25711
7368
2784
25568
29943
7072
20296
23828
6743
19405
25629
7110
7917
21315
2125
4284
26553
7446
27762
5305
27327
1607
31827
7157
25773
19678
25006
15818
4542
30008
9269
25776
28126
6563
2774
14955
16399
22568
8767
9347
29963
21160
3234
25845
3371
29995
32437
13096
8583
30324
3582
24866
17503
18137
13389
24828
16570
24913
11402
16019
32076
13007
3248
24961
1693
3022
16666
11084
1128
20525
19710
17884
7745
22846
29751
13875
4987
15898
12871
1880
2633
30263
8860
8596
23075
2620
15890
8673
21868
18195
4538
17824
22097
10048
21210
16010
4852
26226
29748
745
31946
29528
8331
28168
12097
13238
15972
17640
12711
20152
24842
29492
4167
29062
19156
5239
4309
16920
25770
7565
1548
29772
20166
14936
1685
13622
28344
13236
2859
24759
7853
29100
14333
13649
25072
28142
21843
31289
17073
10876
15221
19374
15622
165
13769
394
23343
23604
8507
25623
26398
14055
18913
8995
21815
26658
19423
17239
19540
7397
31625
30148
28428
3068
6344
3519
18997
14965
20927
2287
3239
25687
22702
23972
27715
23953
4374
874
23604
32561
6174
27103
30837
29910
11317
20929
19091
32360
14329
15435
19381
31238
1111
25794
18393
19008
22004
30795
1632
27783
31180
32767
23501
21473
1306
12609
2250
23522
19575
6223
2668
26583
22085
20760
16311
580
19534
16974
2149
4241
12457
3771
16611
28416
23006
12504
16285
2274
31305
29852
14203
16651
14020
17298
9131
16003
4224
30510
8354
29054
9780
9569
22109
25742
4218
7019
22509
11800
23925
31473
7218
5637
28600
11599
29671
17337
17507
8495
8414
2121
25743
1627
29325
6376
1517
31695
3018
19875
7849
25619
13779
14415
28821
21447
25745
10175
20355
20095
20510
27450
9970
17874
18308
27179
750
3758
8392
25627
8241
16622
27175
27869
18318
13615
16543
30984
30864
5343
28593
3755
10078
12438
15974
28219
4577
4266
3472
18384
28713
29694
11090
20625
1037
12570
32738
19565
19474
11649
30606
24589
23951
24382
19965
16134
10766
3265
7864
2642
13300
16105
24296
29441
30309
6498
9314
29996
1122
3377
24032
16171
9012
6541
24721
6407
25614
3825
28373
24626
238
2159
7233
27510
196
3911
13034
27436
26326
7352
32224
6574
29027
28182
7416
20495
11142
24349
17871
21257
22110
16005
5643
27702
28012
20694
23268
9091
19004
30078
29156
11491
11080
8737
9962
24128
8729
10288
13173
16823
11439
30909
17183
6148
32291
23182
8552
24379
14987
18032
29877
12730
10782
24013
10905
4443
10137
12161
31058
29422
19937
16106
6807
7654
10473
318
9105
13394
28118
17698
7719
30479
32353
14456
18302
6716
15229
120
6080
15855
27450
6146
30493
24358
13802
26674
17424
21761
32386
20278
3812
11822
6723
2396
11894
676
11161
12399
4668
3476
9283
17732
30086
9116
12980
30608
22532
22847
7865
8188
24457
28050
22877
8316
1806
19767
17418
7900
16122
16783
29424
19868
25249
8236
28330
14077
9994
3717
14623
15964
26357
11758
6567
19391
28700
17351
29808
21934
13754
12787
12575
15684
3146
21388
29882
12421
21137
4564
12997
1778
11230
17775
22955
19547
12177
14288
7776
28149
12762
22770
11077
15788
2499
32072
13900
16314
30833
14326
16988
30329
5542
9537
4087
8309
25995
14660
282
7366
31661
26341
29796
27037
20293
13064
23419
28956
9404
2051
4268
6251
12398
23889
12241
17672
22191
1930
30328
19550
11531
17554
28481
410
8402
22545
27784
21946
26325
19492
5700
15846
6250
10835
3887
21508
8630
16578
29992
25991
25899
18347
16597
25735
14415
31499
18572
28439
7615
31900
27252
24787
24692
4612
8679
8888
29766
4940
3099
11577
16302
7571
8194
28814
13008
24068
7534
5968
20409
2309
30585
22339
2021
20913
15908
17523
4868
30089
19262
23170
8957
12390
13960
12352
6452
11443
21782
2428
8457
17368
18424
15130
21409
8953
24090
5478
18664
10209
19817
18600
14806
2617
1847
30713
6130
9470
11233
28244
15893
29746
25007
10736
7793
6865
4859
12749
4561
1286
22422
27021
11298
31391
3431
22406
14899
13759
25685
4373
19641
20946
24936
16693
29846
9926
7466
32080
5211
25721
16724
23637
27403
621
2470
1034
15394
22467
19479
8356
14549
28519
19502
31381
3740
27784
23984
7845
16110
4939
6779
19524
9291
18880
12210
7710
18560
9493
1562
8433
28711
22281
18884
19611
32621
4004
5357
4984
7192
10021
16930
31722
12488
9277
10664
30777
13692
29306
19994
28830
24921
23814
15444
13210
10663
8593
8848
16524
12829
12172
25295
8323
4702
26520
9339
16721
5315
28478
10570
1761
21083
27872
26981
1738
20528
16367
15050
8739
460
2399
2030
29082
21756
6232
22951
14272
10964
3887
14410
19879
25075
21652
10256
15791
22025
9485
17599
157
30870
22691
16518
4333
26356
12506
18984
18538
8599
17127
7773
15355
18580
21022
18549
2496
352
11946
22078
19805
27098
27776
808
11926
15500
1686
7847
15901
2606
16975
12761
5287
11372
26426
10345
26693
21994
7933
179
3058
25476
4492
18216
3432
21210
4511
24820
25913
524
28002
27103
27930
7362
14190
10609
4226
23152
7160
25434
27508
29144
5704
1809
19352
26064
6765
698
18321
3909
1840
15693
24715
2176
29766
31733
25107
23976
12490
14006
29740
9864
1514
8275
5023
28051
4576
25967
25746
2085
20260
26354
4956
17420
7135
29614
14232
3655
21923
17731
28024
30477
23898
17471
6493
14098
6013
22410
2468
6661
15495
17154
27330
29277
3496
22882
16787
31317
16829
1384
24559
17973
16000
28215
1919
11220
29180
15098
11982
17243
24645
14794
7331
25931
14693
28114
19855
18882
2969
18608
22466
11514
26046
4895
16674
7442
32262
18643
31647
21777
12527
27557
31680
18728
27766
4592
7554
18487
23431
13371
19299
22163
26041
32280
7098
9735
22328
9803
22601
20248
17666
4655
9237
12173
343
18518
13174
4655
13418
30320
19050
974
27997
3694
29998
31108
16236
16103
12048
11326
16233
19130
27519
19831
30056
1013
13668
31047
5819
28149
22709
2461
7201
19151
19014
11976
2106
6127
16867
28989
29246
15871
15005
148
10479
30731
19809
29651
460
13794
6607
24303
10376
32191
12616
24976
698
4392
14409
4885
31702
22807
12792
28632
19804
23896
10749
11187
5967
19250
12435
3523
23785
20297
23775
14699
14733
18115
18816
2204
25085
2986
16231
23380
17869
24721
745
101
25880
16251
30482
7032
11889
4088
2877
11345
31004
2193
9953
6997
28543
16230
1966
28489
32211
11798
17881
4188
6431
11487
29364
15464
29287
10503
1409
4213
27168
6778
2696
19327
22504
31924
18535
11897
31348
20193
20394
7569
9162
24387
10395
26294
30128
26069
4955
20823
16996
12846
3634
23406
25997
28839
5668
18366
10610
19136
21957
24920
3178
26304
13902
6244
31379
2716
1775
23582
20423
26138
11879
22047
13772
18486
6867
27358
13003
17349
25539
9078
31748
1880
21139
25770
24767
27747
17657
5926
24966
415
7642
9479
18321
5292
14434
28830
20610
32507
4435
10353
16979
14827
6813
7299
31628
32306
27952
30934
21433
29311
19726
2349
24603
11614
13220
27158
28830
3675
21594
19240
22795
12906
20329
9866
23167
1926
1772
4533
16668
17305
19003
2938
2558
17052
19316
27462
9584
4095
4954
21925
10592
8011
26467
23045
2065
30726
22028
7613
7952
22743
23920
14413
12905
5610
24601
9447
10266
13974
23574
27951
6088
5693
6221
28992
689
3188
15379
28911
18402
24676
1274
14931
10410
2928
3818
8581
29006
3865
25204
9636
6654
25118
15714
26396
29704
14567
18835
21288
14156
11555
13830
10390
1008
2225
26164
14795
11349
14268
11171
4102
23369
9771
15800
21481
27262
3128
25549
7989
32058
28254
1411
7125
13137
21625
5465
5150
2129
31785
2430
22613
13052
2679
22244
7537
6395
187
8854
14627
10960
30909
7499
24340
15373
27674
15675
17262
11203
2793
18993
18077
28990
26015
28642
3671
24815
28208
19069
12249
15786
5239
8579
20340
27154
472
17625
22857
20049
14372
16412
14161
17932
6076
22580
10400
10901
4346
1836
7658
19811
1228
27200
16198
30400
6306
22072
32562
15554
395
1525
24279
18044
2714
5962
18319
20341
23183
18957
7589
32602
15539
13677
28764
27119
28932
26501
27442
19275
18322
9010
27749
21573
2857
12322
25783
6954
32560
28974
25710
1201
29905
13546
31136
14640
15195
29818
17325
31247
28644
29863
24589
27517
28722
32050
5196
9827
29916
6759
22866
9878
5804
7414
11240
26961
17224
19455
18040
20450
25873
32108
10260
6819
16972
2179
3258
4140
22400
18107
15063
9415
12574
5839
18953
13861
2151
5650
18217
12111
10123
1026
22921
10462
22798
1055
19834
22895
26224
12798
10258
27218
27149
15257
10284
1154
30786
30185
22703
10714
25553
8119
6164
11909
8583
18095
14626
26295
3868
694
8444
23706
8538
31613
1630
8844
15745
27734
13860
5511
16875
6727
268
9184
492
28765
14012
27701
14588
13891
20999
18593
14616
5395
14956
6705
22629
24172
16095
26780
25111
18885
11725
10798
3729
7169
11866
18438
18125
27971
16109
12929
14079
259
31982
6646
29813
25698
6606
8100
15042
18106
8520
4840
1051
16506
29927
3764
257
31793
8393
2876
13089
30184
28066
14322
12152
17589
21507
12725
19386
8845
13533
26949
15093
9818
31553
19963
23921
25677
2921
4279
18396
26742
8956
4889
17827
16274
3726
22260
23203
548
22630
511
2049
5575
21637
18894
22614
6338
11748
23553
30480
11229
22780
5820
22293
3699
3979
9559
11433
16585
14742
21846
16017
8350
26538
14235
21112
13315
17000
25050
14483
5741
4929
25678
14977
15369
19069
18346
29045
32591
9858
10067
18326
11482
24659
15308
10406
375
343
26993
9698
20092
18012
10089
4394
14427
13275
21206
21346
17270
16253
16974
536
9013
13023
11663
30823
32598
11154
15726
30491
9093
23655
22545
4117
19757
29673
32094
24818
2957
19498
18355
24807
26126
18371
25816
17903
15572
22
6962
17705
6035
10454
12089
12923
22180
19658
15660
17276
31320
18381
23299
31121
29836
8730
5797
30550
14461
12486
9307
17727
31966
8078
20868
18815
25640
18387
3979
30504
32562
30947
11031
30868
24065
5498
897
22789
8929
10889
22155
29064
19380
25397
29775
7455
9611
32291
28533
30750
7795
10227
7593
11990
27026
24330
31820
8049
10610
17557
19818
21277
5276
32458
237
4717
18537
4209
15888
6395
15893
18852
8470
11347
5653
13779
315
6668
11690
11019
21227
24888
12983
24183
31282
2815
10704
8743
8564
30342
6803
12304
26718
7190
22075
9812
32540
2938
3186
6340
460
10664
8807
23459
10291
29092
33
27565
7599
15522
18451
5976
5485
21867
11504
19802
28380
23297
22976
13419
32354
13958
8244
28748
20045
10330
24886
14344
27660
12420
25541
8570
5535
22099
3584
17935
23372
4932
13440
9422
2452
25895
29675
26005
28517
19326
18630
24997
21649
13350
22923
5472
13439
6969
9980
24402
4385
25138
5814
12399
29221
8786
3081
4507
25712
32323
775
8816
3528
14076
25051
30011
10448
2020
29789
27719
32058
3642
17891
31839
10296
16308
19801
30862
18739
13414
8084
19241
26304
18406
7139
16399
8144
21934
18151
17456
32038
5313
18341
15948
30479
22162
15066
25853
845
11553
20622
13816
16212
15463
26604
29328
2745
15092
7505
17788
9703
26071
32419
30169
10516
27582
23012
19315
26483
4958
23047
2112
4779
8469
26114
6957
12937
16334
30244
28701
17649
28966
21417
303
6683
18637
30348
3392
16636
30510
30108
6066
6145
26450
15570
5483
22019
29697
32226
27424
8056
30763
3856
8403
31718
16007
11333
28314
16286
5242
20066
1699
15782
1082
3284
16501
22007
31283
15721
2424
13288
22954
18017
16056
20715
17568
22217
21478
3959
6905
30980
27552
581
29917
13227
17649
13247
7263
11415
8732
438
19036
571
3221
24915
10918
20279
6737
8016
27490
3115
6207
28775
23471
17353
15895
26123
23945
19759
20306
6999
12012
115
19833
11844
20028
6527
8099
22814
32228
15647
21306
16441
11070
21592
23037
18400
15539
12796
26955
1678
2851
13947
24222
10081
2694
26108
19798
20683
26068
9388
6584
25483
4643
3414
17718
9691
7439
5685
20464
12011
14943
30726
21372
9871
21734
2912
15074
11572
9894
4168
15339
25
7228
5121
30108
11708
1912
26913
22525
28306
25931
26090
14623
30202
15078
23766
15196
20340
20000
884
26849
7182
15640
15219
10346
17440
14620
29180
28493
28985
26826
2374
21690
25689
13685
100
27201
31841
1995
19809
32148
199
14260
7566
10127
1166
13181
28699
19573
30070
8757
16101
29053
11120
1367
10639
2957
3156
7594
22228
11077
6102
5990
27
10815
28599
16792
23372
15765
12344
21703
22243
4516
11476
3288
23619
21264
25902
6703
3148
18697
17993
11799
10799
25804
3063
9828
10369
27244
22164
7255
3215
5842
18675
23233
7154
26370
17049
32619
2147
25761
2601
19382
3536
7092
31776
26751
13999
7595
4546
8517
14994
13726
21589
23182
11003
12758
4236
18310
25202
26255
24134
8938
27094
19964
20601
28452
18417
27020
24936
440
28494
18540
28445
24030
15951
22349
23571
8816
17786
23911
10291
3847
18452
19134
5633
25698
10993
15268
12312
9223
17802
21887
17108
29484
18768
24780
7758
9431
13120
17508
13453
12101
31672
17918
26618
4233
30857
13302
7701
26229
9549
23629
27239
15805
17915
29936
26039
23642
6072
22845
1409
2861
1008
16579
1956
8933
2470
21321
18011
24610
20744
15890
2158
17114
7495
11872
8618
31997
4261
21815
30606
13396
30416
22627
15943
7087
2414
21693
479
10047
25337
21929
20401
24641
5069
26083
5152
7132
3455
7548
136
6477
22641
20767
3445
19265
18339
18073
27923
20610
7884
4760
486
24534
24234
947
11707
11045
11158
16043
3295
32217
603
28657
29070
6794
12104
13928
13230
7131
15236
11115
10430
23711
17570
11282
22537
11073
29301
18353
16159
19554
32550
30626
14981
4291
1411
1093
26284
614
2458
15172
3360
27888
28551
23324
29186
17746
21642
22489
5560
13480
32349
23840
16099
19041
21700
12659
24721
6561
6501
24241
12469
17891
20954
17372
724
17123
6149
29727
15104
19387
17571
1808
27914
21836
10276
15922
31732
32735
17851
9150
19877
19468
17585
1699
26336
5852
3070
30667
887
8490
15386
11424
32444
9807
31505
27343
8249
17918
18134
24907
8353
17772
16857
4758
31494
27572
11739
13372
24139
32123
2305
10144
21213
7119
296
28666
26782
2645
12665
18849
290
8356
24125
18054
2590
27372
8946
5121
15389
15835
18078
19921
12661
16833
10851
606
27002
14578
1620
19520
3057
1388
26759
9477
200
12729
10859
21807
12292
279
20572
9597
32250
19159
1909
13676
22466
9475
13734
6908
25577
8771
20486
12215
11110
9985
27498
12016
20175
6604
15158
2377
7117
29434
29299
4472
5838
28562
15138
26186
19705
27497
14288
15847
615
9866
17259
30297
4240
31195
25428
3912
2307
16126
8117
28935
28763
28534
13845
9429
9582
16139
23082
25180
18631
13679
30958
5758
14423
2849
12789
18257
29543
19858
31485
31080
31441
3719
8647
31317
368
8894
8229
13419
213
13268
30293
28617
1595
10598
32653
9364
19389
11639
29911
17027
29127
20497
4639
4513
27851
3631
4490
4174
31541
16347
28938
29319
14240
12692
13872
9832
6986
27890
9281
495
1221
29837
6283
32259
5872
30490
249
8885
1062
15831
8422
2245
6581
23082
6191
5224
8082
22148
24716
19784
24651
28300
13600
30669
27964
4730
6222
21403
29446
14784
27599
9052
12861
18672
20225
25023
28769
3802
14210
18368
29968
7412
30718
2091
26489
32512
10565
25691
8212
5608
10657
32328
17041
6637
9830
3009
13326
2048
25546
20213
16780
32368
14071
30776
2724
19654
26207
21764
1142
15086
25680
28734
10467
19351
6088
1979
9724
32219
10122
31491
8633
21027
31601
5973
26095
5701
26629
25835
2172
15600
14412
22910
25540
17482
2531
5133
29538
28631
12108
1499
26903
22941
3210
11447
3590
7814
8683
17023
17444
10757
14630
1511
15338
25852
26789
119
12877
19422
24868
28115
19183
12305
14715
10303
23191
10390
11448
15970
13791
30187
32369
5706
22572
23856
31065
16817
30435
16010
15376
26495
21722
27333
18496
26256
27149
31805
2021
5558
13203
14078
15596
17666
16336
13354
3840
25663
19179
23707
11169
29376
32642
30410
11382
7260
12189
19439
14308
10166
6625
10346
4063
6594
3847
15202
768
12932
2956
6572
29656
10011
6569
26606
27269
15615
3973
28676
25730
10887
32170
9634
22212
24750
25013
24123
5634
8726
29010
16418
6484
2893
4456
11504
19199
28752
19857
11045
23439
13133
25549
4882
19239
30893
14455
758
7446
23634
18040
24167
27050
3101
24506
23795
16969
27572
20960
27656
7101
9602
17204
26641
13008
19711
23520
28898
7961
30257
3938
23894
2069
26227
6714
4662
12410
17013
2021
16477
19399
23940
21775
19994
21024
3595
517
28630
18009
11098
10601
13303
8785
6311
28457
1540
23937
338
23473
27913
16852
10862
30560
2365
697
32124
14905
5346
19063
12409
9180
27757
12738
12060
4020
25063
21899
10585
6513
24467
32540
27433
9657
7633
4707
24973
25370
28738
13966
28880
22340
28205
27865
13
19573
31265
2468
24050
13108
27868
17353
25283
19522
26476
20012
29602
11982
4244
12180
19213
32488
16753
19641
10920
26680
25949
22686
23101
12528
4372
7968
6145
30975
5398
24015
24089
31112
3916
7934
8540
22674
16365
19222
27995
25857
9635
25648
414
20165
9450
8162
21553
12113
16057
21336
7520
30286
6757
26023
20670
3729
26306
15455
10092
20299
22155
22111
8087
3456
15364
2286
5443
25019
2013
4871
22599
30207
12122
31475
25497
28672
15793
27166
6604
19347
5300
31523
10967
14692
8367
11817
1816
21991
916
30578
921
19601
31573
7217
5009
15175
1938
20892
15150
27159
4724
21059
8081
11046
8409
23968
22555
30441
19889
21999
25831
6296
5287
28736
28311
32480
12293
10954
13140
1241
3537
32130
17680
18231
8252
30956
32014
22980
3390
18225
18597
28942
378
17267
13121
21596
10855
7005
20906
11239
7089
12030
29321
32583
9181
8919
14376
30764
21549
22578
32633
15694
16323
16310
14426
31143
13832
14905
4887
25567
31823
31701
10032
23048
19126
9534
30557
25995
4173
1874
30416
15202
17019
17650
29626
3208
15261
18193
2832
15022
27887
14090
2447
17712
26544
29495
24062
583
385
12735
179
30848
6159
17839
29784
27757
14321
14925
17391
30362
10964
14505
8724
13762
12501
27508
3458
28995
26926
21781
7897
16336
11797
19450
25503
1638
26593
4396
27268
25473
7023
13607
25834
23183
14276
16104
420
21413
26355
18759
25854
17265
26177
2695
25086
3952
10632
31276
22762
608
19929
2316
24330
25849
8037
8105
5039
3800
13982
22206
18037
956
28825
7704
21188
28916
18103
17831
21661
7960
18820
7381
6803
11256
17119
7190
30999
8402
17244
19649
25337
14536
7910
25374
27436
27536
7337
16064
5066
4206
24111
17685
3671
11615
16840
19003
20810
18071
17456
31765
9929
16942
9580
927
6325
13335
21749
20606
24038
9809
26904
17116
11448
12641
9629
10098
5830
30975
21927
14822
20981
24848
31963
8536
4789
3796
9156
6968
23427
2657
17270
18522
26034
5200
5234
20556
1900
950
17610
20199
15092
16470
22918
16420
11053
11540
16197
24113
26976
5805
20008
9668
12346
31398
17643
29872
22548
14978
32597
30390
24696
3896
27603
21661
13024
20708
1120
22916
704
26301
20135
632
28359
29511
10092
11330
18274
4298
23848
21378
7811
12802
24051
6914
1184
31512
31911
3140
5886
9937
4419
18013
17199
19462
30861
3846
25562
5972
14076
31217
6842
19732
17108
6745
3049
10125
14739
29405
24159
25961
1164
6030
9653
7270
12498
13895
6447
9294
32343
31037
15354
11817
27221
30678
23218
23473
14573
10687
552
27398
16911
4153
21345
19107
1433
2483
22754
10641
19139
926
16682
22490
20154
32381
8833
2881
18059
6203
11248
23600
14403
4290
26513
3826
28500
31945
29193
32034
4155
6893
19282
13156
3936
32516
9406
5971
3902
1966
20536
10682
27075
21036
13517
14598
26874
8310
27756
6139
29415
25991
28394
11431
11443
27644
28233
27540
22793
19165
18490
4930
30143
7355
12512
15316
23737
11515
31447
3850
27658
3953
8309
15471
31069
22065
29264
32212
5268
22945
3840
16380
23982
18131
2086
17305
29166
26642
22701
19063
13369
23483
4175
9464
29889
11599
22619
13248
15328
1221
13750
12721
15430
24613
11296
23066
12375
2898
9913
16171
9935
18983
18884
25773
680
26822
4522
29424
12861
9773
25410
5636
25007
11531
29007
23851
11400
3793
6987
11919
4766
29963
10595
9009
13371
31985
2498
24354
6522
28985
29458
14837
2292
22064
4160
19316
12700
31753
6528
12434
11240
2933
32402
7329
5682
16500
1603
2757
20573
18282
1846
9129
6843
28789
7652
11120
7214
11518
994
3055
5006
2958
27747
20249
14411
9699
2557
7610
3668
13636
8624
5737
12599
16657
20260
4279
23177
7070
24114
8365
10120
8513
23974
28278
25087
28074
20291
13912
20586
31603
6408
1257
20827
25080
7090
895
17948
9577
4738
26856
4246
19742
8256
25179
10353
13354
11648
2223
2941
18482
31780
13771
3409
10880
5154
20062
18994
26451
28040
21456
16694
14201
31677
21112
22952
32
32265
15
22447
1258
14679
7780
1067
63
32570
30290
3040
5607
9775
32495
22998
21464
22306
1287
28927
13644
21555
26313
2331
23575
7353
14271
29401
29752
4743
24836
1855
30126
1135
4529
9803
14477
16901
5016
2267
3920
7333
22581
27082
23409
31160
20961
19036
20535
23090
27977
21980
22480
31583
16159
10371
20127
29920
14863
32156
2263
30705
245
2278
22089
5101
10573
32570
30842
9235
490
4717
16121
19082
12780
25720
15855
7331
17388
13782
21240
25695
29049
21294
27697
6961
17096
1586
17811
516
22183
3527
4223
31360
26291
24934
14745
1417
23499
17346
16602
2825
1732
26795
22497
20208
20830
12850
14986
14201
31607
18702
30146
18606
14463
5182
4250
31022
16684
21488
19354
17454
11631
25506
27223
7358
10918
26503
15175
9805
25107
26924
20949
22128
9101
10075
9905
25567
10357
7488
4714
9920
748
1226
22078
20009
3395
22612
10033
3808
28083
6021
28508
12133
591
21364
14728
5426
18742
17936
31483
14145
6413
30912
12178
6607
15789
15942
31760
14176
19736
1001
19126
31491
18610
15827
5652
12247
24238
29368
22046
2510
24518
10936
17282
11185
15663
17799
25913
20068
8908
31691
7260
28012
418
4037
8762
7342
7820
28980
11431
27513
31023
22646
11415
30919
7985
7409
23275
7360
16294
19121
1930
19328
4811
15186
24244
5402
27127
13857
6291
26333
31694
23422
18195
29142
16568
24453
13812
23189
29586
22509
4382
5684
2723
8495
17716
6294
15569
7915
20075
14317
26388
23432
27037
27007
26156
19228
23449
15273
14479
13707
17086
12580
31910
3058
9928
24967
7992
11590
15081
781
20007
24120
1564
16793
858
30812
26038
1783
15354
5259
7741
6245
12257
13446
28286
11602
7503
12251
22746
25445
31967
26637
5857
13249
12730
2031
27426
19848
2571
21073
17728
31133
9139
17374
27721
27567
2365
3141
9028
9331
6932
8855
31753
18736
6387
30960
19542
5249
24478
4954
31006
17495
11984
1518
3108
10557
2932
7741
18377
15072
4631
15342
11554
21966
19870
7336
10318
1662
26164
7986
22279
1425
15495
16856
7542
18775
17716
24593
32076
20629
14463
29536
25358
2693
27208
23416
23984
31
24123
29091
29798
8855
27718
27492
3767
25383
2384
20571
8915
30734
2088
1898
7718
29401
26299
16150
15405
3041
31627
13616
16265
18197
5980
8628
16722
22009
28464
18673
2733
23279
25206
30954
11425
29110
29055
30205
18982
8496
30769
6850
18559
6760
255
12086
22986
26835
17433
15129
5590
30678
9951
22420
5428
4489
20380
17439
17041
15035
8561
17058
22083
4150
13455
32474
12321
2371
7849
1279
920
17265
8106
2980
2555
15251
1699
5342
12059
6152
25351
10920
27672
26687
22042
14982
17526
32121
6311
21609
6515
16593
2289
20691
18328
10874
21741
8763
17039
15945
5294
21939
9012
12659
26913
1736
23534
7575
29434
19114
1856
25855
13806
22157
1179
11299
15395
25934
22391
3182
3557
8282
31906
25669
20890
4044
10711
26694
10232
21973
11154
22989
6261
14689
21795
1725
8703
17399
14081
30333
17390
30433
3938
26688
4919
23438
10504
1674
12258
29492
7262
29680
11966
18873
9923
5407
19283
12244
3110
15391
30232
24688
14035
6361
4838
5457
2444
4823
31661
20217
6108
28748
7014
21453
14504
28244
13640
10868
9991
11900
11327
4992
9556
7557
24218
18000
22145
14181
27139
30004
16813
19599
27573
23763
13305
11380
4329
25290
29848
22858
2961
1942
32550
10508
16201
12212
14395
30658
14987
2054
20543
20226
20514
2425
18560
9911
25825
24549
20097
8993
17812
14389
24982
29725
6455
14791
30381
14759
17254
12054
3695
4509
19221
8598
29064
12997
6529
27871
1858
14610
9574
3342
31321
1827
24179
11368
8203
24845
27899
13377
21870
9306
6637
25885
18182
16722
29446
14868
22167
22905
32581
7035
4920
10072
6048
9408
30633
4992
14325
406
25318
6861
23619
9810
32508
27112
15898
26517
2588
21007
1616
13612
13806
31513
18166
31796
4391
30388
20874
29826
12126
6386
15726
23874
796
14852
12953
27869
7730
17733
19597
30753
19535
14714
10633
5276
15313
32343
31231
14920
10460
13126
9288
10350
16041
23397
20631
4548
8993
2765
28972
21464
24747
31002
6858
15794
8770
7464
16746
10677
30154
13850
11569
28359
2212
26017
15264
27826
4736
16251
16651
14281
25202
29241
7756
10190
16969
27974
24248
19987
9244
10277
29266
5856
20005
28410
22591
6677
30930
22604
19834
24336
4890
18441
21449
6097
8462
9162
9456
5980
26800
7257
26148
1887
24839
12401
12226
8469
6003
19652
15681
28010
32575
11586
22886
20576
24437
25497
23222
25521
21238
9976
17457
25782
3785
20761
24125
14727
25268
11390
23521
20836
10249
30715
24627
25684
4803
17268
30740
22027
6353
2536
23578
16401
25522
11438
3790
26401
66
13311
11032
8144
16596
30901
30455
26223
1408
6994
3701
11825
24255
27716
15067
11153
15925
10600
18977
7662
10701
13516
31400
23672
9483
10425
20268
10832
17566
27889
24308
5611
8245
12597
30283
26552
5780
28938
6964
25602
6119
25789
19034
25623
27222
933
70
2730
7385
31656
25300
6006
7246
16896
7912
7716
7881
8511
20061
9327
22827
26769
31294
27526
13046
8258
3385
26801
27743
26496
19024
12600
27301
24417
7122
23937
7842
18216
20106
10104
14752
11716
3382
18483
9325
23705
12347
22743
27826
24451
13718
15029
7296
19992
29974
19129
12332
14894
25800
25605
7773
26526
435
30169
9827
12615
12486
12470
22730
16213
11279
3779
3631
29379
20526
15215
16467
10782
24072
7768
31086
17292
1216
3436
19910
14
18403
27213
4991
11266
5602
12026
19637
12524
8902
11693
30664
29813
23327
2047
14839
10420
829
8530
6193
29101
22179
4208
12839
1047
15289
21616
13222
8547
24513
20698
28708
5369
20236
21771
23705
5829
23918
13018
23440
14066
29423
10363
3965
14069
4291
8612
10065
29646
8829
5103
22860
17802
28543
31360
18
30733
16565
13543
3586
16654
3715
19783
19139
22371
19195
27064
3871
3967
7252
27883
29461
8505
7063
2573
8745
31439
27548
20461
18943
17706
15413
28512
22312
32099
3497
16613
29756
18311
18532
19845
32553
24215
31980
24317
26826
17875
24599
23327
12988
7992
22396
28278
32621
19272
10791
18985
26741
13833
10641
31009
3882
30032
26319
4206
7022
7231
18441
16103
7372
26637
4654
17
452
10757
15078
30275
6498
4818
5832
12295
21270
17145
14286
23746
12479
17575
4101
13464
7945
21165
11401
6026
10233
4297
7345
10209
13254
6439
22919
25552
19435
807
16763
597
5242
18273
31832
5984
28595
9447
23414
17207
32725
27593
2610
28953
31540
20703
8859
26913
1676
11970
31342
14702
2453
22556
15429
14977
12759
24354
8459
13030
6080
30302
23987
24087
14836
20146
6441
23197
17124
5786
32393
17272
19618
32433
16272
30913
5876
26487
6992
23438
25511
7249
15655
278
27941
16337
2033
8470
11082
19768
8573
17267
23156
21305
21054
28960
30937
19456
3395
27714
11806
13939
13417
13202
20773
21688
27856
21763
38
13303
6027
21414
32513
24929
17052
9418
20434
28785
9759
2151
14790
13937
453
16573
12846
24385
28292
27960
23506
16212
30861
3223
4232
1787
5503
27213
10501
15078
19162
31527
30450
5607
6326
27952
9539
14330
31925
28370
29380
18051
8502
28989
31476
25046
3275
27149
279
5116
26094
22566
29063
7349
7919
4067
3403
16057
7729
4721
29674
29251
13974
29813
32641
8400
1080
6133
10004
20004
346
15733
23330
21135
26526
12384
4220
2670
12664
4778
27991
7924
20450
2996
19615
19499
26705
24176
2958
18485
12008
10949
21886
12248
12524
24117
25083
7226
9081
6077
22813
17896
2675
764
21012
22813
19390
28312
8197
24386
690
8670
24853
25009
10185
13736
963
10686
24731
29828
13946
16888
3085
1554
30054
7340
24261
27054
10888
939
9185
1103
5125
13645
30184
17839
25796
21174
1024
10413
21303
856
14178
4847
2681
29113
19724
22475
12698
1399
14261
25192
32055
32393
24070
19232
32589
21959
2311
23593
10574
1709
5848
18805
13429
9820
17825
8150
25687
27617
10955
12134
22460
3514
10865
29990
23468
6294
785
18405
29901
9053
16776
19556
4844
1136
12605
29879
8921
27698
7324
3822
29304
2247
29126
9973
6933
5916
8070
16313
26104
1319
16008
10124
24377
2416
23237
27595
2774
21456
28994
12222
28675
15224
30202
27327
28353
3638
30232
20895
5042
25844
10858
28485
24108
8578
3603
12440
11404
31125
19840
26528
17101
13071
8605
2535
8025
30080
27464
11814
4638
21741
8966
3357
18917
31185
28916
2499
19423
2658
257
1183
2433
14613
26459
32374
2194
7268
10535
20006
20867
13263
15733
28114
6142
15905
6771
9023
20929
17652
8928
1918
12205
375
1988
12748
11546
32367
29279
2486
10606
7036
2655
1153
16366
21918
11350
20936
20948
30967
25706
15207
30369
8147
335
15512
18100
8933
21362
5212
13340
24275
27767
22301
26027
29430
29414
17297
18507
23899
24097
24289
19093
6157
11930
7179
30368
7062
30274
4741
24087
27331
17733
2083
3215
2984
20212
21050
29719
4580
23298
20998
2064
7718
22260
4169
31295
30448
7123
15413
20000
7835
15396
4492
13949
2716
28186
27142
28992
24581
26121
32243
5510
22863
13598
6177
2036
14678
78
16640
2382
28581
9100
9476
4933
20980
5439
14923
30609
3823
7667
27008
30016
15929
14414
15871
14414
12721
11590
24889
30581
27636
16530
25946
9286
24611
350
9002
24953
24294
4931
12081
13186
21680
886
10783
8037
15685
32320
28779
11210
28794
30894
27961
30804
11324
8841
5249
24367
32724
13448
18542
21736
31849
28357
11780
31362
20167
23406
13574
5574
9823
10685
22295
25562
3470
13610
21023
31253
5922
3295
25072
10514
1306
3948
15658
5635
19629
28348
22875
32328
7054
12359
14955
22849
17007
32138
20792
19552
10436
22708
11645
9602
11721
2467
1784
20351
6854
22286
25036
29951
2705
24580
21028
17808
27221
10645
8985
4342
30611
13519
25814
11458
24422
12524
9721
22567
25355
7625
23613
4616
9632
29338
16470
5461
1836
7389
8477
28568
12512
27532
29165
26059
13981
14999
6221
7021
29110
29329
15567
12245
30966
12457
9016
17861
23013
10973
19936
10562
30535
9322
28764
1955
12518
1671
30043
28137
14481
29010
7118
334
14437
22795
28492
9761
11851
896
8116
2256
8386
31176
31764
15687
4319
16948
5321
26744
19857
30339
18664
10299
3114
2645
17117
11609
27163
21987
10322
15331
15359
14572
339
1481
19932
27123
6831
5031
30885
17831
26529
12258
12547
12963
9903
2036
29524
27991
19923
30724
12533
20550
473
13498
8892
27763
7432
18257
9417
1557
2308
4078
32639
18834
28659
16944
16845
19627
2271
4104
4274
12276
859
30411
4096
29832
22122
25221
18528
23034
30364
7057
11926
22671
14202
12902
12294
2986
23588
23988
26743
8327
6969
32432
25880
7468
6647
16299
6336
5021
8868
234
25978
5456
6700
1970
24385
31456
30987
9122
11272
21509
19309
15942
9470
5060
31892
2280
7439
19683
29051
15529
28846
4768
14009
8401
17106
20899
17831
19300
2878
13616
9413
20470
23046
27809
26458
20671
29775
25876
20571
9714
11862
19297
7310
3915
9908
27215
14319
9191
18144
14599
25171
29785
11509
11720
1867
4858
25269
10461
19787
30336
1486
3020
8204
27347
17757
20689
14894
1052
22705
13962
29218
18462
21329
21492
20039
457
31296
10390
9299
29452
32383
31996
18421
22764
16596
10087
3257
30163
714
2243
7979
5674
10489
21977
31039
17193
29319
198
30192
6126
18927
22188
18472
27853
4865
9639
22752
19688
6699
32515
20616
27135
2294
27052
20393
649
979
6373
6857
28163
21784
31549
15759
17288
18758
13759
26919
20130
8333
24426
4584
18016
14738
4321
4148
31400
22895
7267
18592
27599
13563
508
8021
103
8013
29693
15031
19800
379
32683
22852
9267
32679
11828
16062
23490
28477
12775
31884
1764
630
29603
6494
3479
19745
5264
23568
23639
1698
14350
15825
7591
11579
10731
18308
12781
28298
13529
24166
22914
31059
15647
17393
17674
7296
29582
19713
1
22374
13495
5174
27031
16202
26715
11161
12222
24100
29987
4482
129
28322
7313
27833
26007
6512
21303
21467
32312
6071
26919
9215
2863
24292
5802
10906
305
14762
16693
9888
5485
29258
3224
25836
30820
29202
3193
31714
13051
31267
10753
27219
22990
22904
4565
7584
2760
17444
15944
8995
26865
12251
29135
2250
2694
22964
13749
12549
3407
22829
12559
7651
17709
25712
27635
30584
14579
10709
21221
20865
24950
25255
3730
29771
24296
811
961
11472
6241
11230
3974
26659
31167
16383
21432
7695
17328
17741
10150
20219
8717
28946
262
6417
31850
1632
26926
10400
13547
27035
21127
1982
18777
3383
25150
4401
2676
7107
572
2704
23947
807
20313
10661
15435
17706
14284
2326
26325
12599
24038
20548
31763
27488
4865
4724
27723
25763
32435
10541
31220
10348
17991
3552
15561
9052
18541
30415
23325
18249
16688
15143
28014
12422
27177
17007
16444
12388
27378
806
26651
24824
11742
21672
23560
9759
27879
6226
2553
16320
2792
32230
6584
20817
3341
26417
20976
669
18567
12011
21384
7620
6276
22238
7985
20099
12382
24907
6459
26293
24082
22921
32685
19482
20725
20463
1684
29528
14498
19700
3739
3135
20535
32661
10716
17233
10689
10999
25334
15490
19956
5966
31328
11068
1056
2557
3581
11174
22112
2303
24304
16678
9749
28037
10673
7717
25746
2528
17504
6418
17433
26274
30554
29353
29959
23296
17419
20853
17227
1147
3587
5779
10268
25024
23115
28602
9196
5324
6393
19064
29847
4179
11522
3262
31713
13411
9808
13983
27167
7749
25108
20821
308
12196
1374
20357
959
4336
1515
17092
9363
13061
13629
2649
2664
5128
497
24388
15312
19346
25422
24960
1900
8721
8986
2694
15455
14187
31153
10514
18179
31972
12376
18985
1499
1601
15822
13147
27337
30253
4388
21062
15489
2525
32463
17755
3134
2032
1020
25061
13236
5785
21539
23366
28485
15615
25823
28548
26743
5092
27645
15621
17574
27013
978
9623
3062
23746
27090
25268
31884
13183
2911
12035
7678
28746
21727
10529
10503
27454
30481
21410
6016
29223
5793
22099
28811
13287
6650
25794
9490
31512
2395
28161
4208
31730
13613
31142
29037
14703
5780
22038
28528
17838
7748
31748
32752
24981
26006
19252
16428
16315
30170
1157
5916
28293
6639
9518
13223
11663
28178
1864
15126
12877
8692
27533
15305
8178
8463
20575
14376
13968
5433
14860
24029
32129
30586
20560
15681
27911
8987
29979
5395
23343
7935
14485
1648
12283
4407
20063
17663
9407
4304
26652
5997
4812
18927
6449
15385
5452
10273
10184
1552
621
31468
28443
17979
32706
18602
14063
21719
13798
17303
9310
20262
26466
5416
10202
23908
28368
29598
3183
5373
26689
13788
3144
19197
2525
22901
3701
27336
28617
12042
29164
9483
24398
8403
2509
2802
17719
18299
12010
27036
29562
16689
2694
31180
25115
32508
32349
14305
30542
31822
19941
30728
6876
5341
27860
2736
6343
27822
5858
1342
5937
7794
5328
770
9082
9238
21161
29290
6825
11670
11080
17014
28941
23058
3354
1132
7460
1827
23589
21965
10683
10863
13641
9863
13143
27003
30406
12140
21716
25537
12799
11491
18252
25347
27262
12766
14650
26078
17975
9996
8415
14498
4881
19023
3557
4193
17826
17008
15939
23622
21818
6930
31328
16680
6436
15588
31867
29535
2856
13851
26442
25303
4948
26400
4065
28003
16637
26501
7894
2899
5376
14142
19619
10824
16717
4110
15691
10823
423
27455
16193
12557
29093
3990
29061
18338
1021
15238
5392
30257
32513
16292
3442
21015
8810
7515
21690
12858
23125
32225
26262
32156
9099
5481
26299
18480
1285
18075
1671
12780
17072
6721
28133
15391
11629
24387
11122
2309
13404
1749
28638
14744
7002
4335
6292
23978
31432
7421
19869
10801
27791
29401
14017
27106
2656
6134
3056
23553
8513
17630
1249
30071
15941
20190
27641
14373
30874
23039
22638
5240
7369
26425
21420
2365
7482
4836
28152
30135
27639
5999
1619
20975
8625
26708
18849
16716
5640
31051
11530
13155
19719
1471
26529
1808
24046
27774
12099
25542
14133
29620
15554
15651
25549
2330
23363
13512
13737
21099
1765
20071
31101
8728
24228
10781
6086
9276
28028
14595
18186
22482
3793
8192
13153
10278
29198
15585
16180
14985
397
427
16709
17481
12471
6703
25583
31968
30060
4064
2480
108
28837
24546
23268
13919
2647
14179
24787
4216
1179
18990
20974
13810
18957
30589
29526
28411
31601
12559
13214
25703
157
22651
25298
1958
8339
1732
11192
14067
25837
29229
12885
29135
19582
26191
31667
12718
4406
616
738
15088
1350
12790
7997
31250
19333
4997
8174
16678
28434
16837
16565
31104
7739
13023
23525
7603
3230
8713
32175
4028
16526
14169
15522
8060
20409
25046
31603
21868
20231
6101
30714
21900
31173
29059
19326
28316
21506
20926
16434
10639
19513
4393
8191
27965
8241
24447
24708
2648
2338
20263
20572
17313
29465
16137
10655
9819
17309
5793
11691
18176
29587
2129
11812
13876
95
19964
10041
16887
30796
5072
20265
22302
9774
1379
16134
5892
8262
12546
6330
30077
15973
13638
20039
29451
15188
27879
28243
18261
1396
3285
6627
4052
674
26757
1895
22224
19293
20617
14071
1675
8491
16228
15324
7356
9272
18588
16210
12862
3137
32273
8332
11018
26800
16268
22009
8803
11273
10395
29638
26448
1668
4253
31652
7503
21500
20761
22987
21832
8455
18004
13118
12992
2919
15906
26961
29007
417
18684
30313
24148
9707
8531
2052
6887
22603
7460
31225
14863
11262
24013
5888
3893
19479
12831
17012
16601
4968
24244
28504
29572
23461
16514
2201
8446
18375
32177
11922
28608
3503
14506
28117
7852
780
31089
21289
22780
29054
16692
207
1657
30204
31780
10506
27629
28531
17795
4574
12250
16559
12798
1559
5996
27007
5182
22413
4013
15124
28602
22183
22264
11179
3535
25374
23216
3436
26898
31235
7473
11409
25317
25860
14343
6346
30536
28395
20063
7648
25330
16743
954
12185
28577
20495
19177
19677
23214
29860
8501
7702
2532
8342
2526
21213
658
18378
24007
722
22239
26779
17263
5579
32094
21791
25379
30514
18146
8619
11122
6312
26260
23705
14818
2030
16450
29512
15329
7174
28922
26725
23550
32149
17880
16233
3929
3724
5404
16739
22360
29959
11647
32504
19356
19830
20424
13224
52
18426
26266
28243
7184
13586
28816
8955
13240
17782
20620
2507
15422
323
30795
28504
10864
14937
8509
23080
4691
32257
1940
10609
23245
18900
23451
4386
22946
2008
23882
5927
27554
5611
22039
30185
23840
23653
25870
2069
13989
14329
20772
8607
16870
15068
21961
31238
23284
2345
7612
3033
25011
21637
24611
3450
24461
15103
21467
26402
13671
3385
27917
18981
26068
16333
6402
19832
20361
3050
27704
13168
27666
830
30389
15564
26307
6937
12955
11510
8176
29391
16637
25478
28769
22878
26865
12040
16640
22096
3302
15615
19157
14819
2616
19242
4916
30824
14082
32261
30773
21737
29236
147
24933
7950
31205
20827
26811
2113
31722
24752
4046
21521
5287
25654
21828
26580
12325
930
16014
32145
357
17089
10707
32285
1012
19644
31785
18051
15296
1178
11
23721
10026
32518
2056
22321
5980
18771
10680
31902
25309
8637
9460
23992
9826
1266
19270
28465
2024
13521
31647
26248
12287
7281
1608
24110
28009
13669
3355
1256
14051
21054
13299
23668
32579
29266
13665
19311
4035
700
12193
1654
23709
12452
15820
5260
2008
12481
12622
29371
1633
8219
32667
6910
7005
25110
14366
29279
7614
8108
5746
25181
15380
19450
1237
8592
12966
20990
8922
28560
10178
20383
9310
18450
8785
493
7356
20820
20142
18091
2629
2492
1465
22283
13802
30908
18983
8120
15164
26360
12316
23065
19607
25003
25339
19157
1945
3398
15741
18834
28121
2907
10240
30211
21974
30650
12578
15905
26670
16602
5263
6584
32017
24442
9239
7974
28148
12679
18180
21855
12170
31809
938
26421
18416
22938
18239
7127
29992
5342
24557
14487
6088
15001
23846
12272
13811
24502
19000
16839
10889
25572
30497
28913
21659
13118
17316
29174
23330
19242
8348
30484
22768
1665
15249
32135
1254
29937
2185
8
10856
16800
7712
12948
1550
27922
6107
11118
23196
24141
29370
7527
21045
3899
6156
1885
32715
22607
2695
32002
5338
8043
27032
27870
8022
28162
16120
1944
25570
12922
19072
11377
10306
12500
16446
32529
531
26254
11464
2694
32185
26056
29648
5514
12698
27559
7417
3076
4490
13815
25321
8658
5765
23572
14496
4806
3748
12042
14600
9198
10570
25851
13517
18969
5022
5057
21102
6550
14655
16085
29845
25407
32051
31855
23204
8887
32544
30191
12176
8687
16574
18300
31474
30191
16268
747
10331
14547
22210
23010
6376
9491
32135
13117
29463
30216
13669
12208
9433
12716
15610
25006
19433
16290
23280
15498
30811
29046
21807
32477
32120
24613
26704
7207
17609
17120
21333
27065
22386
8973
19352
4818
4546
4495
27906
6152
13575
16711
31357
24041
19367
10970
684
3811
4972
7605
15577
21601
25120
25167
12847
11063
14426
20910
1833
22336
30359
1581
31050
14917
26764
2428
25871
4641
6843
9192
26658
25123
11845
12509
29648
2996
7935
7337
25533
23098
12231
28546
27862
1596
28953
2507
30856
29638
5597
30099
16431
12303
2691
29023
15570
29273
594
6185
16141
9241
28413
19112
17230
13400
5752
15826
22085
14937
15113
21152
7573
11132
2466
6929
22736
10338
17006
12401
28322
9554
20394
16091
23116
29147
16054
27133
3412
25531
20332
28443
6523
10496
3504
10326
14064
1389
10568
21807
31427
32543
32751
19527
20892
15985
3492
31336
4781
9500
14152
21193
16101
24739
9064
5262
16487
31726
5464
2447
15930
13364
32385
8794
22594
5407
14843
4987
24431
8235
9823
22523
24116
848
4566
15654
1339
8928
11382
23441
20567
31410
29903
8540
30650
6784
21184
20917
360
16782
21648
7581
1771
23948
16953
14831
840
28862
31495
5790
15667
9050
20834
6974
8575
1074
22760
3270
8664
15506
23232
148
27572
15212
25642
177
2951
7090
9050
17751
20534
18948
1670
10160
719
11659
20798
12769
18039
22565
7164
28743
13476
450
29180
26624
2444
21262
333
22190
29917
17232
4393
8055
25262
3473
12930
2385
20661
258
24285
12924
955
12440
31075
23887
12622
17913
26165
31288
29110
31643
11265
4863
3626
554
21459
31562
32579
21803
31533
27238
12208
17120
19545
25156
22316
11115
20734
1986
429
15157
21234
20524
5854
9361
16207
10243
30160
7325
16329
30461
30956
8041
32318
9548
30253
16220
18063
1571
3980
979
31407
19319
26555
6922
3321
26371
3861
25408
29895
31886
15574
3862
20800
18800
10375
26937
11889
9555
6077
31552
8352
55
29699
7128
10716
441
32021
10270
7641
11668
27471
27724
30715
12648
5732
32664
22449
16314
29779
5977
5892
7228
1175
5484
12144
15695
31646
21974
24818
9927
17021
32682
20322
25070
7906
23854
2563
14027
5962
32569
12633
2724
26484
12255
12090
1985
6421
30800
13608
29299
5325
15870
29918
20309
16218
15102
18217
16082
30476
21937
13561
12775
1400
7075
5816
23594
22897
25523
15834
1804
7476
23413
23734
10843
31971
980
8340
28171
12597
24828
12807
31029
8811
24951
3965
12896
14214
16533
30228
21760
9655
26642
19631
60
21527
5363
17738
8948
10136
17329
10378
26883
19259
10137
32664
3521
18564
12659
4144
14284
1068
26978
24309
16905
29461
8203
11272
5605
7043
15097
7640
31457
13960
8256
3644
32589
1472
1377
11711
24147
12607
9582
28986
1848
16840
8815
32169
10719
2879
5635
1591
27791
7009
5451
20635
12021
179
11267
21415
32365
32184
4850
9246
8061
31847
9605
9159
20642
21980
23223
9919
10832
16974
17715
787
16436
1345
24253
16014
26556
10749
8910
20176
18393
25662
15486
8096
5636
26925
19367
21380
9343
21647
1352
29326
9693
28221
13095
31608
18884
25556
22203
2804
5874
19117
29512
3389
9854
32272
17228
11762
9312
11684
23834
31268
14644
12330
2757
26798
16699
28267
22847
15556
29859
31343
8898
30415
25864
9968
6255
18296
29754
13070
3894
14595
10305
24133
5109
735
158
30875
2788
15227
12500
17182
24112
23643
25639
13453
32742
19562
28324
30294
17171
25746
3937
11712
20522
8842
10246
25962
14501
32239
3468
10996
28143
5015
22085
13564
8066
6946
18717
9548
17484
23249
21023
15185
21336
3484
8251
2768
28586
28542
20550
2772
2923
25620
18754
4331
17990
27494
11744
3217
2833
22789
1859
5869
12464
342
3335
10939
8758
20781
11906
6282
21070
925
16713
2855
32218
27151
30966
12377
473
31378
3113
22990
18574
6258
10957
10838
4575
19212
10653
9039
6907
22240
1766
9824
26943
27880
11406
16235
15451
25641
4949
19132
27568
12679
11099
19335
13053
4573
11747
1681
12859
6733
15446
13613
9413
8917
28811
25706
5052
16163
16965
21643
1962
14763
26109
27831
32101
17654
2274
5874
8759
22333
3615
6220
6971
25654
12636
14680
23562
26926
12935
21216
20631
32600
28372
4823
24152
26725
2818
3471
167
18772
4833
28461
1127
1932
12817
24921
9962
31784
27148
31034
7186
29074
26982
16801
16311
8019
26708
13700
30281
6185
11884
16047
183
24154
9643
3254
18319
4681
7868
22574
24934
28487
10871
26140
22650
2731
11433
24494
29590
2341
3091
21033
1590
15951
9141
27427
3052
27269
22860
17650
4866
2807
32025
22372
14945
28668
22244
24753
18097
3498
1089
23213
4802
15011
3090
20546
24363
20785
19277
10014
17713
26262
7935
12713
20714
3229
28561
7482
1698
20853
330
4234
22397
29119
11798
3689
18782
28902
27782
28847
22024
2991
18455
3958
17795
14609
11959
26758
1986
11590
14213
23313
20866
4898
18137
19361
117
28580
13188
17486
2720
25547
20825
25908
32001
16554
1260
14628
19830
8639
17561
17050
986
385
10952
21743
32369
31800
32112
3536
21894
13585
20186
751
8786
4466
7080
30712
11552
16011
2581
12487
18095
13614
11902
13272
20696
12256
31010
4351
14960
18224
12582
89
29296
10311
8412
28034
5715
6593
22340
17160
24512
17083
8915
2592
5481
26669
10612
12952
819
5243
16845
5901
15767
23878
29123
4446
13384
15240
13888
13152
22550
10720
30771
30676
22546
32042
21209
32662
14835
11091
3900
12055
20920
29803
30969
16396
23695
8700
28741
7016
17142
20635
23858
3976
17952
30652
26671
13998
7322
9163
7118
8625
16942
5752
21451
6899
32520
16722
7497
5522
27159
20119
27742
7395
27318
11338
19154
22556
32140
19847
25636
30288
16560
5652
4814
5793
2833
9272
21194
177
4886
27856
15701
16729
26753
23967
29171
32670
17817
31206
4275
7648
31624
9524
10676
31573
32258
4224
17896
27062
21031
32117
27928
11064
25771
19469
19753
3262
2868
1633
26269
28749
13571
24256
25181
23488
3799
21502
29877
24509
7694
28686
29088
27367
5902
21715
30278
23893
29411
2868
19395
28740
2089
18543
26410
17928
11053
7599
10953
13897
6479
17888
19631
10859
13227
1474
1644
7758
19704
21052
29208
6456
3759
12532
14487
13071
14704
1820
29978
31180
17571
19087
29161
19244
8539
18716
8801
30376
9343
31265
32312
15272
23595
3676
8713
30708
21588
12799
22796
6763
3755
13570
29732
11767
12740
3517
4640
4288
13176
27062
15674
11168
648
16568
484
15832
29570
7717
25285
4353
29929
5260
19966
10565
20112
3966
30641
17870
28743
30622
15812
17791
5049
23800
30946
17378
13717
7060
24259
610
10732
11850
22958
29115
20443
9175
31036
28590
10345
27185
24670
3321
21682
25624
21665
28550
16198
31982
21169
9443
29900
11976
19484
30962
28651
11973
29273
9442
23658
13215
13065
27229
5525
2687
18812
28419
25571
28182
2423
27672
15831
21481
18229
1657
4132
9196
171
25301
20756
3667
11281
18969
25386
29605
20381
29228
2823
4882
18066
16093
31882
29446
22393
3866
17211
14334
32686
27234
2538
23963
6175
8828
1427
1524
14161
15722
1925
21297
29860
15257
31427
32598
28887
3674
20651
9820
18382
21142
8405
30342
20371
9148
62
15090
18588
6911
21414
29807
25420
20159
8502
29838
16059
26180
9574
12028
17594
5554
12062
13582
1810
5689
1819
3998
525
28301
26261
27414
26680
8086
16671
18890
23398
2408
26062
12427
14072
7285
15261
376
20316
11009
7440
31000
19156
28375
5912
422
30585
5947
3895
20652
17023
29471
5348
724
13498
2970
25137
10746
6241
17045
20395
389
11283
18888
16258
15608
1815
1509
17386
9412
4840
12818
1216
30049
15857
22429
10353
13468
19349
28139
17432
28979
25970
14002
5862
8351
20967
10856
5319
3889
29651
2300
1090
5728
30624
25283
13217
3426
20865
11701
2387
10233
28919
15065
29582
14224
19866
8190
31545
646
12566
27052
32264
9674
25204
10586
21481
13480
5787
13281
25503
2786
18966
9265
27308
1283
26647
30275
31861
4848
25276
20047
31905
22720
8338
16446
6338
20941
25432
11106
1335
10763
3077
32357
337
16793
24588
30591
26292
3734
13278
13548
18432
20790
7856
10654
25265
19989
7039
18991
26692
715
15186
1561
25244
2240
19648
24873
14243
6722
7345
16689
4148
28116
13417
17406
9785
23497
14530
12681
15888
530
20152
24177
20276
23125
10539
4777
8217
30271
9185
18542
22871
22042
4043
22397
21515
3490
5257
24706
10106
11028
19247
3283
14840
5257
30282
30302
22793
20354
31518
19425
7365
26308
50
1369
6785
25190
21775
15548
10923
1576
1860
32490
17910
18950
18605
10465
15799
16653
2805
9521
21391
25198
29786
7601
29771
26833
4528
30063
6664
15339
27049
7917
6555
6227
21843
8842
24368
27025
16866
26942
24112
2680
16304
8074
14441
24503
642
17583
24681
170
14093
14879
15146
25206
20921
26417
1269
14676
15012
17688
32128
1069
31466
26390
8026
30312
20260
21229
26248
13312
17198
15767
27249
5081
15150
54
20215
23636
3537
22862
20711
11809
5080
20018
29075
4436
20692
16572
1469
22715
6445
3393
11191
20335
22889
17604
27849
25770
25259
22378
3539
18904
24698
17198
21299
14065
23492
6870
15337
18693
28451
31014
30713
12057
4190
13395
7697
6449
4915
26043
25708
7598
18772
6610
24822
2266
25519
15456
5297
19138
30962
5354
18007
30532
21839
26477
28737
3176
30589
3411
17799
29428
24319
6815
4713
27962
4008
25451
31726
26677
28255
30100
25290
25300
23328
23220
28037
24470
11331
13904
32218
5207
28417
5203
5470
19562
4404
31675
28002
12519
22622
6547
17945
27462
18925
6177
12542
22061
26813
30304
23152
12423
27615
29617
5791
1750
21145
25549
13740
18122
31149
32510
25356
12562
5598
655
5166
7538
14257
13696
19037
17686
15473
9599
11239
1830
20597
12308
14463
23450
26278
11292
7392
26704
18747
18296
27059
27739
10183
27910
12723
30111
18038
18128
21263
5275
12947
12420
28687
645
8270
11813
23291
28060
21949
15103
31033
24506
18208
1248
25013
29480
18537
26501
14982
18871
30716
15443
6606
31244
18099
21064
28129
26428
16677
8752
12458
13977
32296
4892
27211
22475
22164
25360
18180
21282
19018
2044
17494
21034
13941
7405
14696
5760
16656
12165
16041
21221
7593
425
14519
6801
3940
4985
2688
23241
19522
2437
12967
4788
9635
17213
22569
15723
6666
13738
2624
8783
13345
24156
14215
32671
23293
25252
8287
17226
30626
12035
18578
17921
5066
10977
11319
15505
21986
21634
15318
21360
32342
22839
25548
10389
18958
32209
8944
6029
24121
27483
29814
3020
8521
13321
4372
19777
9534
9323
19300
31533
1832
13542
2954
10548
26599
12133
11798
21173
25142
23884
18988
6231
8680
20910
8930
31716
112
9151
18409
3675
19111
11660
10608
17472
5066
8937
9029
25655
14786
5291
17213
17361
32425
13336
20183
18086
23433
27292
19484
21412
28775
6590
4553
13478
13696
5969
8880
5192
20946
14831
22620
3578
15070
2467
8436
1108
429
26854
21601
12714
28945
18893
25779
9951
24877
17280
28097
11390
25655
7150
26640
14854
12413
6591
759
30598
27558
12938
27136
32106
15163
26953
31120
18069
15974
28938
9931
2224
21753
26599
7858
26305
22449
15927
24718
12799
9661
7686
22418
11493
11130
26307
14268
1157
18049
4409
8700
29727
10979
4033
21400
18162
11699
32437
25807
11346
6341
14631
23229
4603
27574
9683
4222
30885
11820
20563
15254
30424
14175
8850
3984
24066
3801
21123
17638
13767
19066
22547
1825
408
3518
32604
3649
1159
3651
27419
26463
30553
16773
7012
12433
25821
6124
19604
19470
8317
26890
17032
20115
2835
29981
21516
11525
6654
8156
19094
27991
21620
18544
27189
24238
15129
25280
13764
7363
19921
13809
17251
25225
9171
25645
13608
28689
18944
8100
10769
1962
23410
12497
15165
17996
2135
12799
22876
23351
32512
9227
7781
25303
27445
16491
26503
26859
32716
11375
19297
21990
15994
29127
16501
19349
29160
24646
2010
13571
3593
15590
12338
3482
27308
25099
17628
9098
3149
13580
32107
22895
28465
5359
342
11054
2226
9844
5104
31263
29399
8534
15515
25714
30247
717
16185
11211
26047
18775
30948
28464
419
7608
29919
15397
21330
3391
19916
15125
14493
14668
12063
31476
4280
8207
2770
8227
16274
25234
22363
31380
31586
11258
27099
18222
6274
7690
16536
8307
18305
26344
20909
25184
31092
25636
12800
1428
24204
30454
10357
13749
13038
28103
353
10000
19902
9971
13890
28543
9853
20686
15789
26256
17558
27365
6023
20707
19763
27782
27000
23252
9045
13442
16285
9818
20004
9777
17789
28719
6532
6071
2879
4146
9448
30086
11034
22793
21611
16164
25356
6922
22557
16687
30415
20060
15770
12446
28169
10329
16354
2889
707
8247
18788
25004
21532
9960
23644
28135
12606
5694
21855
7178
4242
6995
15412
26512
1840
8232
5862
12841
21658
30860
29463
30653
22185
22080
6551
941
31175
18520
8246
2908
31071
18916
19926
20974
1170
9168
1220
14671
6956
9737
10056
25719
14038
31713
10874
20205
5261
8117
19288
32138
12882
12749
6678
11392
21795
13955
20405
7835
11051
32680
8663
29126
24118
17699
2258
7376
10855
12507
11267
31344
19757
25048
26725
1415
24691
10917
9569
10918
30231
3832
27624
21200
1950
17556
29632
2945
3622
15215
6939
28654
22171
28944
31854
14223
26158
4924
5760
3547
771
13777
15042
5971
13610
8178
13790
18369
21457
29796
26258
28098
29368
14648
14015
6018
17381
683
10941
13511
16792
17738
31474
6705
13441
4954
27555
18880
27185
18806
22281
9366
12239
28282
7592
27134
25868
19104
28892
10158
15192
31209
11189
32585
30039
32191
11780
25896
14990
4568
28086
15450
21347
18525
12897
29673
24900
12620
12061
2399
26406
4379
28309
5257
13873
27294
17758
16507
4793
24618
16007
21972
9585
12283
13937
14916
3291
20435
6112
2379
8963
27620
28499
10819
19309
19696
18577
1952
23884
27055
2693
19319
32244
10097
17739
17725
32658
3588
9867
23762
6171
29400
2054
14013
1154
24417
19566
28090
27694
14013
32379
1394
6315
24215
26171
31369
21920
28491
2218
5085
3329
12106
17794
22797
29573
24001
1876
21049
22875
4213
14808
29961
29465
10481
31362
25329
12021
9444
14165
23731
27191
19909
12284
3877
6894
3000
3351
7476
16866
24501
467
2857
14539
18663
11197
28459
12480
6482
9432
2821
29938
32185
31724
13098
17818
15551
1826
9974
24368
29004
17614
15927
478
17458
16012
4076
3380
26897
8846
30285
1053
25208
1844
5131
3346
20812
3293
16088
17037
21358
20990
29482
26561
13720
28017
13628
21896
31880
25359
854
13213
2401
18048
15695
21003
23886
82
9552
14053
16488
26953
24026
13368
20442
12278
2315
6718
14146
15499
27933
22996
6491
1774
16943
11054
27610
4876
3400
3274
19093
1904
11417
11938
1514
4628
30978
7590
28767
3959
8408
17257
12166
10223
8166
3611
5156
22337
30897
21687
15761
4719
4865
19325
3170
32721
25500
7331
10310
30055
16725
31048
7470
12654
2885
13993
21425
305
1113
19351
26798
18978
2061
16937
10291
10537
31862
29102
12189
7228
9606
5349
31489
27184
15756
4209
25035
15567
30458
32135
18085
8490
19307
19690
32411
25137
15332
5657
13180
29056
26202
26310
17795
21116
5237
9867
28726
15263
10132
25305
13967
25104
1553
5937
23130
9079
28102
17814
25310
527
20432
29506
30399
9981
6546
23960
3363
24288
3837
31578
14868
17577
6671
7708
6694
3757
13210
18424
8537
12792
18759
2436
20800
20452
17626
31745
6755
8683
6328
11221
27875
22458
30118
1852
15452
7046
3539
9530
31503
12451
2329
30932
20545
24659
3712
17535
3550
10460
1796
25049
10594
25309
32152
12695
15353
20705
16490
18366
19941
19765
10089
10263
28961
2551
9221
9948
28484
6000
32309
16824
3751
9380
25279
1263
13002
11814
9908
20696
23540
3889
25657
5012
18970
10485
21645
19194
18178
5167
2888
25297
23465
4348
30433
17218
29921
10479
19059
9100
15166
14177
13505
29946
8755
19464
2167
31251
29305
7116
14771
24080
21424
29653
21699
24723
6473
25321
21041
27029
22179
3317
27644
6560
32372
23785
22569
10815
4459
2249
3194
12980
8212
7169
28542
9448
9211
31738
6858
5800
29716
6890
4741
11021
22618
19696
5674
12348
183
29536
28297
17744
25380
29276
23823
7317
17681
9380
4168
11767
29703
16814
16802
28090
29068
27130
24692
23403
5703
19872
28222
32022
28772
8491
28723
6841
24890
21673
6644
19961
15915
16643
5535
14868
30924
16267
3336
23
4678
24532
22598
17233
24061
12230
30066
20999
22383
18929
11691
18025
3934
7714
2909
13253
29745
10292
1475
13307
31128
2345
1451
26929
25455
13946
10106
18375
14309
13226
24175
15501
7389
2593
23852
820
9364
29496
26482
16643
19844
26769
28972
14283
14729
3753
11951
9501
24643
11696
31296
8634
16571
11416
13014
5451
22089
17004
30754
4691
21685
20963
26573
11873
28572
9013
16385
10890
12565
28717
2858
22
9109
30335
14590
9594
21264
1117
18619
8071
26977
13125
26799
13024
27116
17693
12030
18865
20610
22401
20384
24990
6021
24924
29609
5626
26956
11957
5581
6714
200
20172
2083
14505
32104
10342
1833
10589
11835
10341
32265
21865
6229
16027
24602
23124
15475
7392
15274
25034
24546
27746
27131
8594
23708
27965
139
6080
15541
13388
26520
22316
9461
31550
14820
30754
21191
14060
20918
347
12625
26601
10017
23852
18917
22875
25480
12030
5016
16906
20066
7422
26160
31671
30523
25110
5188
17583
16635
15387
28830
16288
12907
2632
17124
9642
12277
12267
28536
24249
684
3934
22172
29715
20620
12601
11994
4397
27138
27590
24227
1731
4271
7861
6454
1063
7017
22289
17091
31450
7042
28531
24528
24665
26445
118
5085
16953
11743
13674
29507
24694
30739
22861
11362
16905
15057
12279
19451
30648
24207
28564
8411
306
24599
28247
698
2139
28299
22637
98
26341
10919
560
14612
10784
27463
10910
25895
2323
11049
16905
20978
203
1011
2319
21740
2803
23160
7117
31250
8869
8247
15696
29065
2944
20004
30540
133
3835
31916
25105
31081
9208
15603
10426
32560
13469
5984
7592
6155
30303
21339
29487
21323
2143
27733
27790
1666
19450
22537
6949
26085
11163
514
31714
31733
17364
8286
2301
17503
8878
17873
5093
28192
4413
21741
31610
2284
7031
14496
4732
8657
19014
1534
19011
4888
17371
27456
30129
2924
17990
4109
14438
4158
12355
19193
30258
32615
3159
20556
22224
21519
21020
15876
12753
13006
20953
10525
30422
274
32342
4111
26114
3009
2287
22169
11439
287
998
11965
14944
16881
32510
4876
25079
19939
21061
13859
6953
20263
2865
2934
30766
2399
12270
19788
9149
12221
19703
9227
31543
26216
228
21174
6435
29474
31362
3252
25562
24873
7465
22739
29827
7258
16202
9612
27202
18332
14152
29321
32173
21116
10889
13156
26752
4629
21196
20402
30097
24883
11709
25664
19718
3000
19142
10652
20677
2366
11049
9175
7468
19197
26700
32650
515
8431
5203
16407
1966
31283
2292
9009
21671
1200
6279
23967
1836
28666
21853
5436
22325
22393
25427
15427
5289
6088
1959
12745
21969
4955
27402
19339
27149
10853
16886
11498
25798
27128
20289
3892
21667
13934
29939
24357
31488
29961
18261
21422
6044
30934
22090
25076
7313
14039
8418
12956
24202
1376
26413
31814
5424
27330
20045
26455
16357
16167
2767
24316
17077
9661
1340
29548
20361
8471
11498
12653
28574
18128
27928
4889
16694
22129
30778
28130
15758
14228
23954
468
6927
9034
7424
3610
8136
31931
11547
3780
30748
7436
10112
1991
26040
5766
3947
325
23241
13044
26244
6415
21867
12620
1019
19817
3940
1682
25046
25869
22034
9722
21642
6258
7842
5197
24777
24653
10883
19085
9116
3417
20506
11228
177
3411
15288
4762
2806
329
15561
14542
23399
2325
29518
32711
18979
26661
29069
23299
15814
26493
9734
25167
1267
6398
8618
20272
28208
24552
3656
27010
4599
25246
26952
10079
777
18857
22171
1090
22790
28672
8178
21356
18747
26758
13358
4487
16827
31957
15128
31114
15025
2362
4435
24796
12788
23040
16527
7868
1244
28146
18430
736
7253
16923
18700
8028
7985
2768
27723
27078
7875
32241
4780
30616
29097
4715
9973
22997
12521
22785
9071
23536
2880
21069
8159
10729
25270
26113
31672
8633
26742
24435
30863
21488
10973
4953
22735
30621
18897
4816
22190
21870
17748
4004
1888
28184
6744
21963
32394
24569
8661
32306
17913
20476
26138
16061
32148
22974
25185
31625
14223
19183
24741
32116
25826
11770
27064
29151
26106
26600
31632
6066
5038
28033
31201
15777
21620
21429
3314
30126
4565
16187
25257
8687
8734
30584
1511
16018
31321
8354
16412
3358
15483
24869
14610
1275
30175
30278
18701
11573
8691
31750
12566
17277
17714
27721
11668
21617
13394
6455
5916
10525
23486
9955
1418
11713
6982
18474
10577
13780
2581
17119
20239
16714
14052
32549
16741
10003
14446
9755
32005
18660
8740
5055
27404
13369
12577
8204
5523
21659
17760
870
2688
6942
31533
23096
24738
16175
30937
3036
4862
31884
17586
6331
9827
29332
14130
5045
19781
2241
23927
19139
32200
31859
24563
25306
11802
31727
16741
27411
11014
29351
2568
11018
15558
27324
13066
12419
3609
10177
26175
24660
2454
24258
26135
3711
8512
12164
12750
24990
13402
17167
14818
1412
1917
13162
14538
28961
743
8358
997
17318
11030
5917
26801
31978
1942
11004
27197
5388
27671
27903
29409
14171
22466
7292
20012
9330
24269
15011
32542
32679
21069
25348
18071
2983
6732
3410
28176
6746
30236
7270
10889
13325
5866
24198
11202
14799
18582
25320
11182
1819
7363
18546
4645
22200
19498
27076
217
28382
16947
2680
23435
22682
1734
27048
8319
9843
31326
23985
9517
3662
6240
23863
2873
23183
13228
6506
421
30337
24945
3463
9798
6648
1605
10145
7028
22581
14709
28321
9734
5641
29337
18828
26494
11070
13676
19460
2176
13106
12251
11282
26505
20677
32348
17698
8157
26997
2689
19535
31937
7112
14285
6625
11499
29931
21190
11284
18999
10648
30283
18204
2459
22076
23336
22117
10077
2650
17896
29471
25475
9002
1771
13306
8844
14727
16568
10798
1629
9992
26771
12223
4990
26220
13651
27391
13958
21307
28782
11092
15828
3242
23894
827
7040
32703
11016
17293
913
23735
9185
15362
14961
31653
4020
25843
10142
29787
31771
22116
161
28045
24330
12353
8260
26420
18346
22504
24064
1073
4452
12008
31157
5939
19771
9992
28574
30426
21856
22412
18563
23837
16128
30643
14896
21993
7777
25220
11303
266
20781
1994
29842
11087
17166
28254
24955
745
24698
11172
25151
27413
11217
29784
25920
13051
10405
10891
15835
13269
4440
3304
9882
6739
2797
27452
13226
24382
19224
1078
18831
13149
25751
28779
27670
25237
11717
16028
31115
29267
30061
9532
9773
32559
31196
27949
19423
7625
22074
31179
25120
17143
23066
4651
12861
30499
32591
20388
7109
22766
29185
21903
32062
13081
24321
13900
5398
10662
31834
10630
28381
16954
41
30647
12465
19398
31150
16110
23801
26982
16546
29904
23638
17546
28363
18908
25558
10835
6095
20980
2923
6208
13126
5657
10396
31753
27922
29559
16763
10955
20467
27553
11223
21350
32342
18973
11442
28707
28014
17187
11253
31643
22150
28578
20579
27860
21142
19076
6092
16044
21524
4915
16259
1659
29452
14684
4370
24052
16243
13811
26411
9292
3513
30071
32482
23199
29085
14199
26906
8079
23365
1877
12349
3630
2702
12874
1585
1054
19617
24234
3719
4854
14279
10345
6389
8424
22910
26335
24582
31905
2764
32712
8208
26737
24275
27535
6759
24748
24486
20172
22736
8528
3419
19723
17720
12007
21345
30927
27046
26287
26644
1238
27759
23033
19087
6815
7337
30927
21185
31274
8929
20441
1988
18175
10769
23938
12393
9841
5324
16982
21016
4900
4796
20654
4567
2509
10830
16272
11176
29497
2732
1233
29720
28561
14828
6780
6165
26332
29574
13176
3840
709
19212
9060
29443
30110
26389
32198
13221
12966
26747
12389
22171
31623
20934
7411
15073
26403
743
30191
4618
17808
7466
25290
981
1377
25446
12105
12288
32296
27254
2602
609
17465
11757
5898
3378
27056
23814
22406
23981
20661
29658
12193
32473
29438
29910
2405
7843
17046
22123
23502
2352
2013
30983
6371
28274
24785
14661
18214
9721
17803
29281
18990
25868
13836
1262
7827
6905
30010
13771
3338
26537
29990
31059
6353
24695
22672
32468
11598
5954
11693
4162
20211
6081
17960
6701
21348
20247
20582
28657
25820
4520
5646
8237
21709
13098
969
28022
454
25855
24134
16204
21658
20162
18562
8012
6335
5408
32582
5800
13300
17129
28145
32725
294
18534
119
8323
21141
1262
22186
8146
24371
3764
15544
11459
8012
11491
3317
26860
23660
14317
24283
27505
30846
21535
10063
28719
12337
14970
11814
1850
23712
958
31976
22666
30769
10695
10964
20465
27325
13084
10788
17744
24818
15558
31378
29963
13046
22110
25882
23738
7757
25706
9474
20514
22269
31978
8728
23139
13296
29229
8251
16242
31385
32745
2076
12746
3547
20107
11590
4191
1062
16588
13660
16596
26851
16261
1186
31213
11538
30660
21439
4679
2865
16159
21186
10055
25184
4680
32098
12368
19652
25058
1162
21049
29993
8595
28949
1790
28651
19803
25558
28085
6934
22820
5851
22212
18892
16026
1010
24658
16103
7484
21613
14075
15072
8371
32291
20168
8432
8547
12727
10334
30580
13121
32285
30325
18326
5860
19801
14220
8234
16606
7818
6107
16342
27468
8488
12170
10870
26028
5514
28960
11710
5871
5803
23614
6433
26063
12589
18573
11506
31587
27550
23797
1226
5105
9211
1808
297
20995
26226
1758
29792
18365
8556
25274
5806
10861
23243
22412
1449
25700
19056
6465
21215
30981
32257
30584
26046
28443
27113
14974
13489
13680
2976
19581
6540
13723
300
752
17706
2329
14824
7258
5716
1183
9348
17976
22501
3503
32333
16180
10796
28266
10158
27035
7058
7077
8695
25105
13437
8510
6750
28292
31348
10416
9796
22878
11907
19942
5305
3327
19169
13901
31041
874
976
7725
21464
24126
20421
20537
31285
15081
15049
15205
9804
5912
2335
6903
19990
22897
27943
25825
10388
21125
21634
29262
1042
18944
4215
5755
20905
27683
23957
6088
2567
11125
3738
16143
20339
27317
24212
28980
28939
786
11846
1789
13136
31391
12493
22308
485
32513
19332
9899
28308
30826
11556
29552
8594
18636
24624
19713
7940
2886
23696
12209
1473
26595
23675
5612
11098
20355
30875
13255
14680
13337
20332
4315
12228
4375
15334
29780
28909
22567
24411
22341
14949
5660
674
20799
12109
25640
4725
13089
22482
31055
15128
17457
14840
28699
26427
21868
28567
5266
9762
7963
23970
20069
15619
7335
28847
31594
26544
23214
692
20044
3189
27478
19983
1410
26436
29922
4554
3709
28687
3715
19228
26918
118
24432
10291
24455
31906
13368
6192
26056
881
32343
7284
13918
27091
29192
16154
32383
1396
13915
21188
11993
2715
23431
24475
17539
338
2945
24977
7732
5575
10446
15338
12723
18418
20373
1530
13710
15992
27896
5424
4879
16591
24740
26707
13420
7331
23719
22540
830
31353
30595
12453
11060
26003
9344
6416
29961
2835
1606
27435
19891
29795
20394
24898
19934
16595
9929
15573
21912
8836
15955
19100
4174
8838
6442
26569
29943
28733
11308
27789
5775
16393
21068
8157
22727
32037
18152
6262
23803
21200
6743
12063
15204
20651
21697
26158
23695
11875
15155
27213
1805
29327
27378
4222
30061
220
16144
30045
2151
21351
13374
8613
26970
25450
16097
22518
12537
1307
18280
28630
26176
15057
16604
25077
27054
17257
3512
27061
8366
26600
9980
24553
30038
19553
14717
13021
32339
18458
11647
8088
25380
2282
19589
4189
20615
1509
31080
17528
4401
1340
11943
9527
7874
14686
14078
27702
16120
14691
21562
32479
291
22699
18507
9010
12249
8642
29851
29122
2794
30855
926
10496
23958
10126
20651
17852
17662
23746
522
1257
15065
22863
2382
12961
14440
22719
32228
27241
1452
29538
1517
11445
2262
32756
16713
28079
10751
14458
27380
308
7961
9837
9366
2079
13350
6682
8277
17099
25512
12617
7406
27859
21336
12573
26628
1564
2330
14139
23224
11542
27697
1582
1145
28222
26287
28939
30749
11496
15152
10832
28465
2363
25288
31250
14222
26493
1850
8024
7981
31889
28011
24770
21053
957
25622
4206
24434
433
2752
1819
22175
14533
1263
23183
13703
12931
28055
21303
5873
613
7893
25870
22522
9695
8671
12223
10159
9632
23356
18958
13531
23574
18224
23668
28190
1328
23163
20233
2111
31591
23363
3752
16067
17919
17998
11597
703
23690
5236
25025
3050
17327
29780
10874
32758
26409
19527
6076
9249
21778
6290
261
19719
15970
31200
10664
186
24755
2031
6328
32532
15687
15497
10279
9292
16715
2742
3887
22984
17245
30256
27633
2354
31309
16151
4189
17870
20768
30182
5713
8203
15451
2982
32517
22360
29822
12897
24998
24120
14798
8666
27969
25753
1367
5243
16867
23650
19250
4239
25855
11339
12804
20913
21775
1265
25543
26244
126
3114
23501
22181
9158
21141
22017
25822
21206
18294
17265
16797
12726
7873
26633
16804
8301
23925
1441
27905
24099
43
14395
31297
26499
28655
26501
2529
5219
14670
29094
13829
14503
14768
29494
19052
19554
14057
20622
14500
24383
5386
25667
7290
23328
7805
30445
25781
23044
4689
25645
29700
4910
27858
4334
20020
9092
7773
5866
9638
13621
9330
18800
23809
19102
14603
30565
20772
12399
3116
3722
32607
23305
15292
1020
23522
13099
32147
9729
27765
5582
12244
15105
31594
2893
17277
4563
30416
31177
13628
26427
20458
22220
2181
17584
28384
7212
30945
15458
3763
1075
21897
9851
5494
20732
15155
17317
15548
8992
8236
26829
7757
9107
26279
6183
31005
1224
26965
11123
17022
7964
13877
29566
22420
11377
27566
28907
25353
26393
27611
2611
19203
4087
23078
25323
15187
8160
5912
14406
8176
10311
11887
26330
9123
10010
27505
32167
1795
20967
1921
597
25508
7235
9968
19133
12172
32108
6165
4011
5350
14637
2208
7394
29179
12290
9515
16993
5469
31357
22290
27365
2661
21480
5253
31663
2528
6188
30427
24967
25350
22770
2857
28417
28844
19975
4372
28671
28346
9477
7139
5751
17374
29744
18905
9335
4994
21662
1473
30566
11260
26523
1738
22668
9477
19275
661
14037
17005
17041
17805
11729
28429
5168
9591
32256
25596
25904
585
23117
20486
4740
18752
11992
4953
19945
11821
17656
25474
529
3856
26753
27544
16897
13799
29250
15543
18360
27848
23506
8880
17937
6190
16525
12543
4586
19345
28633
7166
26246
3129
29870
12888
18736
13907
13909
2751
20513
14405
5743
14818
20644
6207
12346
9369
14456
30738
7440
16995
5750
2886
25136
25619
5747
13158
27585
21190
29800
13983
14612
23320
10961
17546
7722
6296
24658
15685
15990
5497
22688
28360
9443
4746
27807
15478
7449
2920
19912
25843
12796
19185
6350
23094
30070
9213
31617
24543
30071
8777
29170
25546
570
18356
24280
17636
10697
10670
818
31805
3267
749
6446
23647
28765
3425
5706
23263
12711
14443
22713
6193
32273
3914
17416
6592
29997
25558
4353
27198
6070
4464
21712
5177
10194
27705
868
10992
24212
12418
28952
21860
6853
1668
6035
4018
27876
28241
8684
5791
9323
10251
1042
12661
16980
27732
8556
19982
29916
2309
18108
9006
135
13859
31561
19734
14948
14095
27965
6229
30610
7164
32076
28386
5635
14246
11670
7016
640
7490
30671
22241
24557
15024
20125
21606
13263
25336
20033
16197
15371
23796
24698
24405
20976
19018
22438
22406
32376
31390
17707
12988
9163
32517
3861
13022
24581
4540
2305
5673
3385
9754
5177
18123
694
13507
2848
10413
31625
6175
31697
31120
17987
3338
30211
30555
8700
11213
28720
16563
27799
27981
2038
9165
1608
4227
8637
20352
3668
29740
11162
6815
23832
14530
1907
21893
24397
16042
24676
23025
13962
21679
28514
19733
17162
10927
29470
18409
31408
23700
24364
22981
12616
10630
1637
6447
13840
11104
17546
14066
27255
8800
27434
18288
13860
10530
30149
13880
31802
25807
18737
6107
30171
1426
573
19964
5611
11083
6037
12711
23062
648
21221
14308
11540
11697
25921
17547
15915
20098
6853
8025
29174
17342
29048
16196
20582
28450
6006
24588
5126
6040
5199
5651
16003
15278
8618
21614
22123
26694
30510
6460
12853
26511
3490
13366
29826
23604
7506
23432
7586
7379
23477
736
22106
25520
15438
10436
22500
9899
14544
3624
5432
11119
25733
3136
2442
11245
20208
31891
20500
7945
31154
26449
26901
31122
26026
27622
20506
31608
31584
6095
18300
23865
21156
8108
32042
29085
7538
11927
27816
4003
14873
16309
8792
22715
12444
13834
17401
12085
8025
9874
621
28922
23272
2189
22719
19066
17734
16410
15460
13797
8243
14087
8897
31390
24280
30696
32750
16621
15021
32614
8890
3572
3994
14298
4591
15332
17245
21275
20183
17008
15403
30355
8446
25474
10906
28057
20282
4141
10942
22011
27113
6628
146
31449
2682
1001
29594
20922
11311
2311
3527
19929
544
10628
16795
32192
28292
21842
15245
10008
32556
1669
25263
21696
4944
24586
19598
2844
3726
9365
10330
5808
15664
6619
25927
10477
19886
11266
6194
14154
883
25941
25736
20631
1764
3645
27748
23694
30367
2412
3063
31148
7680
16476
25645
27967
29930
13304
30861
22975
19652
1433
25698
12129
20161
3123
27416
2794
12133
18897
26600
30401
15173
21822
24760
16969
8462
3077
16444
25453
7368
8348
31586
5757
26716
22749
9709
12344
5460
4277
14943
22058
13283
21792
6429
4408
27429
11093
718
28281
26279
22589
4612
8775
15658
15402
30750
24982
13476
5830
365
25989
1928
18250
9365
19763
3911
23792
8502
20948
30743
2986
29132
260
25075
22804
5332
29018
4835
5543
28977
9537
7805
30256
22989
4099
9900
24961
29827
28967
6576
18023
2109
31229
4454
3548
30297
29047
14282
32125
25426
19002
21690
7742
21148
24309
26877
31580
14799
18674
31363
19859
20232
1259
30190
26258
5772
23070
18770
28844
29615
14243
7225
22224
16629
31742
18667
26811
13174
23281
31468
3948
3463
21908
5829
9688
25750
30887
20231
18912
32342
21798
2702
14720
2333
26398
3
4169
13194
24256
10916
30993
26474
32691
31816
10217
11228
2735
28829
12367
29364
25928
26037
2981
21790
29703
24001
25570
900
23231
3612
30344
27825
5918
24459
9174
24630
10627
17347
32318
12300
16399
1067
28185
5500
6143
28132
15770
23868
2361
32519
8448
7899
28708
31021
3856
862
27069
32053
32195
24364
5608
5185
22332
8999
21507
18946
15100
26908
11713
15414
24409
8029
25654
17262
10028
6060
21294
6421
16331
32091
7875
7854
23351
30386
24367
10845
23190
30097
16094
31913
31971
31574
16072
17280
26084
21505
5373
20091
4444
3223
22913
22628
1667
10436
30043
2550
24499
23491
2025
6627
31332
18563
13942
11804
25434
3330
6670
25164
21277
7421
16273
6053
20138
12236
28167
29152
16488
17800
10035
9599
7517
1902
5739
31574
27298
1928
24999
11593
14100
9098
4311
87
23885
3834
32634
16344
8659
18579
3180
32258
398
32492
31743
15794
17536
10325
16462
26986
10416
20993
7118
15253
14695
27243
21030
31763
9887
2802
23361
14065
12473
1222
19617
20600
31854
13576
27894
6762
25352
25645
9711
20104
4818
13476
18512
4695
5069
25784
22085
26660
1188
26551
18421
12614
9186
6740
32347
9635
31075
5706
22609
25718
13320
26946
7662
591
4015
13047
13842
14427
22371
28312
23103
6373
22479
27502
15531
27933
22009
14526
21651
8216
24109
2289
17617
23321
32566
20466
4273
14095
17877
8408
4865
10078
3179
3781
27495
482
29433
5389
22008
18481
4938
19099
8453
5665
17775
25745
13624
22923
2156
19503
25568
14158
25393
19446
28554
16790
20940
6157
721
25438
4828
13795
2423
9523
26953
1814
8116
12091
9778
31636
3021
11383
3879
12032
30185
29509
29849
30039
21025
5929
3214
6867
12502
18380
26009
23311
26951
8517
1546
21357
21090
20888
2914
29877
32219
14204
24074
14334
10620
24162
19780
6866
23228
31666
10081
9869
22674
20824
8757
1798
30603
6527
10184
29809
27675
24476
23374
29828
5936
27311
27225
14041
269
7366
32334
4244
30294
27586
25109
23365
31591
22365
12309
15120
2538
108
7264
4107
19625
17762
12074
5863
19872
2070
896
31955
19031
198
24119
27293
8815
16987
12578
19226
5242
21486
24200
20681
15632
908
20692
32435
3103
22070
14991
14485
9346
14636
4748
7745
22997
22636
8290
13890
16520
15989
11551
11199
1075
8528
11323
9122
30761
209
28875
27896
5712
31259
17143
4251
24624
29794
27054
1039
22089
2805
31897
939
31146
22651
4685
22521
3007
1916
7876
2655
107
19492
5646
19710
22102
11076
10052
6618
18825
12954
9150
19771
5176
1618
26245
16212
12766
26572
20491
8483
22672
6560
10778
8344
7306
17632
2059
6137
29199
17309
30520
19589
368
29868
5044
88
362
31913
21817
23438
2996
6205
10337
28843
8153
25501
10265
24635
18500
15187
2899
24501
5529
6721
6908
10149
25676
6371
17454
3338
8300
29140
6822
18941
31679
12180
24440
14740
18964
26504
24577
2822
30677
9794
16670
12304
20188
28931
2715
2711
32135
126
1775
7566
5135
6367
19238
17690
27669
8972
31518
14836
11902
27435
7670
25616
27521
10340
5828
16508
30974
12776
5510
24202
2834
1330
5212
14385
15080
397
13556
27057
28626
31958
4677
3190
24216
5507
23168
14655
4880
26084
17731
30079
14318
31913
14864
4099
4318
16037
15103
12502
23248
5585
26543
8290
1683
4500
11394
2519
422
23617
29194
15569
331
10722
24766
12853
988
1076
3314
22619
31842
6130
7942
27251
23652
26454
19421
22305
28669
1502
12688
31339
16433
16716
27748
11989
28545
23536
30714
31178
17597
15401
12486
22334
22554
13610
2498
26770
5765
19706
19044
2744
3894
9150
26829
6039
16263
24635
21571
22193
20743
17815
17377
24835
32202
22111
23949
31788
3844
10447
18731
12498
10710
20557
1040
8258
24168
54
2234
23894
11576
19421
7870
19612
30386
10193
26369
20404
2304
4191
30763
16378
16419
31064
8025
31846
27715
27413
6419
3760
29251
28855
22141
11191
23193
15283
8913
4899
16989
8335
15628
4681
25247
20710
14824
11856
8702
30386
16907
14738
25718
5323
126
22597
3450
20650
21856
14427
26691
2419
8412
166
27239
24627
14936
15168
1197
5477
26607
16170
30240
24508
27170
23859
21858
8220
28618
21532
17475
5865
1617
20473
402
32389
23074
30938
19764
12052
23390
21675
21106
12163
6865
89
3223
22472
29476
1079
22971
26731
21076
18335
12250
15173
14179
26588
10281
29064
14413
30279
21673
17151
9277
25009
5116
21143
5633
3841
22392
11295
2747
25886
3962
20300
20698
20496
12796
27648
25417
32610
3946
13259
1254
25546
27058
25779
12342
12300
411
28976
12119
24859
3671
27003
28726
4481
21339
2568
26882
7170
18542
4945
8416
20860
2048
20182
12512
17938
30654
25954
20783
31113
24419
27279
18063
24306
25041
16780
17413
1930
3168
16158
5329
29918
28790
11493
8867
22067
31576
4577
11276
13604
63
25653
16179
21901
10415
2090
19657
19624
16132
16502
26431
4982
1870
29631
566
6241
6750
27483
17975
5151
30497
28506
19620
9689
15917
25542
22510
31373
19354
19241
23561
945
8979
21072
27421
281
25132
18767
23167
25114
11510
11717
13279
16880
18642
10849
18115
861
22914
12197
28212
20371
29830
2538
24246
31828
32421
6309
4222
7512
1994
2792
6624
17647
6417
17708
3591
14311
10530
21581
13288
6320
10942
4566
10616
19902
27031
23935
18205
10031
10597
4084
22371
1966
15158
2776
30449
5271
32005
2570
12475
12635
30607
6695
10873
18983
3682
22608
30039
12736
30263
24365
22254
5810
25985
1329
7795
21417
13126
20512
23086
7967
22574
16847
302
24119
1498
25132
25916
7913
18550
10877
269
32096
26258
13805
30396
30880
29485
23364
21111
31340
17939
5110
25976
5735
20074
21599
19766
17529
29575
14669
31453
6772
30726
11967
20220
18680
4889
29676
7550
24468
13344
8327
11740
7213
9338
3906
2961
18852
31643
20881
15053
29107
6495
4272
9581
26136
6814
32743
21547
25846
31745
17421
18450
23672
24340
29771
2102
4535
9628
6178
14241
11998
22314
18095
18320
31884
1264
19246
6624
19065
8148
29374
10179
19293
29891
26467
183
26637
17224
15441
13753
19943
8797
3944
1205
15473
10113
25595
22594
22077
1034
6869
28556
30992
3261
11134
17041
24898
24476
698
30353
7272
7167
10835
30399
3889
24806
7704
1341
4750
1422
29222
22599
27670
16450
11878
6063
9640
12148
855
20105
2130
30988
15374
9511
15985
29696
4475
30536
24858
4133
17133
6796
29881
28741
6104
26923
6392
27249
11991
25831
28643
25240
15853
1599
73
13145
10256
3046
5989
6422
3048
24179
28093
21322
12244
23642
4939
28700
28462
8731
26331
30260
3280
8889
7348
24781
3798
9326
6266
8715
1958
30109
7763
8079
28718
28168
8009
23882
30573
4163
9456
19086
27445
24425
8264
25963
7727
15629
8164
10296
28447
25459
12620
30064
21865
20480
29089
30144
5845
12784
4479
7261
2703
12615
20519
17819
3442
8714
12766
9148
2949
30638
30096
28165
17094
3281
3513
1560
8999
4904
8326
1917
28631
16313
21303
30082
1474
1866
25799
31557
27483
32537
23503
29199
3481
13773
19368
8675
20031
6317
29903
28759
18273
14608
17550
29091
26660
1556
30681
4088
20165
20115
25975
15635
989
8019
13154
25105
31459
20861
31599
389
31730
23889
9009
16328
23244
17687
27419
17808
7968
11353
30950
12484
520
28495
24882
1935
25814
20123
29808
25012
9488
823
21247
15393
29113
20139
3221
10950
1490
23427
20193
23719
27681
512
26479
9776
12337
17678
7371
1481
8346
7030
8937
22187
1666
22869
11972
9714
30308
19917
27974
24051
7697
26874
24936
15311
13300
32295
28058
17225
27545
30274
3173
9428
4977
1678
31823
18928
16335
16280
25343
31671
10039
2156
11169
22451
5080
23048
9356
1779
3671
20241
8226
27486
9678
23493
7416
14151
30997
16945
14648
9025
25920
5796
30019
13876
32104
26723
2458
21424
12207
25246
21502
1154
15230
31139
8150
11653
23825
30802
19922
10427
21046
465
7886
29852
7249
23425
9721
28078
9124
4912
9782
18006
8141
21904
24258
12526
27024
2279
2839
28695
6615
9
6673
16721
6647
22916
24656
21961
2357
24346
18909
19825
7049
31092
20240
26710
21922
3092
12465
25135
18985
19852
16221
11313
15434
28653
12843
31019
19313
11651
20624
20430
3153
3519
29568
5964
13099
30325
8662
21030
13133
23880
19446
31550
30681
11618
27313
14644
6599
13672
1385
23535
14125
12716
25461
22650
20414
18085
27846
14098
19089
32669
32203
10109
2341
9642
12947
12189
11169
735
27954
10308
27232
26051
7013
31818
10412
30978
32633
24029
9418
17251
104
26137
26936
25594
17734
21208
25394
24223
8155
22220
17018
3231
2706
12235
1625
1457
15762
30569
23521
5419
7978
25036
12662
3957
4978
24252
9101
7102
28463
20730
9906
17903
4600
20435
4816
27869
27543
9972
29613
24771
28850
2176
17076
17903
17067
9568
28151
4027
3780
8155
20596
10175
26759
3174
32663
5445
9061
29885
4609
14589
28573
4402
17288
28915
15967
11333
6783
14525
12593
25718
29239
6649
6291
16471
3781
247
17886
18661
7686
18866
13426
7704
18913
6405
19984
14777
16332
22043
20101
21620
20882
22568
2697
8494
4947
7254
7654
21145
6860
6147
17629
7941
17368
31529
25797
13945
7735
30493
2037
24322
26767
23933
20708
11083
15536
11107
10383
32622
20764
21727
11291
22538
29639
25765
7612
1942
8731
17410
23765
24052
25151
16149
10593
28233
16793
6459
13969
26381
7314
17867
20662
12382
5017
6404
6754
17562
20842
1347
9418
30508
1680
14457
26479
7590
15912
11741
23294
20241
28649
2014
15220
11648
29537
18012
13701
28140
14465
11543
831
4667
26972
28264
15339
2466
22828
28207
23348
11053
25750
12556
17291
16028
10031
19410
16329
1905
10814
26424
18454
1607
28868
11218
3594
25701
1209
10816
5139
15763
27033
5030
21527
15405
6175
22108
14682
15221
26448
29414
29089
25645
1724
7462
22936
30566
28161
32208
2161
15251
26000
10271
16078
16353
3252
6086
15585
27083
208
19242
17361
232
2536
19918
18016
11528
28770
18190
3276
6784
24590
24849
20466
14530
31845
7161
4025
18225
2574
24924
10414
9267
20903
27640
27884
4743
8129
22434
17471
26841
1580
28032
6025
24467
17014
120
2916
28919
28078
28136
19976
32619
22893
5784
31856
13843
15896
25581
25272
22437
7775
11615
7114
28537
1033
4652
21561
6368
31220
6990
13421
20663
26455
14763
13825
1340
12363
29837
26729
22560
16266
23633
26840
18141
23926
5475
4448
11593
30813
3946
9052
22123
16891
15551
28939
3982
17984
24100
19069
29077
24404
14003
12723
21646
10969
15380
6658
8586
25712
5875
14008
30379
18814
1969
7426
20862
27184
858
15629
13195
3004
7384
30316
29995
32746
3686
19386
15002
5588
30535
31104
16205
2025
8631
29784
27526
2872
25890
4691
26661
25580
30868
25497
9409
8978
18801
32335
1015
29091
10854
16830
8706
3262
28319
21681
27020
22325
17722
25374
27332
9291
26876
24329
10417
8124
30787
18598
20678
30462
2364
16830
4278
10183
20054
28755
32394
6095
24311
29831
18160
22999
30829
30138
5590
17386
19239
2803
27959
15075
10277
641
24117
22319
8877
19682
22633
18132
31296
3811
887
4274
24780
7945
22245
7433
28963
29232
25645
10044
27052
15218
1808
31957
32600
17226
28718
11720
23768
14841
15828
4604
8718
2345
5909
18439
30657
26833
32028
4410
2964
15192
18112
11997
2105
29949
31321
9403
24034
4726
31186
1250
28408
25303
13568
10404
29968
10422
22066
31457
12827
22157
7434
14217
16860
27231
23435
17500
8096
11423
18802
1780
13353
22093
8650
23558
32747
25186
16059
5093
13691
3694
10147
6215
22596
20096
17768
8012
13180
14406
12556
4028
15702
10613
20609
31376
14969
11627
13759
19893
13746
26132
29717
9228
8165
31754
24508
22197
11338
23040
27570
13197
15573
14176
6597
31989
29430
13875
12526
5846
14467
6210
11745
1250
21747
20346
8674
7708
25292
28053
29658
6554
14686
14071
14250
22665
7858
23766
4031
4467
21950
8862
19687
16573
23770
29332
16483
628
28792
9657
29757
14665
9743
753
15836
9945
13144
14692
24277
22834
13757
23077
10244
4499
3599
5394
21212
2164
9335
15611
1275
12998
10415
22278
12801
27772
8817
14673
20387
11338
26160
31962
4091
9389
16903
18076
5666
30251
30447
11259
22785
22236
21044
13922
10340
21289
31530
18987
2128
3028
18716
29887
22167
5433
13701
26110
28329
23507
16002
6369
16301
12801
19848
28509
2257
27402
30290
17803
12254
10079
8734
16391
26127
13857
31513
22934
3875
12259
11288
29707
7857
11953
18568
28779
24508
18257
28840
4687
23175
10184
1526
12938
19626
32545
998
1292
26470
4713
20698
30214
18486
8958
6991
25167
24486
2570
5972
12039
14952
11594
12353
1146
24741
12564
677
12358
16273
2968
12928
29377
20802
23910
29107
15253
30402
13104
19124
6573
14435
5329
902
25173
24658
1423
11497
21404
9071
22941
12750
13821
19548
1252
31501
16703
7380
18180
31578
18586
22847
22677
14198
29211
12931
32178
7842
32074
540
8632
18265
23817
3183
24651
25662
10431
15707
8090
1364
10422
4882
8164
31085
450
11047
9276
25573
17444
9704
6281
23183
25005
21485
22736
8176
20263
25073
32182
19883
21744
30433
21056
829
21224
30771
22238
27882
31629
26745
30120
14071
19045
5174
19431
16666
14749
240
11479
9775
31471
21126
16811
27692
14281
6852
27346
28759
7339
18229
18041
25527
13264
8504
81
27592
21266
5206
20114
15219
8456
11987
16448
14396
30065
4227
16557
32702
6357
15327
29759
24916
10089
32088
21107
8218
6964
23788
8482
4372
16752
19958
13571
27052
7987
4426
7026
21090
2382
32129
4463
4543
29557
8594
27626
25482
15009
30115
21822
20543
28339
3614
1019
6333
24410
1286
20200
2623
28726
3468
16968
20109
30782
26077
6749
3188
12383
6975
18219
27763
30053
21596
23934
21943
24863
5597
6446
30538
32446
13627
21666
29063
7807
28114
6547
13265
3210
19512
12050
25220
12057
25548
18637
22828
20444
658
15246
7413
5277
22334
23300
21347
27424
15758
25798
4419
27725
9437
7317
5602
31376
17654
32225
18044
8065
5414
9871
32247
27840
14741
24314
1233
25635
23253
25400
17752
11028
7100
20894
4121
3380
8559
25222
1178
4677
25024
19791
29260
11078
11194
32422
17851
15071
7801
1028
22024
32000
576
20600
9881
4550
14277
16039
28943
12190
12751
29713
2936
16556
11523
2454
32454
28526
6651
7480
24961
26268
28057
12578
19128
18515
19355
31722
28989
8307
16239
3603
19218
22086
30536
28886
16670
24930
13681
8737
19236
17872
27618
4577
2038
7021
13841
1149
9702
9361
9482
32418
12158
14319
4546
7750
4209
444
27048
1255
26320
24596
10622
14100
29825
24217
31335
5423
17646
5469
9537
20849
23290
28418
20532
1838
31545
6687
14987
22363
26208
10726
27331
11853
6138
10756
738
5827
23901
10697
12043
15911
22749
649
25166
3601
17727
23874
21956
32525
3441
15230
32220
2206
3192
1915
27120
21123
2473
28554
16924
2872
17692
4277
22351
1984
10334
13476
31138
4258
28518
9922
2281
50
24010
25755
29576
5649
21555
11656
6025
9207
23055
13711
14827
30640
28549
32645
2108
9829
15278
8821
22634
7453
27394
32326
6870
6787
21008
9111
12970
30186
10355
29422
10349
22414
28673
14098
27348
17949
23621
16053
4571
11638
20016
14678
22549
17072
14347
23398
15936
26974
32176
3498
3357
32273
9466
11232
10623
10783
27258
5797
28321
9379
3691
7318
700
1221
28136
32438
23001
2364
15453
5136
23268
30993
28988
20637
23299
421
15857
13159
25382
13813
8215
24559
29662
4893
25580
26316
15218
11803
11010
406
29232
28374
19256
17922
20737
31839
6633
5198
22080
15990
30563
17632
19660
6224
11931
22826
18780
16535
32031
13264
4627
23219
22347
7181
9301
13640
15552
4179
19672
20991
12562
11313
1534
6794
11457
9594
4194
26338
6763
9380
31152
14547
13375
31854
1467
20667
21941
1221
11721
32655
5500
7401
10801
23070
15284
6348
14889
12698
26718
7611
7641
30036
32273
12863
30388
25031
9454
1350
519
8408
31190
12414
25042
16220
15834
31234
26584
7131
6642
22840
5874
12947
19186
17145
20136
27328
18875
243
21762
18715
17326
6220
12956
11169
30567
904
5369
29333
18855
17325
11033
15048
9873
3237
12366
3352
794
4323
6475
10039
4795
12362
6014
16814
1384
3658
26272
30497
25030
21324
6282
12500
20377
7504
21322
15470
26235
25556
13686
28413
21716
21240
21696
31035
29446
25057
2763
20752
5864
10331
1085
21591
15222
14274
17942
2277
20679
31522
7488
7623
18495
25245
11366
4556
12549
24077
3082
9028
30903
27371
12498
27910
9309
14704
3107
21688
5532
11513
6897
11850
12333
15280
22230
14532
29581
29033
15713
22594
23797
6602
25008
12604
9612
21935
15425
2315
12508
8140
11525
4009
16258
1173
25526
30393
14890
4442
8811
31175
10427
16055
3690
15312
10703
23083
829
7685
32358
13063
7176
29644
32219
3722
26393
14344
1559
10058
30657
10138
15364
15317
19042
25896
12356
28825
11978
2588
15396
2305
11455
18672
10955
15329
5851
1194
696
10004
16283
418
875
9828
1202
5003
11105
4521
9379
27825
23110
9781
4750
29312
25447
8048
15434
15174
9318
17088
30389
6458
29745
25260
1096
22204
32308
7488
27119
2014
24014
22963
1559
5412
3586
18759
7688
25480
368
28529
21877
15809
30339
30010
17489
25285
23531
19429
7909
23949
22862
25298
9248
2584
20538
29858
17966
27570
26975
12188
16716
14454
507
15695
5338
15890
3477
28025
4785
970
16366
2088
30904
19904
4917
2847
18610
25970
32378
22139
21082
19332
28773
3223
9138
14016
25128
10540
21400
1115
5810
5053
23194
32121
23077
12594
28171
5620
21899
14531
4438
2137
19141
20503
20883
29492
19651
12973
24408
23438
18427
26748
31442
14515
28435
20438
26132
27961
24545
32402
20910
20797
5270
15978
30594
12784
30006
10402
22483
27219
7500
9451
19615
31038
10715
20358
26415
14503
9111
2732
19436
6689
22869
16174
116
3235
16065
4185
24557
28555
9039
1820
10650
14050
21876
30829
23979
9442
1557
10984
23642
15541
64
32697
31539
21120
2330
8893
1203
23712
31768
1508
22037
27188
30578
11226
3945
25307
11477
1510
2534
29631
10841
26898
2177
19922
12210
24204
22207
6487
25514
21324
18887
17061
32207
27383
22459
1063
14440
31235
14664
20904
7854
27421
18812
2253
2873
5063
6104
2787
27321
15430
24743
9179
5862
24251
24462
25235
23994
24976
12387
18008
2269
20757
12866
26024
31073
23659
8414
29244
11183
6562
22550
15942
14273
21790
30153
9975
8594
28735
19946
2116
3539
4929
25815
7658
12000
13920
25574
30127
32242
17984
15425
22251
5270
26509
27637
17224
14942
7646
6469
29894
31446
23008
30788
32002
22457
12976
11939
27063
27493
20104
10695
4741
3981
16030
6942
29681
23598
21065
3764
15278
4804
9574
20481
27163
18877
28154
4358
11532
27694
19737
1944
22477
25029
9990
29947
7268
29439
18075
19378
27159
15770
20459
26518
5422
19790
17959
3110
11258
11448
10430
7454
7446
663
27592
17739
4845
3898
20389
32669
10364
7737
23521
13950
23386
16484
347
28002
24309
25081
10151
10399
13598
4378
10672
1920
12232
2173
1442
17556
16396
21094
17415
4172
13937
6098
23088
31173
22635
28661
3030
23011
28449
17383
4097
29855
13171
6811
32041
17570
15164
24848
16539
9490
19412
715
9503
19884
13786
26244
11480
21779
7728
8992
17003
11623
22598
223
1380
20250
13724
6871
13781
1535
28290
13473
831
5284
2083
6226
17078
8674
23489
4268
20545
9394
9026
21398
8064
16962
12012
28874
16273
21065
10349
6350
22067
32151
1822
20517
22060
10992
6536
25286
29929
11802
18472
11213
9061
27957
30063
1393
3660
28747
7949
30006
26975
3880
9327
26723
2586
12652
22150
5303
5524
21726
13515
20824
17832
19971
31616
31756
2386
30448
26424
16043
1115
16476
20889
18645
12857
22777
2913
20960
12337
24325
6055
30484
29374
20507
11364
18971
27190
11088
7217
9139
23211
31099
3410
3750
27407
12244
8692
24316
12188
8385
30131
18799
13171
28396
5215
3871
17796
13977
19968
4487
3245
24887
3095
25264
10022
22324
3111
9636
22812
1046
9076
21286
3740
24776
28683
13984
13491
30769
6914
14173
11732
6667
4097
16888
25977
12275
19970
26133
18189
26812
13652
31822
7178
11785
30438
26737
5471
6171
2242
19432
1044
21479
17368
15480
1328
12140
3837
21295
9435
16451
15155
10135
15552
22648
29995
2864
4533
15768
28680
6429
29854
22027
11622
28190
27278
16548
1691
7358
8240
2679
23356
12750
11366
30443
2276
23825
26159
3600
4144
4665
20942
25906
2830
13842
26921
21934
22584
11262
17263
5636
8187
22433
24573
26926
5693
26333
6275
22576
7614
30721
32354
10737
12446
28733
10073
3401
12832
5722
11617
10587
3501
17831
26069
2085
18204
19767
5078
3925
24624
20297
6638
31582
14178
13576
28403
4300
17377
2677
23087
30676
21208
22177
15037
30256
10735
17439
24118
31530
13076
11705
10894
12790
5499
25442
7992
3652
24547
15212
29073
1814
10268
17403
18555
29647
17350
10426
23368
16269
32347
8396
30683
26297
28784
30982
13321
29405
23607
3675
20037
26805
13129
19607
381
23688
10658
1361
20543
8376
31213
13082
2848
17049
16131
31995
5726
18815
1710
3615
12996
27675
434
5580
19918
12295
29966
920
7438
10143
20607
21465
2254
16915
3654
93
10743
25018
16427
26971
24370
11433
28098
19114
15692
19333
10221
4401
24287
2709
30114
9375
22319
4379
32238
31068
19538
8933
4922
32447
31892
8223
974
15745
13081
14187
21395
14961
28612
32308
17181
29034
18008
25406
18408
31874
14557
12162
23010
15237
4422
2362
14890
4002
32336
11576
5912
32611
30637
21115
12669
22243
11618
27652
26412
6203
1646
15590
18105
20541
29356
29341
4224
9061
5114
14752
18665
9996
667
58
16363
23263
12506
23445
12751
22160
12784
17176
25911
32715
26664
5618
27230
23660
24129
7927
24481
21743
20500
2732
24383
31527
9847
925
31325
10547
27232
26871
25933
3247
29518
21330
14607
29223
21732
23503
28184
25809
20439
22883
29779
30331
18955
2162
3174
17346
4601
20640
17974
2181
29012
7396
18605
22681
21228
31198
18107
20670
32722
28266
17818
21458
14269
17013
6231
10309
10412
10255
13454
2509
2509
31426
17525
859
23966
2338
6683
9549
8018
7334
26610
27621
24438
13238
25228
27130
5076
8709
12194
3053
7832
2849
18010
1759
20657
27465
9417
18465
27514
8830
32439
30956
26010
13788
18851
27219
30505
15147
18951
32117
12564
8882
1502
23543
9154
21323
16482
5298
22775
19645
25370
28840
9465
17477
30740
5181
4850
28534
6512
16548
28822
28996
31262
18839
15621
7515
27623
4939
32499
1461
1714
11427
17926
1643
21760
22948
23423
17355
10682
8745
26141
20140
812
14551
1342
25342
8017
20052
10056
29861
9553
9396
8007
32392
2120
30516
15832
18404
1865
2603
28997
5095
28323
30525
12529
28538
32354
2514
14327
4446
6681
16326
21262
122
9695
16995
17840
29811
13464
27532
2683
9342
27510
11066
29399
30834
16063
24877
27097
20514
27600
32475
24167
21737
21602
1453
6301
2438
7948
13674
32368
3114
16649
32499
2961
16080
21820
3890
148
18893
25713
1613
3410
11432
742
12063
31372
20779
26378
19176
5841
21690
23940
17731
27297
31716
15991
25689
30674
1080
18436
18773
2099
18522
529
21784
20336
27222
3913
17709
25653
30771
3940
7423
21654
16076
30377
12105
22959
16091
32433
23503
28295
30807
5229
21836
20027
32768
26475
939
7512
4920
32340
22137
17032
7700
29882
7067
12913
26547
17936
11836
13018
22734
18938
4618
22799
4241
17864
20130
18311
15273
14140
8008
28357
24991
15508
19164
21884
7268
15812
14345
11254
28205
15108
4544
11958
10624
25738
4069
7261
8079
24473
14408
17098
2246
23738
11222
26501
23456
25418
21521
3934
1470
30260
1213
26961
15162
30208
26076
24749
20537
25613
14813
6774
20671
27418
21521
25095
19144
20747
21342
18683
32404
13802
30007
32334
26946
17453
5323
8384
23968
13879
10877
4218
8002
21793
24469
1012
13265
21689
2613
25622
24230
12491
9614
13214
31383
28576
6739
1473
9745
28101
27502
18453
30056
5901
6899
25518
8042
12505
23378
31111
22586
6551
24784
15908
20060
8585
26424
14454
32268
24776
16333
26623
20180
11912
31620
5687
12125
7581
1392
22317
9094
8767
16766
32113
30899
17674
866
1330
5223
1864
29137
15012
4374
23667
10737
8100
7476
23798
14094
21663
20626
5684
12942
2224
27626
7115
8231
13576
14009
15898
23119
10131
28492
2561
8948
8409
286
30183
11374
2338
30049
24578
11954
221
20955
16850
23752
20546
23027
15599
20095
31287
26124
25861
12895
30320
17681
27421
23519
22235
23633
3614
472
23611
31118
29843
16698
15890
2896
21422
14334
10693
13183
1933
19547
15611
26673
189
29757
32582
5825
11005
4339
7941
32033
12612
13095
30089
11633
17157
23316
5750
28624
16049
2291
28268
30322
25982
12726
13543
6130
31847
27641
13668
1002
32371
26934
13254
9666
17467
3896
28663
10693
17574
17874
3282
22650
21240
19664
24129
15409
32267
11822
25250
17628
29915
8328
27504
24096
5193
28114
14623
11180
536
12873
3655
24522
31036
1961
32261
24627
11092
28833
31135
11560
23413
6276
24934
16062
5673
15169
7393
19578
10935
18837
32295
13085
18853
7551
29837
27841
27772
21237
21121
20261
27339
6357
10934
1094
24686
3614
2178
28975
18704
32608
1924
32529
29935
6257
3721
31382
15071
24162
12720
32115
2962
1457
32717
5693
18966
30912
16140
8829
3487
8838
23767
3846
12423
20869
5369
29318
20627
18172
5123
13916
9336
18013
6382
16809
19102
14593
23043
23210
29987
14875
12536
12869
5923
7915
21084
19937
30519
20276
5173
17275
19259
495
2023
31734
16725
12865
27479
28595
6706
24747
13649
4450
14483
29825
16679
23320
18953
20893
23963
12705
27900
30292
17151
4631
30706
13737
13467
15795
17934
25025
20815
22500
11479
31383
22394
10910
32572
13553
24602
1269
16852
28051
21812
26602
29802
23730
10102
30085
5304
7595
1819
22052
15987
24309
9231
2066
3208
20052
14675
19803
8102
5456
26532
11231
28156
31206
9047
13222
16452
30589
14728
32627
32768
25628
12403
9116
15107
30169
1826
32536
52
15509
6217
8922
31119
25574
9326
17245
26476
20821
18252
26753
24836
29386
23674
20373
32305
20804
5960
13237
20085
15309
20970
28758
16702
7854
22488
12831
25448
23263
12148
10747
5636
12737
9965
30316
8792
6415
10340
14114
20262
2834
6478
32460
23346
10005
18714
5934
254
13849
13075
19315
26584
26570
6023
11461
9750
23473
12329
1308
14497
19114
948
27731
5040
25753
7377
13185
12502
13913
10299
6790
15935
11253
15905
996
21303
795
23244
6865
19947
16845
19073
8074
15988
1370
3241
19945
785
15757
29231
4666
31156
10276
31530
75
27329
8323
14268
16578
4370
6058
12345
26803
25406
18533
6284
28530
539
31682
21207
13990
28801
29128
1370
22687
30801
16998
18326
12522
24758
19114
10930
21282
22955
31284
8477
25608
16574
5353
2421
2262
8979
15596
24744
24785
8363
22730
24409
15646
5350
10740
1669
2774
10311
10099
24422
9053
12152
28887
29335
30447
31630
28016
14970
17787
32653
27585
5335
22965
28463
21810
30661
31335
15073
18949
28110
1543
3343
14731
7502
27791
11425
19096
24348
31625
26822
10292
10348
12393
29168
1683
19444
1312
17440
29768
22094
27374
1635
19381
2462
26488
924
22726
15476
2074
8325
1759
8180
8062
29425
11026
12596
366
24148
16022
23013
12518
22916
7540
1078
13422
16833
7556
9717
1190
24308
4504
1783
18723
32052
3319
18107
22393
16270
31501
25930
10393
4102
24416
21345
14430
20697
20934
19922
866
13061
2774
2088
5910
22027
5276
27274
26642
5364
29585
26338
25257
9362
23497
10558
27073
26376
18031
10102
14305
6285
31599
21519
22156
14700
25458
30815
8142
22863
13839
31218
32276
10174
22591
3885
24129
28131
32530
10033
2045
21904
27297
2306
20560
8579
19780
28137
23153
15080
13061
6934
23256
14367
32084
16010
4250
16576
18172
4916
26870
29404
17493
4186
299
11654
29627
10299
31373
25746
12864
23027
21720
24989
2206
6814
17092
5710
17520
22976
11482
25562
12705
9445
22149
31694
2084
11908
22892
15881
25061
15401
27391
14343
19712
16339
8272
10598
20018
8347
9253
12706
26508
30359
4939
2852
30575
15870
29485
30587
948
17805
30373
16617
17707
23593
1297
29985
1863
453
14250
15695
12311
8070
16657
30553
1144
2853
29483
29796
31882
22934
22319
155
15456
17639
3069
6187
1276
10602
24242
28050
12666
24086
20857
9498
5259
27691
1188
27040
18981
27157
13819
16026
20857
32147
19027
13145
806
18712
5475
23435
14252
18546
21460
12547
12835
24745
2967
17085
9005
10026
18043
21788
22569
9252
23295
22391
27305
5171
14180
21204
1062
27964
25351
13811
2547
10904
10734
8847
17776
9332
9889
8160
23680
30327
7739
22116
11837
14758
25280
14559
26602
5509
12209
16033
26152
27775
13534
4871
13933
10120
17276
24132
19635
25857
20855
2913
16749
3804
18186
12163
11199
7168
19084
30317
27630
239
32397
14405
31254
5030
26145
7323
3355
26309
25468
28327
11745
24559
1215
1746
2752
3444
4882
28025
7986
32557
6131
6893
975
9896
19661
30910
31356
645
10445
2105
2783
6432
241
21039
17174
1649
28258
1016
28840
8496
28419
23992
26043
31548
29770
21985
7816
16701
21583
5625
23309
15752
20770
13470
257
580
10850
20679
23053
32459
27915
29260
569
1107
30096
21417
6821
32206
22570
30975
5241
24335
9071
14427
10270
3885
12582
5947
19631
21036
31066
8526
17322
30170
7085
7292
3308
17912
4847
15910
22236
2970
18159
17839
16102
7121
28817
8251
30251
14726
1057
31158
7798
20137
5607
24345
29554
16524
27900
21992
5147
25481
14428
3327
115
20971
6715
2703
8054
10764
32157
31588
24911
30650
27169
1897
20940
19679
18973
20333
12048
19809
22256
30759
22664
12872
8084
26232
10784
2079
23923
4337
6070
11420
2940
2709
7374
20355
29557
10976
21640
31431
9619
30472
19920
26098
3656
12418
28629
6344
7772
11464
700
8487
14655
23130
12437
24626
23966
5890
4750
12975
15412
15197
7782
30892
12515
32663
2085
16489
20995
7542
27659
6258
2554
21402
21702
19724
28428
11779
29160
5330
19829
14291
4759
28832
6069
31317
14470
17072
12588
27967
22309
24835
18150
15412
4885
9987
10936
1421
5599
19046
25740
30297
18917
30549
28153
26530
4761
30670
19479
24819
21740
27207
31633
9238
25610
19348
25339
9762
9796
22538
16230
6582
1613
2021
16178
28287
1194
10983
16164
27136
32100
26434
23992
15762
30208
8120
22713
15785
1968
1281
26894
7770
14795
22125
4311
22810
24699
5578
4025
8137
21430
12936
29045
239
4719
28699
27328
8517
9741
2977
30799
11895
23068
25797
29745
28456
7234
11747
5473
5174
6261
26477
3484
12096
25964
10893
14704
29286
21843
1803
5782
7504
16067
30834
29825
15218
20977
13934
4919
6030
20006
25721
9312
2170
11119
25782
25244
31523
3221
21021
13082
24018
3407
26073
1383
20654
16567
19438
25987
16259
29691
11039
29754
18625
2389
25615
14769
5576
32573
19366
1600
2146
30685
25782
21887
24977
21701
23775
26532
17804
15072
20656
1292
16644
4774
6926
8215
13227
22676
13274
18745
17399
20953
25038
10574
16419
31059
17320
30254
4216
14521
29835
5506
7882
16922
20386
25046
22341
7558
5894
17903
9834
16139
482
8798
6228
14563
30165
12629
32064
24043
28567
23738
14156
26711
24288
14970
5503
30884
31109
8992
24586
207
18916
5798
31181
28613
31875
25482
15133
12570
12532
17445
27077
21757
20988
26169
29258
29804
14580
4297
18036
9636
8302
23597
1289
5340
10780
12389
20188
5426
31726
32174
27910
15846
14459
25427
11380
26566
22178
14534
4770
7913
7281
11503
20389
23712
16709
28612
4463
7594
31539
6682
7247
10407
31655
18362
19639
6351
8011
6072
26178
228
21803
1792
21493
14949
278
22834
15814
13573
23879
944
5978
23132
8005
20213
3091
23003
25607
8744
27722
28933
10076
11504
32729
988
19082
25483
25053
6554
28213
282
18874
4514
9091
1087
25951
9398
14462
23018
10443
1642
9146
10864
14031
15065
21303
31966
18198
29846
25224
9356
11620
3814
31797
11509
26139
30764
27231
14277
19459
8356
6818
308
23370
16724
6464
32403
9674
3904
18299
19236
23691
11998
20802
22319
4745
31689
9744
3410
7351
30905
30994
25113
13123
31667
3208
463
14364
27261
19565
4243
18098
6997
31834
12462
28925
11746
31912
17187
19904
28779
27349
5768
15375
9543
8488
30741
15
15509
22936
23291
7421
22061
30699
2550
4209
8150
16155
5926
21220
25529
30205
32283
16752
23317
16164
11311
21720
6453
10244
25368
18888
8863
13139
10685
7774
1167
25269
16201
2280
163
919
17534
19440
8408
17243
3917
2934
18357
20150
23715
1916
4294
87
21637
24520
5452
25290
5215
17637
26931
2459
13209
14955
25668
1470
30316
20096
2972
31022
8948
27295
12125
3541
11398
8600
4259
21420
10563
7896
9146
18979
17901
6891
17038
6339
11258
31039
25442
15122
3559
29483
10181
9143
19919
29743
22466
6878
29244
2942
7512
23518
23869
5817
5162
13849
31161
2558
374
13604
21250
31009
18507
5161
19117
17977
28151
137
24738
6495
17087
28613
16751
1458
724
3230
3810
32671
898
32635
5846
2143
16553
5644
27725
12992
24177
3629
5823
25897
29498
2061
19378
31960
11730
25487
26251
13935
11243
3312
4772
32687
5324
31915
23454
5763
19526
28313
6137
6464
20970
5213
25057
27691
8313
18175
4683
6204
8604
31703
29249
1825
2517
173
5754
16518
12470
17182
6446
3220
14673
10049
9768
8119
7919
12683
3357
13221
31237
2032
20028
12700
4451
3659
21766
20970
2991
8704
21856
21683
21778
14560
32487
14319
3377
26445
31363
3762
4447
4510
26175
23984
30480
19653
17240
8448
2705
12846
2707
24352
9719
10987
23252
27962
29782
30223
30189
18597
30003
28247
32692
10671
21563
21264
13144
13210
26933
6196
757
26084
29749
471
21861
13004
27154
3777
22106
24337
25883
30301
3241
3837
3590
15826
10985
9378
4393
10351
20029
21348
29677
1868
8046
3255
24191
11310
2621
10794
11720
940
32503
30885
24992
6800
29257
2286
15166
4736
3926
26994
8179
18910
20487
11587
5145
15084
28578
25693
25158
22068
27551
26925
17093
23591
1719
10068
5958
31236
573
16296
3796
11771
433
11643
17928
13971
19603
20769
14204
4425
25205
940
4227
19577
5460
6138
15895
12418
7720
27890
17939
1062
24506
29962
16547
28719
19382
22284
1528
18008
7681
3099
25664
12138
25164
7921
29141
1190
30698
28778
20404
22627
2014
9542
28722
29176
8505
8490
13802
16604
28579
13033
32506
2828
16439
22018
28783
23213
18580
11626
5629
28403
25648
7051
10740
13377
15344
7052
6511
1938
3062
16339
6350
18711
31675
31176
23655
545
15453
3804
18809
8770
24890
24267
13153
6063
9917
24349
30993
18153
7032
28659
5821
9629
24435
28160
32727
31944
28100
9686
21822
5662
9312
3171
19379
22701
32305
24763
22156
6334
13161
6936
27308
7932
13333
19742
28082
10968
12533
22372
9585
29739
9867
6193
15265
28701
7794
30595
10707
23879
6897
29782
8619
23316
24784
5922
17737
4205
4970
28070
17416
9621
22276
29668
12139
5457
27997
3693
7252
6477
134
31198
25719
13755
4084
21419
7183
10301
13268
8219
4047
15877
10910
29076
24348
21818
25837
5401
1657
3486
910
26641
28227
27759
31703
15178
20894
30603
22074
26429
4527
3031
15130
30100
18700
29408
16860
1001
13168
31683
13890
17361
15796
6987
18420
15385
20986
22362
22624
12111
13356
394
23236
19332
677
1299
31369
1873
12077
19440
31699
20504
1067
32573
2646
28044
2582
9956
27243
15988
24877
27768
16483
12972
25448
1377
25115
9836
8878
2106
26320
716
5960
12663
26933
18312
4758
23371
12227
25089
18944
11465
12113
30085
3632
17481
7140
30928
638
24845
31688
19667
26796
20516
28896
12468
21716
8335
11322
14101
23966
25251
16358
8345
7350
30382
17161
16292
4990
11997
31789
18787
18432
18525
1499
14349
11814
32705
8556
8808
12589
17572
11292
11406
29015
20623
27232
30193
2528
9501
7546
10397
29492
13660
5962
3517
21855
15991
16487
19297
24261
5010
17518
12158
29459
24822
22682
11318
18037
10862
20629
26970
14602
2288
30094
3886
1685
27520
21388
11884
7797
24402
28930
27019
14295
9007
9379
17216
30250
2585
32119
13894
12755
28978
28975
31323
14626
19674
17590
6795
7557
4376
25352
16560
24828
31035
5703
23098
6093
29377
22284
31276
21113
12151
9723
7271
25582
8930
9114
11819
22526
28382
23139
32731
11792
901
28439
1024
11286
30290
11094
32657
23999
21638
5741
3954
5101
29899
4207
10042
30825
3096
9095
27961
2518
2516
32652
6074
5091
32574
21462
12165
30661
5644
31568
23464
22757
23122
11983
6775
469
23462
12706
3026
5513
27010
11371
12454
24772
28394
10797
17334
24528
12622
27557
3996
19570
30385
1246
26122
18461
22283
30976
7254
30310
15596
18536
12598
7096
22883
9470
32712
5193
3870
16579
9173
14156
6354
27306
29526
31337
28382
28073
12599
26986
12331
26127
23900
17975
4694
280
17890
25860
7441
23231
15783
6345
13510
28115
7180
17394
14462
19021
27129
24920
14082
1505
24610
6513
32575
6867
6793
14275
4079
10508
9540
5279
10870
19821
18049
18187
3338
867
10695
13056
6167
17596
20607
18390
25314
23481
27570
764
876
7012
788
2796
3481
29219
3394
30302
3473
2702
23880
5052
359
28286
2406
17623
5625
24678
12052
17112
11031
24295
14403
24185
25319
1694
1510
4213
16519
17985
9137
28220
6645
6378
26912
22252
24876
15026
11196
27773
2192
2946
26266
11579
1676
5158
31524
16762
15482
24995
28443
20869
17603
10955
19421
30679
27719
29710
740
9102
23295
9619
31632
32540
12256
18312
11814
12096
5123
22710
28696
32309
2308
29528
21895
18217
30376
13357
19462
13808
15298
6092
21153
12026
18007
16952
29470
29570
30464
25780
24706
22025
21392
13784
24279
4867
19703
12261
22573
8656
7270
2390
17119
4589
31668
7095
15639
18540
15617
11450
404
12705
1433
19848
6571
15135
12314
17493
28812
10723
6618
13367
11207
8398
24451
30520
27919
27481
19712
24234
24893
24708
1181
19898
16536
29199
8553
25160
9299
15341
22751
8182
21847
10230
24518
20863
30787
31196
5718
5195
15025
22368
16284
16960
26044
8389
18464
11738
31167
11653
24516
25726
14174
16708
27375
27403
14795
19714
3819
10419
1602
20628
23948
29705
13526
28757
25619
30298
5744
4889
8529
22849
31765
7266
10000
29302
871
5847
27310
25063
3183
25329
2315
22026
15513
15864
422
27249
13056
13614
11522
21663
20972
22858
29263
21274
16793
17959
70
4801
4155
21182
3413
32352
4926
32082
25340
11394
28114
26602
14455
24454
24743
30980
8349
19445
18165
29832
3848
6419
25792
8443
14454
20404
27226
19701
21103
11089
20777
18645
30248
347
30122
10419
10920
13007
4790
25238
23081
23563
517
7399
14017
14048
26096
16678
21057
25320
8315
9948
27998
2074
15250
27345
16910
1947
9875
18046
19765
11991
27917
31685
23425
8401
19144
10464
23954
27063
16645
6296
18271
28858
4358
25271
32469
15389
16337
28863
7617
15243
1842
15068
2799
3245
22527
20760
11923
28156
20895
1230
17897
21460
21197
18017
6681
21450
1946
2861
7773
23104
6321
20414
14693
24119
24543
2624
15867
1892
17875
8503
22243
31365
11554
14961
27141
16373
3726
30264
14030
30846
10887
27340
13267
21615
29682
29712
28599
239
6186
11139
31055
32657
18500
7282
4869
7209
10136
2156
13690
29917
892
20471
9584
18559
14419
21377
8422
32538
26567
24729
26500
8394
25682
32607
8762
11985
30211
13369
28197
4840
23679
2504
3762
6355
12870
30491
2821
9784
5431
30242
15004
9393
14423
24165
1327
21024
17102
22517
23003
27459
8242
31395
8576
25736
9736
28017
12392
9506
12936
6726
31529
30812
10401
18918
4812
10541
27965
15392
11310
31757
18886
4170
13991
31496
22505
4586
17898
18449
23194
15798
21292
27032
10328
4799
6537
17759
2738
1001
4515
15753
14090
7582
20620
9204
17561
13251
19942
30664
17331
11243
21832
8528
23116
14283
9956
8201
2492
5103
2919
24313
447
7851
24353
9026
9408
23379
22630
18679
8535
13742
3380
16942
17680
6569
31765
3159
27758
13129
7239
4044
13359
27363
14619
7593
20434
29071
7323
32733
10583
29146
19823
20353
11846
14523
25602
1385
28146
27337
15072
30969
27903
6570
32355
16698
21026
19919
24462
11309
20520
22622
28217
16480
28986
368
24174
31934
10079
26237
15636
19115
17986
7444
22474
22097
18998
28112
23574
16692
4215
15239
29119
25357
25778
27332
21623
3285
1992
23928
12477
544
5072
22252
18434
7340
24923
23546
8203
20026
20987
25469
16790
29852
9222
27398
19008
13328
13207
17361
21926
19404
19670
11255
459
6362
29561
2020
4794
15142
17291
20492
31084
4310
20332
1754
16875
31705
7962
19177
11448
9667
13486
22903
30570
13784
14890
5399
6297
11622
15473
25765
29434
24153
6039
32383
17355
12297
30811
29682
20594
9814
5874
4339
5985
24311
3847
25616
2108
30991
30975
678
1854
6913
10369
23891
16345
2694
13366
14510
2716
2813
10957
7734
27226
30210
6467
22921
25737
16961
18017
21975
14568
27788
18310
28565
15461
30508
21158
3702
23357
29557
29075
7063
1637
18846
31355
10233
4137
13007
29106
22325
15379
6522
14514
25195
1550
21487
11873
18300
25803
27947
9362
30841
2916
28657
20173
8027
28223
26653
3667
18932
3894
3636
16221
4645
21748
20799
27557
5714
29090
13018
1575
22035
7364
10632
5161
18220
9309
32073
26489
14016
6490
21103
19958
19137
6957
22189
23121
14251
1721
17521
10773
32370
3182
12403
19685
18104
29109
21902
12549
10564
398
21200
14621
32432
28791
4045
24377
1633
14225
15160
2323
31165
11006
6068
29077
24471
20365
2791
19354
13294
13209
8912
501
14296
20270
1371
14516
32185
12142
32307
29606
1464
28979
7896
1562
32372
20214
9457
12266
32242
17904
6883
3000
18139
5758
26274
12920
28132
9162
15048
14382
29581
30376
7652
26105
9742
26558
31764
21841
24462
13544
30422
20621
29847
1499
26395
7336
26311
9224
17821
4164
12232
27075
28019
7151
14466
11428
27874
10150
20622
10029
22647
27031
14830
9646
21586
6699
7420
31334
18373
10564
30881
31979
28446
22724
25287
6348
16320
24654
11537
12148
21113
32336
16841
20817
18447
6721
19738
4662
23580
23591
1663
31998
6684
23901
11899
27251
26821
22163
5259
16238
24471
28438
14681
22079
6835
4434
24882
5966
240
26773
10938
1283
12332
27669
32222
16100
992
6965
26379
16381
27127
20228
12957
23685
31201
17670
23707
17086
483
18232
10401
797
32433
5454
30237
25515
12606
29503
9406
683
18131
259
7466
3197
18271
16283
20976
2242
15886
26451
19645
705
20508
29508
7122
4362
13804
1564
13237
88
19028
3106
6439
9660
9275
15988
26455
7160
28263
27539
1621
28713
29072
10530
9673
426
1209
21227
20453
6452
22464
31523
10392
31562
19507
12271
11525
31188
20581
14887
1843
18698
28865
14681
18950
7059
4959
16657
10606
18926
4565
23383
734
2322
9552
5242
18944
29777
22755
29708
11687
28290
30238
1838
2309
7775
8163
24590
29982
2604
3957
11949
3708
5786
10194
22246
17188
27882
21315
10156
15562
3157
24369
6035
15169
2732
19002
10897
29493
18492
14468
25862
17692
6900
593
28667
24682
13514
4308
21159
9988
18778
32068
25912
25848
14032
9774
24784
12395
13833
12047
12493
1491
22005
7714
26957
29798
17984
3191
1777
28369
13617
7237
23522
5166
17618
10625
19986
1328
23377
26799
19141
6561
21158
26617
4943
2575
19318
9854
18207
25026
10039
13804
20220
19697
28054
6737
3471
5941
8469
23598
31010
28221
18169
206
679
15556
9827
23765
28156
12736
701
29980
32621
18396
21847
25020
8827
24873
19026
26473
28123
19216
1214
15106
10434
16012
28159
9061
13664
12438
5237
28040
1194
1760
23900
26310
30557
1221
3568
20854
20544
1152
28629
1986
7081
20637
5303
16567
12354
12718
32046
11160
11533
1087
9956
21880
6310
27404
17913
3335
1481
29041
11686
14509
24851
12833
11297
21205
19469
22043
24001
140
10598
32730
15203
30282
16000
30412
26636
7951
3631
9990
464
14770
20669
18742
31218
24694
11569
18137
14412
11999
6096
11950
3569
31172
31205
19818
15122
19876
1726
16045
3102
10046
25079
2613
21037
6747
31483
8530
15007
23279
16839
20633
18944
23648
6385
31197
32303
31526
10473
10843
23488
25748
30848
24885
27294
12533
28326
6690
26101
25563
8568
28771
9039
18100
5754
28153
29949
20894
22560
23317
3000
5757
1172
8656
7048
25162
14771
6684
18405
2222
600
20986
6940
3535
10462
9710
3317
8810
4832
15792
23699
9762
2627
16677
16795
9239
6007
22925
14489
32187
20729
21246
28319
14305
17437
29201
4143
7703
23306
20955
32602
12342
25606
24095
13610
3639
7668
15809
21054
22088
28186
16766
8884
10527
9000
10971
6476
18575
26998
24411
1481
1113
21646
23541
2715
26948
8682
31941
5564
26224
6399
27906
24792
23783
11386
21296
15536
19829
16585
3479
11200
6330
15325
4851
4127
1405
16942
19309
28840
323
17664
30154
6487
20256
17893
27875
6901
6350
29572
24917
28152
5628
920
23417
15525
15848
28220
6551
6263
14128
28261
7766
7876
31206
27568
887
20638
22498
12638
25795
8696
24412
5788
30530
1033
19386
31752
8366
28406
30886
17010
8999
11947
2916
7903
12584
30473
18018
28628
32186
839
15121
30673
7400
17554
19956
8475
18546
25591
16631
11966
23750
7043
14337
32467
8747
10921
27596
16895
13888
27107
32501
19516
10661
16796
10575
25308
9720
2126
11645
11211
12291
3048
19648
8724
23091
19058
11533
13222
31564
7667
25955
27737
15708
24467
9307
21036
6382
17917
9473
22224
4223
775
26082
619
16438
25749
22118
15254
5583
31930
28256
20647
17625
5409
25572
9782
19233
29100
29529
11994
6510
9818
28110
4148
13422
1134
402
6447
25073
25294
28926
28037
13909
17833
11158
2694
5697
10588
32081
2325
151
29847
18484
16627
13475
21947
31781
12608
2201
3975
16639
21054
1086
30964
1762
13401
5093
13405
28877
4196
26525
25059
19822
11558
21161
20752
4664
15893
16176
30139
3255
8033
2614
9259
15904
4916
23499
22655
5421
25657
20354
3404
31271
4443
293
25993
24900
26319
20903
11688
22324
10324
30810
30726
15351
12473
13410
22661
8177
10912
12906
887
30528
18051
31382
21439
5965
4596
31416
31794
12961
21545
198
26692
18171
5047
14732
4064
12703
10654
1950
17047
24048
1414
18065
11773
16961
1864
20074
9040
7913
4528
19287
24667
13205
14978
15773
24474
24291
15290
13778
29599
23596
2584
8524
12724
5024
13532
15065
28610
12441
29391
29616
22898
29225
130
26792
24721
27125
13274
14248
3257
7495
26828
18783
28206
15454
11110
25397
14342
25609
17167
5505
17805
7540
783
23036
3815
4161
1106
30326
20727
6874
11368
30663
27776
17670
9681
22793
16522
16571
11640
11012
1032
27956
22909
20458
25271
4162
15671
8005
24905
14823
3706
1581
19651
1569
12309
30654
14628
12548
17823
16841
21319
12555
13428
6602
2570
19376
13818
30234
21168
22586
24361
1894
3204
9431
16714
26208
18367
12778
2046
18868
29612
14246
14467
22590
14346
10716
30259
27514
32178
11793
28749
22076
27258
14292
23800
929
21592
16207
9605
581
28619
17947
10229
20406
15734
7769
12731
30761
31502
10238
6083
24172
7031
30830
4018
16412
2602
8269
11888
18968
15834
913
12260
20789
24151
30684
27646
820
434
7434
7419
9201
17570
9221
23268
10972
16934
30689
28760
21677
11884
32037
27788
32084
6386
23398
5776
22063
6635
1307
9684
19584
28388
29100
25578
13342
19111
15820
7053
2667
23648
9737
30947
25989
20990
4001
16127
25537
23004
5016
30378
12117
26529
16391
31331
27220
16485
951
932
5856
4629
30702
7527
20379
6680
31881
8169
25694
7986
23115
6574
12078
17065
24437
18885
13675
27815
10903
3917
26955
22496
6053
29240
8071
116
845
10575
3412
31255
22664
16758
25237
29039
7280
18994
21583
23741
27729
11112
11101
8128
8706
2152
11109
9943
4726
21545
26122
15717
6798
31446
20067
9081
28209
17546
8364
9903
23967
21849
29244
16977
1282
28303
32183
2754
6727
21820
32645
26653
19755
496
13955
25625
28057
32195
23800
3888
19507
4248
11722
16640
2351
9379
18930
14321
17764
809
4653
23576
27044
20103
18676
10587
30797
23926
4271
1238
7451
23437
6694
382
28480
21256
5944
22532
6583
967
17871
5629
24021
11162
10003
18495
9249
9147
14046
9358
3941
30620
14192
30328
17925
22755
25957
21373
26000
5299
10212
23155
21653
28206
4376
553
26296
568
17124
15179
1796
6269
3026
27013
23683
1461
20557
30699
7436
807
5137
3225
605
8043
14303
8086
5482
11381
16245
30975
17396
20175
13245
23137
29788
4646
30021
22374
3002
9992
4847
8628
6698
11756
30954
19474
8550
13171
3040
18636
10650
16877
1137
10073
6259
11295
7905
21820
32377
30020
29453
26152
20128
31313
2212
10087
13337
16509
31635
637
31342
3329
17601
29448
15310
10780
31485
5098
18854
32091
8245
1962
881
21271
20200
16408
4048
831
23517
26928
11229
21336
16406
31553
1212
14785
24320
14415
20340
26172
31980
6325
4861
13226
31170
27406
22683
26390
9204
11094
13930
24565
14258
21837
26681
7596
24157
13852
27291
15955
16957
315
19516
23225
2678
11410
10610
25512
21304
22495
1556
25706
30263
17239
31119
20107
14171
6544
24886
13025
10680
4254
3290
3018
24768
9853
6555
31925
16823
31919
28413
10980
2408
5925
4671
4976
23063
611
17384
653
26038
9440
7074
4111
2140
16299
5707
17709
26354
25172
19018
20357
26160
22026
13855
25953
3528
17409
23870
16185
11232
6935
10014
19065
19654
30902
13453
31107
23263
6396
8006
21752
31457
4633
22469
12852
30786
24313
5466
13079
22001
32036
3197
29451
22339
8674
24417
1346
5424
19106
31948
10304
29631
11420
24869
21146
3007
18358
28111
31997
23736
8356
19125
19825
23329
26196
1574
2015
11987
1673
26340
26577
13758
30150
9335
18298
7899
11885
31175
14326
12641
11048
17898
28371
5180
24712
12091
11471
10683
31212
31916
483
21385
23973
6493
4737
13022
15447
30317
16923
14582
12194
16144
26340
7107
11266
4833
27354
735
18932
14970
32260
196
10843
2626
15864
11327
31265
26503
30369
28194
22817
9165
24639
22330
10309
8805
32431
4736
747
31809
1517
18323
26510
5638
26583
358
21410
23651
28468
27958
22207
6818
3060
1472
24834
8060
13497
32432
20657
9266
407
1116
797
10713
25624
9138
27853
16629
8324
28271
31960
28490
27743
12179
20371
10223
22066
17425
29804
2468
23183
27594
19222
22373
19023
9916
15335
24384
26142
29303
20350
17251
21306
31697
27048
22905
19831
6363
11141
5175
14983
7956
16614
11057
632
27100
7418
29939
20862
9515
27178
10061
9971
12418
12609
29166
21916
11810
31696
10036
22830
4733
30161
26435
9488
18410
21130
341
20579
15004
30900
32593
17216
24789
14813
3998
18752
4951
6411
16697
11586
18972
25762
17925
17000
4422
10119
12131
32355
19033
13702
22787
2289
3496
22257
30202
25763
16397
22410
29716
5348
12509
31907
10603
25911
21531
9860
56
13760
27884
8461
5354
28934
15435
26525
31349
3831
2046
24626
6381
18733
3529
20945
23123
25711
14049
6696
6575
13179
8099
26226
2142
14082
18310
29595
32174
32501
32079
6564
25768
12543
23428
9802
15405
22611
26914
19170
23877
25255
12946
8584
31667
28288
28378
3448
5325
20145
1297
31420
16522
26398
1557
16648
6365
18118
28288
11746
11073
8961
17623
31237
10389
6149
26629
11784
18219
21167
8712
14907
2844
1921
21227
17874
26846
23271
18420
31045
30232
7870
4894
18422
7348
2326
30409
32021
1078
18487
14769
4032
9549
6115
30493
623
15272
15323
16217
20880
2571
933
7269
13678
9378
15243
20207
15191
13717
12007
22399
31230
28636
8094
8178
25886
9301
22251
22825
1120
11540
13150
24834
4479
8954
22564
17543
16810
4489
24968
12902
15914
7414
17082
29090
4164
20096
12495
12423
1121
31489
16138
16355
18540
30659
4186
3699
18812
4500
16931
30876
5299
31261
29761
16475
16230
8047
4683
16767
6781
8671
16916
13846
13597
23572
7032
7973
29317
12638
3413
9628
14134
5705
5079
1928
29015
1907
9209
25995
87
25242
28744
1161
16340
22009
27370
22437
14780
22997
10464
26220
17330
26707
2696
25423
2995
26508
19814
1623
22521
31203
27427
20
32287
10391
27094
6359
21895
7316
387
20513
10489
22927
15073
4186
27532
12113
27489
19142
13514
21843
12907
4022
18447
25740
23531
30459
11058
9095
19468
27808
4199
22712
22595
13785
5988
5904
12688
16950
10691
14543
17409
7452
30376
31898
12151
4982
20899
30925
15788
25000
30936
22802
31093
32196
1629
6707
19269
20993
4323
14380
16115
31593
16281
645
22205
24785
21837
2782
3980
13838
30420
25036
31354
16230
12461
5603
3985
26949
32737
10516
7637
2097
25133
28730
31877
21760
12643
4335
24991
31049
19982
4516
418
16408
23893
12273
23703
16102
7714
28969
23634
2760
6531
8498
10230
19942
12880
13203
20663
20783
22542
15055
15332
20043
24851
27122
28196
7633
20459
21609
7168
5563
2043
24598
9121
11287
13668
7588
21467
12799
27690
31512
9323
15050
17046
1193
17277
900
27352
10194
7282
28316
4081
11429
15327
26589
31184
22882
13529
17567
15547
29768
27504
29759
30705
6059
26745
5324
26510
3143
6801
16387
19886
7636
10334
9342
30421
7643
14360
16168
23951
2247
20552
18676
12627
319
13776
11471
17581
5555
27436
6611
9885
1077
13559
1469
27450
28811
18353
13217
26522
16514
703
4828
25846
4741
23731
2635
3850
621
25806
954
8635
12443
32195
19359
6652
16196
13758
6409
28146
14861
24485
20947
4182
7128
20894
24349
17180
26333
27857
9724
32082
764
21103
30833
26698
22097
27123
4760
14331
19466
7336
30754
25253
15733
27243
17925
31668
29021
15282
19570
13799
9623
5325
1288
20657
22232
3692
14663
29920
15050
14178
27975
17532
8286
17320
25258
8690
10851
11429
18383
29297
6232
9900
26440
24469
4478
4039
27535
23619
9778
15283
2804
28884
31610
16683
12250
4725
21726
11370
28963
2509
28793
15083
28393
11489
26959
1139
26479
28725
5089
13649
6231
4916
2303
15844
16405
27602
21214
7007
21411
5488
28778
7625
15478
1792
8925
20296
12978
21609
14737
24734
1946
7981
20498
16116
29770
31305
12920
14039
16552
17757
23540
18560
22168
17164
17320
4440
5487
28326
27580
28347
31147
21764
26286
15868
27873
29876
18153
23978
20982
26967
11418
21522
8594
26182
26047
16133
10962
17532
21632
28892
19517
10160
4035
24248
14586
32449
29179
17423
7744
25431
2624
8036
15629
7368
9125
27733
19483
19000
22214
16091
13840
30725
22944
9166
2036
9314
422
27303
9193
30529
11281
15498
3094
12663
119
9348
23013
5914
16799
27921
13678
22830
8340
30433
24883
17025
17912
27867
11789
11220
1435
31075
27494
31547
28748
24792
10153
12999
14319
9569
21751
21089
6608
6122
9756
4345
17207
31337
14273
12513
25661
5990
23010
29555
25821
29370
3459
28666
28750
30615
2719
20944
19088
18376
25186
16835
9286
4154
4504
32445
24771
1724
5988
27045
615
29955
25653
2176
12588
29937
13558
17628
3964
16919
11909
26990
20806
17528
19815
8954
18768
14479
32186
2163
24783
6292
28522
28260
11573
11004
31400
2446
6218
23103
10392
9426
20094
14813
13386
28242
26493
23715
6124
8148
32005
24618
31294
1639
9204
20898
4166
11592
31654
20429
18244
12294
18301
3662
19176
30693
18113
7716
15299
26752
16043
8050
10748
16307
27324
16513
10308
11448
18259
11783
2827
25232
27263
22698
10228
10661
24338
13248
10631
13485
13815
20825
19239
15569
16837
32639
4419
10511
12435
19132
20944
17629
30735
2525
8438
18959
18378
22262
30217
16890
30166
6566
7356
474
6547
1692
18065
18033
18630
14426
20628
13041
10987
17721
4425
14108
22221
30382
17123
8362
11859
1483
23990
23531
11421
265
30447
10157
23119
16196
30595
16480
23597
1031
16229
18040
20457
14602
2300
25619
27448
24825
8404
30172
4395
10103
17812
15151
20925
12899
17456
20862
1961
6234
9311
32499
2174
8317
31056
4182
6900
12148
10904
20018
10113
1459
18800
19763
22312
13051
17949
7635
5266
25380
6575
7989
9055
26651
14318
31057
16830
9511
23954
594
2107
16240
3762
4924
31705
14273
22911
4050
1633
20877
12594
9655
18681
27440
30019
1747
31992
11128
30940
8952
22265
10340
7821
9414
8239
27435
23617
13772
31224
30080
15217
19951
32692
11285
10647
4624
15063
19038
11494
1513
7485
17303
20792
5432
30142
13576
24904
14368
4867
19848
16417
14028
2199
20032
30422
20565
19009
2225
19060
18662
4498
32249
28213
8990
16826
849
9718
2229
15776
4059
27883
9827
25649
6043
29842
32509
9975
6082
4069
31202
28398
14387
24276
12437
17300
9792
19954
16299
26688
3252
15983
7912
25524
19735
27206
17573
9717
24109
22711
6260
16475
29632
30456
30983
25572
21407
10536
22862
6605
31719
26500
14560
27236
32385
15325
31644
26136
13804
13130
25744
17618
14141
6170
14362
3976
9572
2060
18764
2063
18864
15043
30357
17200
5526
3188
22942
10495
29102
8418
11891
20328
32254
12940
13795
25355
10107
25124
5929
4682
14029
6724
1228
11935
15443
23389
10435
30771
32103
1008
7133
18349
18147
26880
27744
2632
18659
21191
30704
17449
24525
12712
7347
3311
28303
8037
1459
14987
11816
146
5764
11858
5738
23113
14886
30800
17406
12320
6444
17632
32680
32344
31518
18554
19148
9303
22301
7627
5426
21336
22469
18955
6
21858
22104
23435
21027
16502
4376
22157
401
27149
8436
25689
30283
11970
29287
30861
27206
25163
17822
24757
2736
31661
31193
29211
15989
20912
10259
18913
13832
31633
20709
21324
10336
10744
8616
2147
24897
3113
5338
8377
1212
5502
29122
8839
11257
14101
28503
2557
16180
25030
32351
31450
12550
25688
32468
12347
32486
31220
25739
7856
6895
7385
3864
31893
8932
29010
22764
9376
2161
23781
8640
1718
3763
7630
22583
6915
16635
30380
18110
2889
18127
17017
10167
1656
14642
1215
17624
29312
23846
18953
9677
28771
26478
27800
4645
26254
11672
4440
27243
1385
26683
28947
7315
31277
27262
16867
14233
17398
29401
21741
25188
24345
31008
15436
14832
15031
7613
3404
23212
11410
7740
4825
6433
22304
29454
1079
11733
13790
31366
5107
22639
17383
21800
27417
15899
28869
22307
25767
1840
22407
13084
7490
17
27667
16941
11048
16721
4798
3374
4710
8986
22042
31539
18763
32719
12047
18773
24860
2544
4910
12214
9993
14654
15681
22463
20832
4896
25639
1964
3329
21062
21471
10059
32530
12684
7394
512
3827
24097
19894
27149
3188
21736
27328
8464
1606
12062
6234
10701
25776
8766
11045
26414
7299
14113
4768
11400
3664
31850
20986
8992
26072
14369
31525
10478
3524
23710
24620
3233
2967
17577
28358
19171
22496
31455
27179
12509
1716
4184
30502
2046
21595
18054
11884
12024
27210
4192
10540
17420
28753
11968
15335
17544
15894
27658
21378
17806
16578
15119
10394
10774
26874
15665
15639
31286
13585
29639
22532
16290
11132
8387
29598
2927
22918
6802
20906
2332
10821
5955
10764
17106
10700
13036
10134
31467
2210
13641
10014
16050
29555
23207
27859
5737
4870
9216
17361
30353
18543
29288
15346
22117
31110
29095
31207
4008
407
5672
19848
27552
6747
12818
617
355
20775
26036
7854
18769
23652
28454
1056
2530
25919
7469
10112
418
6561
26976
21019
29305
6754
32137
8606
29232
6586
10318
14892
9265
15864
1297
24238
16526
7286
23316
25450
3141
24780
30689
11992
9923
29764
2281
15536
20646
14734
14443
22344
4039
12469
4503
31517
21624
5970
28660
6319
1034
22784
32255
10387
3219
25615
1813
17859
26093
13949
8338
16952
9218
14113
28219
27067
32327
12074
1497
26360
28807
30664
13863
32468
22754
12329
13550
5632
14101
4007
30831
13518
28924
10304
16385
32068
16469
11590
4091
18288
11718
4695
9428
22522
15650
5776
8585
25856
12008
4094
32063
23837
31500
2901
29738
9419
26874
5093
32685
15852
26841
14281
6595
3491
4620
7266
20381
13416
27391
14084
26509
11356
24096
32238
7714
8665
43
9600
16021
14926
2987
15784
6755
15690
13758
17310
9276
21462
16408
31697
12828
21000
27722
10273
10936
16085
13380
28238
8731
3623
27673
688
10641
16687
12547
27433
22212
24829
18855
28249
17957
1870
23450
784
7309
27045
6691
21513
19492
6813
21059
11221
8323
30077
30706
23829
22037
26637
6316
31468
16579
3752
22316
30132
17872
22163
21624
28656
11521
6797
10781
24450
3330
28071
22972
20255
22277
2134
21957
21503
17836
3015
1923
3033
13097
3954
30297
14094
6820
11506
29771
17189
18652
32276
29631
22903
18
16686
27269
17963
4899
6066
26134
19301
15348
4866
13593
13499
12562
902
18988
16105
16026
15869
15328
10181
26199
19216
1541
31349
19243
13613
28713
27615
27568
26770
15707
23393
28702
22952
2357
19394
3952
26003
30233
26729
20418
8455
4282
27341
9726
2397
3294
29741
14519
19430
16227
12161
19029
6015
31104
20400
3699
11365
10574
15875
28293
7755
25479
3290
446
31914
14989
670
15409
21849
1710
20726
6454
17757
934
19518
17679
3074
26469
14133
2507
21547
22035
30453
875
10214
22354
17193
24388
16963
12483
9850
10916
13159
18891
25418
29880
2780
31895
4261
18349
31787
30813
884
15638
12717
6373
22516
12686
16798
22345
12135
23454
31091
14329
30218
18913
29549
23041
17734
3173
10863
2959
13866
3413
13
1967
14361
23765
26853
16730
16320
29742
13106
24495
25163
13355
7070
20352
12505
8899
9304
3600
26669
11255
25191
4379
18598
27134
13630
28695
10865
14496
7312
12986
8701
6112
8293
26812
18607
8669
32622
28382
32216
6138
6037
1323
13284
19261
15577
6782
7636
25589
29273
28996
20718
19616
14766
387
11954
17419
27774
15388
11025
23227
21582
4941
17114
24460
29848
27769
13941
32664
15134
24364
23763
7514
2685
25946
8869
8980
21253
24807
2508
21613
11720
6764
15633
25439
11761
7481
3095
19536
23640
5270
25485
15743
4435
3663
5544
3490
8398
18031
1745
1486
3230
24651
4763
662
12562
12482
15607
12407
8139
32196
939
26484
7374
22289
25600
27133
29144
27715
26811
2837
3058
1039
21583
32692
5956
30920
15185
24426
3374
24100
9004
6214
26773
13379
30998
23030
29819
19437
30019
15407
26835
16412
15960
9296
18835
10426
24866
11842
15370
27307
28808
7330
18036
18702
25022
5154
11724
7104
30908
9772
26081
20258
22767
28361
18348
4381
3630
18882
481
20323
8687
25349
30660
27383
4283
9801
574
17647
13279
20981
18224
2169
29541
12606
6919
22044
21570
16784
8337
13376
14033
18224
6927
26865
22912
5407
9867
8416
29642
3137
19051
1962
32101
5566
6727
13661
30140
7337
22776
5433
16287
19168
20977
10675
25913
3379
23763
20928
22595
8904
16187
29519
632
15293
24798
12055
14921
27408
1497
404
28625
28604
834
30028
9739
6437
8707
19031
3139
19126
9192
14110
19402
25289
7926
9827
24046
2247
8959
5762
32297
9872
23923
32246
3225
4381
12153
22814
29872
9316
27198
17729
27693
22139
9613
19665
7755
1537
25761
18668
5944
1978
32055
31784
968
14201
29927
19088
6507
4163
18611
13034
14941
4017
21217
27964
10780
26774
17158
21134
26143
18658
23652
29168
30405
14022
28277
30399
19596
18713
15304
17445
32131
16123
17164
27103
30466
15032
7787
22083
30616
9199
27929
27009
25925
29939
31532
20009
21481
30577
7086
15085
20477
13395
26864
425
16769
6885
24354
4000
31541
9014
1313
17160
18956
28610
6032
14794
6366
12877
27178
32131
31837
22546
29526
12494
15178
16669
13820
8645
9961
1782
32152
26053
22450
5759
8333
25202
8777
8479
15547
26619
22704
10528
8787
16544
11196
11606
24810
22897
16581
14338
10957
26712
20386
21749
661
13145
23764
13049
26363
23833
25602
29804
28909
23197
1702
29486
6113
30293
4869
31678
4201
1113
30564
17311
30983
11250
30073
7937
18755
27228
10784
14749
14076
13002
15695
22241
1532
20395
20044
23885
30159
26924
28701
12573
16852
21758
19009
8744
26516
4953
12701
28936
10067
7489
19897
12155
29413
26632
7724
9
16067
16916
29781
30951
26974
27874
13644
11804
11443
6219
30744
9954
20000
8966
21539
16975
118
17519
29675
20276
11343
902
16377
23366
4770
7995
13847
32123
32148
19433
16574
8119
29585
27168
8910
2984
8348
6823
19329
16110
27107
21441
9890
19072
24471
23472
15610
16715
250
19576
14604
31260
1722
1253
9218
10431
10109
10959
28390
4713
2749
8861
7189
24915
24022
8200
7409
23464
16221
13346
14295
417
29876
31894
2641
22254
7643
22577
31628
23385
23433
17569
13068
30374
7036
18813
26526
23485
32525
5254
6798
9995
4103
11053
4891
15397
14265
21845
11816
9902
11338
9561
22068
636
18509
16721
14220
12022
149
20881
1215
20928
27723
14451
24403
27803
4925
30551
14518
2694
30329
25831
16247
18473
1819
6304
11446
15220
32611
12174
1498
32388
21003
20054
9858
25030
9175
1146
9917
2398
877
29913
29053
31178
21351
26485
8009
22466
6823
10361
26931
24419
12010
22651
18442
22157
28064
4606
5072
32394
30460
2107
14190
18672
8007
801
19623
21448
2681
23706
13387
28911
9738
25360
32429
15549
29958
17712
14422
2021
25184
27373
28411
6300
3464
24520
685
1790
17727
12879
5968
14509
9387
27876
14926
16315
1702
3008
4237
8394
17244
5176
8350
17521
27669
12606
3383
6114
31055
31018
21475
8394
7952
16571
25592
2169
15226
8024
8649
25155
5024
2204
10782
12582
21144
7954
27105
28845
32466
9277
24090
9491
22951
10716
4126
13996
23861
26731
8706
7297
19563
24301
32598
6714
2400
8169
1552
5442
9705
28595
15303
17701
25194
6124
25378
17213
3820
5196
1423
15757
624
31903
17720
20717
7299
20494
2867
20072
1299
1440
26104
28642
7809
1537
11289
16381
24055
29313
14125
14654
32252
23903
19213
24684
16198
22344
32068
24121
11215
30235
12480
23589
4139
14575
31182
10398
7960
27991
32325
26220
29527
31205
9728
19276
25530
12780
12178
12763
23935
5770
32054
694
14556
10470
11781
14560
15323
12727
22380
1380
16232
8710
29404
22075
10920
28980
21443
17519
14477
7230
14780
11649
15272
10816
21250
31753
21566
23096
17195
25500
19613
24077
531
5106
4016
18128
10006
10056
28114
1601
29826
20484
9184
10645
14155
2456
22674
12662
20225
20648
1035
11084
29184
9839
30126
28603
487
25439
27700
10860
1099
7431
29691
3857
5036
9018
32673
24483
23719
22638
28370
10222
31598
26978
30558
21072
19830
10244
9359
31166
2927
3473
24761
7431
16249
10238
15634
5981
27541
30359
27588
529
29785
31206
8257
25502
9193
31446
18903
20457
22818
19736
23684
24007
14104
4294
7179
5568
26819
14150
7495
15891
19701
20338
29120
10233
7823
23797
12668
25134
27893
16120
22296
29870
30911
27135
8727
2492
18610
30989
29561
10281
2798
23055
22671
25299
5736
6519
14351
8556
8347
4392
21860
26237
31611
32402
7751
13994
28587
17438
30355
1335
1775
22988
30293
18891
23268
12570
20003
9076
15343
4137
17840
11500
17523
10267
2205
26139
11335
27327
13713
22236
28775
25456
25483
20228
8937
5946
4471
26529
30515
12351
13312
10623
24172
30809
21926
31985
18480
26369
32016
18125
23432
18032
19875
22201
15385
13315
5715
2725
12187
32740
17081
19353
14221
12263
25190
18353
29479
10674
14968
3430
23953
18465
5483
27662
15442
24553
17713
15782
21003
30587
2948
32208
10597
13867
23675
21016
3144
20113
12123
26491
31566
26671
20912
18730
14711
19541
28829
5259
16414
23106
19569
11905
12075
1676
19066
24045
3467
27074
22814
28533
28125
8783
23079
18052
19310
3489
1887
32657
13160
7307
1373
1957
3654
18152
6302
19735
7563
25218
12504
28058
436
24882
16010
1403
23659
14920
1752
1059
25341
812
27030
10723
29966
31558
19875
4849
2956
3868
10104
29613
5089
5818
19968
27177
2925
21335
4523
2281
28467
28725
18878
32487
21458
2761
19437
218
14776
1564
555
22456
29074
11633
4801
14458
9478
27176
20125
18719
22437
4322
23021
30451
29723
2534
17133
529
14761
22724
31485
25127
7638
18232
26103
26745
30305
14160
29631
17193
32633
24785
30748
17845
4656
32216
13510
6849
7982
10941
18880
17175
16802
32060
32743
1516
32383
5847
8652
13925
996
13942
22207
29273
31963
3409
13356
15961
19783
23311
31019
8941
18968
5423
10322
12065
16833
7592
29645
1088
26860
19660
12209
20192
32620
21106
16014
20766
16755
12884
11332
25131
30981
24502
27415
1800
17324
15433
26373
2189
24686
32334
25430
10928
6652
16894
22134
26884
8492
18986
14336
23680
27561
13343
29979
11906
27369
8908
32521
15635
12128
9511
10237
21613
19444
23500
16941
8635
3504
8679
13609
17183
23484
15701
32107
6393
21389
23046
18991
15463
30041
21670
11653
16136
29902
6268
4772
6150
515
5266
28289
25171
7855
3094
24224
20530
21401
17920
10794
30714
23119
24565
22849
24086
3867
18539
22160
24657
16179
9231
20262
26193
10032
8803
17540
31584
13761
1452
1268
13683
26273
25099
32285
3428
18886
22506
7637
3203
2780
19865
13622
29517
3313
27705
4596
15739
28274
25562
16877
10047
2390
15072
13570
6090
17305
11435
12582
5393
17388
23415
19636
9425
24235
22912
25350
16080
20239
19818
14147
13415
4261
13793
14712
12605
27902
4221
8683
14677
4520
26600
22188
18507
16990
3394
20332
30170
31612
196
27538
17314
6326
19876
28300
30760
21512
23865
5731
11039
12528
1376
147
26342
10204
22046
20761
849
9694
27271
20429
7596
13479
16606
28658
20989
24243
24061
30220
6538
9153
16375
12273
29339
4486
25597
29475
13697
21666
25470
21853
15063
21971
27794
21356
14088
14185
6553
23104
28434
18170
27679
26179
10889
14166
28420
11498
1758
14013
17369
1161
4065
13648
8076
32363
16773
28614
31304
26402
22243
4704
30359
8476
2690
2079
17354
3447
11222
18996
32666
30486
11782
17336
23311
13301
5107
7581
1697
28857
23925
1765
10654
23180
23015
19729
26827
6951
999
22749
16462
23344
19031
25386
13515
16071
27303
30268
8142
4188
16471
3877
7017
3523
11703
29569
20766
2954
498
3940
12286
25226
74
28561
19987
23484
27813
11245
30972
3662
16713
22067
14807
25590
29156
16616
20580
14215
24527
12946
26982
16834
25491
22821
5197
18542
4013
4542
15379
17323
4238
22675
10084
28035
19942
29994
17409
28610
12578
14026
16742
9223
13619
21808
16043
6684
9106
18818
4008
22659
8833
13193
23900
2897
30867
7962
9616
5440
10606
15829
23991
14079
20432
26899
15641
16588
22736
25
29232
581
1127
30354
18258
27771
20270
10044
31377
6729
10601
16097
19680
13028
8005
21385
3191
23218
22110
31726
7800
9824
1156
31536
19410
17455
17343
21706
21861
20366
26512
23749
4968
750
14202
6187
9224
15314
12993
447
27986
1317
16754
1771
30291
7121
30371
20730
23422
8589
18428
11911
25166
29174
24183
12597
28716
19938
25699
21409
26770
20721
29871
15253
13937
25957
3941
27775
1232
10803
14197
32289
27318
32601
7604
11145
3659
11379
32036
20036
826
21897
3190
6607
26713
12844
10445
11086
2188
15041
7621
16768
743
16412
11956
12531
15890
8529
17712
26740
10994
5062
26833
6602
6789
12685
25655
23204
11022
16881
15183
20943
4211
28751
22227
17580
15331
25896
2320
6370
9915
30067
20460
7760
17579
23608
30759
13638
24853
12890
1505
9460
27573
6325
1629
13858
30855
18536
12036
26146
30437
32116
28077
17923
25584
28551
19995
23048
31794
19730
22727
3416
12418
27809
20192
3575
25127
10348
26513
9461
10816
6185
29314
24294
12387
7461
929
6290
21636
29843
3106
17389
12312
17444
1220
31049
12923
21720
3415
10442
23695
28691
9595
26
24487
4851
25258
22623
9123
27617
18297
16490
30812
22118
8218
30513
30274
18752
2086
27264
21059
27318
32153
3563
10479
16168
9503
7687
1242
9706
9102
9178
9282
6227
12467
19599
16882
24336
18257
26990
25958
12734
5735
11276
32304
29881
6066
29375
20123
2350
28531
14677
27021
25464
31090
518
18354
23465
10051
19110
14294
27750
5064
25120
11923
21497
28663
12831
14637
19361
11485
20750
6074
18732
1763
28739
17030
32456
22097
31351
24245
3351
18704
30330
26154
7041
27060
548
1704
19150
6074
31119
31799
13812
21773
7811
27338
29997
3279
21554
31518
22349
14167
17190
16101
17747
32630
31095
8228
1086
19711
23361
24538
18722
22662
30549
26594
21370
11367
5167
29722
448
14091
2345
22213
5179
21094
14318
23598
4633
25796
14896
4495
1213
32454
6046
29488
32090
6823
6160
17875
6337
24772
1541
8016
30071
5468
30032
25213
20491
5012
25102
12880
14758
31166
15323
8264
7396
27354
12614
6664
1250
2397
20354
23110
23193
3890
19038
24803
3178
9983
118
13915
21497
27305
4011
32352
3647
11034
3538
7618
23003
25922
14761
30610
28585
2139
14351
1415
27030
29042
12660
20384
27571
16419
25486
1803
25480
26788
31565
18502
20906
9989
19218
18564
20880
14261
12572
29266
21410
31049
16962
13690
15763
23417
3304
3624
25841
16235
2092
1867
6138
11573
864
15422
10418
669
10685
7592
11826
32546
28245
32161
28739
20801
29770
10006
12587
2289
18238
1134
18887
4976
30730
6509
19418
9281
29107
21593
7845
12150
6810
31324
18872
22827
5618
13098
25095
32339
14711
30691
19776
15031
2909
26939
20316
4155
23687
20696
5749
4963
21242
20988
14551
16663
30865
3427
22873
24995
8690
15471
26094
7426
16832
1922
9335
9308
31763
7083
475
5325
3621
17286
22362
30568
24142
1885
6686
636
18482
6291
10515
21
31033
3139
11513
32198
28991
10532
16056
10662
31629
19632
18419
153
13320
11141
20959
12753
27817
28939
13910
23444
1837
599
26407
1343
5902
26703
16305
31371
24497
9487
5296
27663
737
30860
30294
30982
29564
22647
22686
1619
108
8037
5597
1730
3033
14124
32665
6289
17053
17040
29087
7215
26617
2591
6992
10307
2438
12377
29500
32496
12142
28948
2290
26711
23771
28703
10517
5726
29872
23334
1971
30128
22136
25301
25811
4102
18331
20288
24397
25508
31960
13187
27103
21542
22511
1189
5756
6268
11678
6083
11239
18996
10191
19306
14721
31223
6160
24644
7520
27991
20035
17655
12448
27080
18327
22858
3582
12523
18871
27786
9890
4627
15937
31532
6461
13570
25209
28595
32596
499
7999
27348
9436
19166
7486
22232
24070
6647
26983
19011
28508
18807
15774
32179
15373
18592
16818
22794
11909
12795
22675
23503
3905
5861
19903
25810
15842
9289
30462
7439
128
1199
7759
2517
23872
9078
18466
2600
12841
13661
10695
17251
32563
10825
25639
16674
5793
27714
22194
19550
10129
4030
7832
15834
22226
22818
5692
20414
23029
15238
26854
12930
18599
13496
3767
26894
6206
10884
17635
12320
30097
11571
22042
29933
28941
17234
18247
7947
12549
8885
15485
12686
7754
31419
10798
1906
16124
13266
9887
12089
13215
18494
28568
10708
2673
6679
30816
4295
23803
27281
5097
26505
27623
22145
3911
7209
11537
31772
20582
31543
32737
11777
19709
6882
31703
22394
28094
350
3431
30206
12752
2697
21768
19451
9854
20685
31880
12499
1841
7496
30370
8740
6555
9002
23762
31309
6710
2655
24424
28718
19693
3439
31708
17455
1560
11938
28001
16003
16302
18535
3004
25262
3766
31990
3159
31812
3327
18741
22929
26868
2833
16088
29785
17350
7779
10701
5115
21921
24527
9431
30777
28432
28226
24953
8606
3909
2488
10005
25615
31839
23144
19797
1955
12520
14395
13770
27573
17058
1667
2259
24631
9859
30698
14785
10568
30206
20136
5688
24841
6532
27898
25816
11181
31819
18895
22301
29136
11598
7620
21124
5386
4501
23634
21744
21187
2998
19782
30795
18761
15516
23154
22896
21279
16775
26019
26185
11417
4948
15059
22324
6053
27391
29343
22444
29164
20326
22779
8741
28954
12367
11300
4919
31097
12973
18390
30719
17093
4639
4288
7107
16188
15290
13365
22740
30964
1544
4132
12473
22897
10832
22346
12169
3959
25368
17830
7833
1821
21481
31021
19031
10275
7762
17088
24438
20101
18479
859
9036
12624
22316
27023
2936
11189
17796
9010
30919
7260
13327
22357
6489
20219
32123
31862
13823
9254
3801
24311
28392
27497
10588
27599
11133
9108
29022
4992
16777
5462
28324
22857
6045
31757
25059
25244
18099
12509
4995
6866
32529
3071
32674
16158
13424
28764
860
26303
21854
13659
28490
23418
4577
25335
9032
22088
30045
29716
6012
29772
22455
4883
30356
30727
27067
1188
11598
10959
24763
13531
4926
29309
1401
6791
4300
28519
10824
25791
26236
13966
19565
9917
31090
31768
25803
30192
18741
16896
11200
11852
29363
24332
21578
20709
25733
29183
622
12476
10357
5392
218
25048
26173
26012
31177
7833
914
13336
14119
5962
1377
28745
11765
24565
5721
9655
22768
28795
22185
7263
9837
27363
22795
29096
32136
7155
28929
15768
7805
27133
13918
6216
25174
9724
25097
5013
7623
29408
26622
32025
11094
14117
29333
31834
24766
19626
8967
24896
29590
25281
15150
14029
4398
18050
5260
28168
11706
1382
2191
13626
20146
7697
11795
20317
21624
13166
4137
32722
1852
30209
16919
24146
27421
14201
29856
10023
8080
23685
28805
23452
19974
8425
6731
18098
27593
25041
25407
14868
21287
25189
19384
5965
30675
16029
23196
31033
14984
87
11813
4537
8175
2727
2533
4011
28355
20334
1544
8474
31027
814
17370
26033
5512
17180
19337
25974
2567
24951
30507
24501
28697
19481
3842
1593
21161
16716
31487
30914
3022
18142
11654
5300
9642
6008
11121
27917
17042
31275
21847
32409
20590
14412
22030
29801
2915
9602
23150
4225
5040
28189
30296
3281
6870
8105
23287
2151
27644
8131
16966
21730
21393
1324
13267
14378
10803
1820
1730
30302
1744
30425
17684
14350
23563
30599
21546
8363
1249
26690
1668
10555
1164
13418
31439
4945
32167
32318
27679
2109
9364
22445
22393
14464
12571
32104
6804
3971
4947
18492
28640
20360
28614
18591
27592
10720
9936
16521
24372
10078
27464
28549
17235
29965
11362
25863
4759
26910
22228
19712
13057
21540
12600
27312
21918
29316
22450
13755
28498
4646
6866
19840
11988
16497
17852
13990
5114
5239
3974
5879
3127
26988
15329
25458
14434
7517
12028
13467
16312
10270
30885
13590
21541
7813
6834
24180
19391
30165
3743
30797
29587
7037
20088
3471
32677
13571
25849
19477
15410
7227
18677
636
25656
27580
2036
12338
16697
12180
1056
23503
30779
3643
18786
9129
10259
32198
15816
15522
15587
22877
12586
21317
7394
27375
4109
786
4699
15652
15815
22549
5881
18836
23012
3774
25665
22326
29897
1516
28000
7451
30615
5963
9767
32092
17234
18912
15188
27729
19267
4834
8211
22531
11930
6348
5316
9188
5464
11440
2815
3262
21612
28110
2773
2282
7452
19301
32089
30914
15271
22729
96
15192
10537
10166
10116
31593
29886
7396
20079
18572
18410
29403
24662
20655
2617
24329
14531
19908
26658
3346
408
31672
16689
25703
12881
10917
16742
19482
5257
16712
10712
24817
29119
17333
3229
20921
20059
12873
32750
21980
21996
21729
3207
29238
23732
17993
23373
37
6758
21496
26163
10975
558
1530
12382
22281
23538
25389
18824
10373
728
17840
8354
6795
27912
21401
27069
24059
24755
28646
6954
29169
31316
14263
17888
10906
26677
24506
19743
6727
32565
1510
16723
4288
3274
19308
25147
9435
2626
19178
3146
31821
5454
16098
5454
17855
20928
27756
23631
6437
6292
9767
4282
12875
6189
31605
29887
14768
18914
26600
7927
3992
24761
5879
32586
19805
5490
4086
11024
28934
29640
24133
13430
26394
3315
2503
4387
26295
13169
29589
21532
21470
9222
27380
16101
7185
16386
3717
28138
16672
15554
19900
9245
1600
27769
7827
31199
29533
1073
15232
29476
8881
780
32164
16594
3222
7888
10053
12651
17816
22946
12926
5356
25295
9490
30773
6133
30828
13912
17230
23081
26257
28637
9246
17368
26726
1022
6179
24284
6505
13580
23026
14016
25861
22167
28016
1064
5223
29676
15429
10092
28301
16348
22158
13959
7839
12735
11218
8752
21635
29625
20536
13894
21420
1596
8695
31089
25650
15566
25357
12295
23080
30733
6964
1580
10026
16624
22034
9534
10805
10575
4528
14448
12731
5542
28973
9396
25591
21526
1972
30687
383
9388
20395
21255
13848
5862
8749
21552
27597
24691
17083
17192
21571
4411
21294
1456
7239
18591
17392
7900
32169
20482
5228
15805
9037
16008
30659
7997
4991
2589
12737
18249
5255
10682
16399
21814
16253
11491
9130
30557
13663
27765
24211
16905
10849
14494
31177
28052
15236
10285
10100
16332
17002
27916
21859
9371
7017
21002
17336
14824
4574
17886
29666
21176
26308
5993
972
13721
9605
18236
18772
6720
15119
4698
16895
10865
811
6719
10987
2591
16394
20001
21765
10965
12321
31093
2427
28244
13880
7093
4725
23678
18365
28001
15360
28786
5469
13892
24906
16633
8662
22776
23061
2081
15110
14252
23654
20007
2376
22053
9853
15258
10497
23811
1290
22206
630
25158
2462
12335
21473
6928
1376
17094
8643
23212
7169
2752
379
720
754
6173
29208
18719
16596
8263
14188
30194
304
21236
27489
88
20584
30285
14737
11100
21485
3664
30992
2182
21171
4979
6284
932
8674
31882
4249
23497
18895
8170
20550
11671
30506
12239
22516
29370
3193
22011
30312
6837
26564
12960
23582
8417
12434
17024
30944
17330
16917
28755
22424
16701
1442
21865
27747
15607
20836
28048
2278
12992
8016
16952
27365
6944
12379
20693
6417
9424
28651
12421
546
10108
11148
15091
4646
13255
29413
15483
12825
25744
13290
28559
26037
21875
26451
18265
31627
25235
24908
19873
851
5527
6766
6130
32385
25587
1262
6136
32537
8809
16916
19245
10435
20943
19439
3509
18466
10514
26440
5253
29794
123
29140
21195
28432
561
24749
20106
13871
17408
771
10373
31880
11864
23823
23391
31809
21657
12105
30208
22449
8845
32219
21819
31859
822
11349
8365
15545
25803
418
3816
4835
15869
10299
13521
17233
30846
32410
25670
20597
25796
19442
24068
29996
6923
11549
23240
6478
28057
19926
12213
29827
20549
16936
4598
21337
22842
5158
15780
12948
16121
23005
1002
9414
30621
26503
1127
13855
23907
29186
5587
17029
31849
13696
8678
29159
28086
29823
30837
20175
25467
25340
24031
11063
19096
20963
22695
18334
9570
11979
610
28763
932
11232
24532
1328
15332
9248
1110
7970
18919
4043
1146
18568
30327
7444
31730
31587
11363
16669
10926
23021
7880
21794
27973
21877
9359
5109
5270
14185
27959
2986
24751
16565
29396
22419
8942
21323
19800
13935
19301
23043
19218
20702
25987
25254
29300
17432
18417
7749
20761
17631
31675
15312
15367
28338
7856
20708
25905
4932
17675
17635
27200
7724
7763
29258
16530
24798
24959
29247
8835
23258
17502
18026
25068
21027
566
21766
17386
20467
13740
27448
18913
21933
2531
14751
3008
24083
1768
32556
1926
32441
32078
22068
2565
15801
21781
22467
5349
28585
17361
2356
26093
12746
11783
18430
894
21634
14299
10193
29280
18957
18664
30434
30914
28015
1904
23683
4731
13741
3765
17910
31382
10556
25766
5507
28174
9658
29374
18376
3030
20444
1578
849
30236
16296
6954
18024
6351
15588
30649
10030
14687
8142
22896
23019
13252
10765
15016
29091
2241
27624
29407
3818
8554
2486
13917
28920
27620
30101
14614
7424
13676
29023
30931
4030
26010
27866
29325
11600
32487
5167
18201
25414
2158
8862
4875
12540
17647
19823
32212
2600
23321
23340
17453
18351
21257
15117
16825
6845
3342
12468
15845
13844
5551
26650
20
8612
31471
1482
28409
27740
1743
1869
16195
12353
789
2021
30080
7357
27212
15742
16187
31545
10764
16865
26472
25070
23163
31787
27139
2295
3860
15997
27379
30123
9383
27638
5172
28715
12449
15070
7989
30519
30094
26404
3455
9798
220
26891
21656
16853
21986
1056
295
24063
18977
17007
5464
21326
30409
12278
9858
30161
25471
27226
32264
17006
20061
22745
16765
30330
13626
8320
26123
17799
1068
10398
29461
8573
3404
17272
22555
18669
11705
20286
23006
4001
17376
25406
23237
5496
23290
23896
640
24433
12245
25522
2283
1797
29400
11949
10293
29626
27458
12055
31297
21237
24498
25762
17740
16911
26604
30868
31697
24236
3034
28865
29609
12616
21457
3766
6263
9747
11798
12088
7491
2047
19873
15853
29029
12823
26144
4440
31909
27410
26943
17163
26272
7976
10535
22551
28014
27684
1092
19912
3969
13243
32332
24207
3280
10268
27261
4928
821
1736
2854
29821
10772
30116
19048
28786
28990
13900
28734
18628
1813
9131
31163
7363
2544
11721
30099
25575
26817
18403
2525
27770
14069
31937
1815
12946
30619
7492
11371
9026
9161
15679
304
8209
28731
29319
26548
22187
5694
2638
19769
16599
9164
10412
6973
24745
5881
1663
19967
3321
18574
16757
21566
25108
27123
29287
7236
10928
6738
32233
29219
21798
22265
21279
4927
18651
19200
3282
6924
12287
16940
10434
11545
2427
17172
18750
78
5924
5250
13555
12146
31797
12828
2306
29423
8188
29764
20821
10202
10451
28476
31538
18478
9042
19854
22032
14424
10691
10667
5802
3577
8150
10962
4179
13287
22167
26931
6281
3957
11420
23893
18636
2804
32387
24245
4785
10617
31644
30128
23090
2017
13026
1186
2632
28435
27696
3152
22460
23429
8625
3971
9785
7682
11673
23030
17319
31146
18
11890
28084
25402
29049
8248
21939
17805
1227
7071
5802
28515
11866
25086
20902
3682
29381
31948
25682
23386
29222
27654
28104
23501
13197
5073
5543
23727
17582
11617
18790
2666
470
16153
25576
18981
6692
24564
29520
14406
9205
18979
4374
28725
21920
248
91
355
13924
3586
1657
13708
23454
6522
12767
3129
1599
25053
796
3976
13438
22235
11321
26159
31690
23408
23116
18111
16131
29521
15690
12326
5353
24457
16925
2936
29397
28260
13046
6895
28583
652
12773
23088
13055
5490
16807
13263
25776
14575
20671
12310
12401
23596
31432
258
12758
22463
29705
3983
23679
1302
21322
28213
13456
25881
11750
21683
27488
6667
14882
2315
13430
14513
27581
22990
26289
13495
16072
3481
15814
27727
9400
27616
20464
5915
18362
17130
3042
7245
6214
3869
21249
5133
22775
10108
976
30747
7322
4974
2219
18357
27269
28097
16057
8891
32042
30958
18716
8209
20203
18591
9322
25413
26928
9326
3681
13681
10679
2032
5590
9571
29228
25586
26351
29436
30202
1282
10130
18902
6752
17202
30749
3881
7367
24344
27736
18160
29523
12313
4264
21575
7096
2024
20357
6424
19535
28489
19245
14582
15209
8219
32666
841
28899
24725
16562
18604
22010
9168
26815
8083
30561
4997
19230
23601
11665
26393
16187
16281
8033
11222
22461
8739
21206
25212
6653
7441
16444
5624
18877
30578
7029
20339
7447
23111
18322
2958
27827
4069
10400
5356
13373
21146
18372
26610
30486
28307
32139
970
23882
15101
5755
19630
7363
11883
9710
25443
700
4728
31520
5635
12664
6829
27782
19968
26163
25253
28001
8038
23385
5998
8596
23904
6902
20531
25522
22526
21869
23064
29020
10037
4206
31590
12746
10024
16930
29160
19111
2469
11432
12437
30498
8435
3525
8302
21826
18379
30423
26794
7545
2724
24843
529
30845
30260
20944
6566
26451
12083
9100
1672
29100
14178
18061
22298
3701
972
3650
14690
31402
18507
24235
17071
29291
7247
19982
23167
81
23771
3820
19615
22274
28624
13875
18068
26883
19566
12725
17466
13006
27928
729
12203
27429
3671
4496
14434
3493
24354
11147
9633
29598
1629
940
10255
28450
8607
17850
28326
7260
8504
4696
716
23843
9587
30520
12224
13007
16664
14220
31032
27212
17717
30909
25929
20077
31262
10080
7558
21634
27059
10342
11116
30508
7905
10898
21502
13168
32364
11313
22188
23563
7403
2309
4985
14085
13844
9346
23645
6537
10553
1085
30184
30196
7955
28321
2857
4140
15551
25059
6350
19507
2054
30521
5004
19196
24801
1607
19906
18813
13372
7386
24665
30213
19451
7897
6894
12240
24635
8825
16179
25817
19930
23727
2962
495
5689
12779
22804
10507
3136
16131
20610
8673
21155
28269
31434
14517
3940
28082
12451
32624
30874
5919
11636
9459
7792
9150
18802
22187
5744
14725
7945
24677
27650
10700
8062
32356
31279
29701
23250
5553
4779
24743
32489
18099
5651
18539
20972
3583
24947
23483
11243
26481
13579
32359
13255
10108
30803
2971
25423
32446
32572
5646
5801
23512
13497
30843
10996
8060
20094
19029
28715
22216
28167
3255
29260
28626
21213
9114
23994
7300
533
28490
736
22442
1817
6683
15640
16457
12715
28247
16587
16178
29990
18556
5337
10968
19719
31140
15163
23903
19117
11845
19687
28917
12381
11546
3315
5733
15753
609
14078
14825
4178
27463
3276
27200
16459
5537
26416
13825
5760
2012
20015
29487
1719
17719
23650
9485
19957
559
29084
29748
23108
32059
30925
27874
24500
20410
17702
30613
16032
19242
19070
16345
7986
13978
13557
32094
26153
98
9175
21325
26330
14353
3011
14812
30325
25767
1036
9761
17546
2821
863
25635
7372
30881
20390
22327
30228
9854
9517
5258
29353
18524
22787
3066
13758
23596
31396
13098
12860
19910
14548
26325
22210
734
3534
30306
15082
25396
30366
3513
12751
12556
14796
29014
26060
17886
314
16539
24966
1870
19279
12907
10796
10334
30549
32756
20221
2787
28960
29132
4619
21814
16369
17216
3647
4139
31898
20457
32414
24903
29410
16256
2762
13613
29226
9202
15564
28250
4433
15799
1040
27666
27094
23136
27057
32154
3644
368
23032
5544
16307
25453
10015
21016
9972
16183
10586
11232
5229
12696
8216
25414
2974
8987
14469
31825
7619
18466
23892
24445
22451
26419
13245
29362
18184
22931
27073
15991
23168
31254
14773
29540
8611
30261
18174
25557
12198
13665
14362
17894
9616
19095
12768
20891
10139
9269
6152
3934
16861
28172
14061
27311
39
22966
14994
23831
15662
16681
5859
17757
27880
22413
17726
16125
26169
23627
31538
3542
28623
1127
16007
29219
5195
3599
31358
30892
417
12916
31321
6974
30657
27096
27934
17752
2679
13800
22169
4391
14991
26189
4512
20660
10814
2942
18331
14173
28861
3032
323
14210
20791
3824
13481
26752
22757
13096
29818
2275
10360
16768
9346
28887
27831
21423
22384
2272
19049
8307
14809
6347
16757
25125
11903
741
19272
2960
32722
16234
14455
16131
19127
11328
4517
15269
1673
1253
32680
13577
20061
5799
32487
18690
20363
1299
25094
1977
362
12975
26566
16892
2650
8684
26662
4569
30216
25174
23759
20844
8429
24078
18606
29685
32024
7034
17123
29997
5166
18235
10458
21211
27311
6751
15287
17570
10362
28888
11512
9757
10900
9261
24149
18222
25125
32368
22763
5778
9411
22896
16282
23225
20979
15919
16556
27861
29165
6295
19127
10802
12704
21352
2244
4037
24566
28789
27056
13319
20569
28944
14035
4868
18038
8899
32224
24750
20289
9281
21004
21880
11065
13979
10355
10528
11757
11959
21431
12236
14015
6911
25322
19801
9960
29014
26542
13040
30908
22864
26522
6874
23599
26274
31968
30357
31897
22487
27181
17191
21430
11589
9681
30642
11761
11328
8224
16969
17378
8845
18712
1794
3349
32281
6468
21836
12301
3307
8671
18307
13192
31064
26685
194
21765
22134
4199
15609
10372
20691
6918
10047
25997
22374
14978
27241
1395
20677
874
12251
5850
12441
31767
158
27255
335
20364
15539
32023
13841
10145
7335
17123
22773
29281
29032
14306
26996
5808
5719
22975
32541
23601
18846
28365
1162
2662
24260
15944
7828
793
32639
7646
5059
23547
28361
30829
18440
15244
565
12815
8367
32058
17796
3412
25743
24781
31859
30158
27780
18690
30424
21459
14367
19830
27373
19838
15003
9158
18924
6391
29715
9205
17116
17396
10995
27662
26538
5248
22957
26378
10363
26364
9389
15091
6465
11619
27790
25162
13708
29650
20622
29863
5796
3655
13631
25247
20436
21416
9088
10474
25864
2568
5036
16069
3995
26663
30993
17302
17770
20535
8612
12239
13869
10214
15858
3348
13063
29080
9562
31136
13403
2804
10874
31461
29154
13475
5095
25458
16634
18260
3361
20506
11585
14852
9158
83
32611
23932
9477
3548
9776
28955
28502
18339
13810
29909
3176
13285
29181
23676
10075
32151
5255
2110
13104
20741
18618
9840
21886
27577
2824
25226
26982
25502
25535
1394
11976
26981
12253
27389
31159
2600
27685
28851
30251
13389
13938
16850
21494
942
31052
9366
28410
6390
30137
11448
18328
78
8021
30516
24428
27450
32421
21328
20023
16829
3497
31962
8988
20164
17072
19377
26128
3010
15728
31879
19852
20375
19030
30436
31876
25782
12315
13422
23709
19079
31640
11625
26779
9738
15835
28282
31512
9662
28794
15280
30076
23745
29735
25796
21289
22840
23941
11936
31990
31217
1083
30239
28895
18247
2118
28692
4603
21318
16787
10893
13486
25872
19917
13145
15135
29567
12404
1991
21996
13068
14639
12721
15645
15088
9315
13753
30039
1417
10756
14035
30034
20478
28331
29444
16269
7462
2793
32105
17473
24486
7388
22906
8083
3930
6143
23440
2061
11767
18246
29349
335
32494
13675
16219
9986
30355
28546
7232
9230
9342
21972
31569
10765
7473
28394
15549
31999
9980
28904
25323
26431
11806
29981
18365
10678
17453
2519
14103
15438
11960
5756
4763
29353
18730
17878
25271
22804
15857
27311
30946
23990
23264
4766
1826
6669
1234
15136
20690
20636
3729
23786
22690
29405
30454
16766
12255
17277
21073
22269
19189
26824
25354
30268
32562
867
9609
20249
3532
7481
21332
28432
24614
1207
8567
5641
22863
26684
15913
19828
24779
17867
20908
30104
2711
772
1653
15656
103
16722
23693
14104
4146
16997
19511
686
1008
28899
31699
14812
9891
24922
3330
6605
6804
24442
17675
6590
25823
23425
5246
25615
21041
19446
16919
26010
6353
22426
15588
26435
23517
23452
22954
26064
29655
8716
32646
7164
8288
23698
2000
29382
1858
14176
21828
19471
9396
6245
26212
23396
4314
24259
26392
281
16012
13956
1432
23447
5976
21640
3723
758
6346
11970
5233
8911
22250
1189
9790
26187
2055
19416
22855
27264
32179
21809
10850
11006
12047
15841
31305
7332
14409
236
10560
27321
29538
15581
5624
2616
3637
439
946
5994
16821
15150
11175
12730
3702
2839
32168
18886
8815
10270
21506
5554
19454
5303
7844
8129
7724
16983
18820
8998
10803
29923
25150
11031
29245
31337
16638
10276
31087
2830
14497
28615
5414
25927
4631
23100
25472
31308
22284
29330
2847
16074
12231
27907
10281
29656
22610
22401
2707
31789
28891
14481
10656
4496
11610
4188
28836
28303
10356
28675
18702
16500
23967
6964
1445
30069
3720
26619
4882
15147
6066
20698
4511
16710
30815
27931
15422
5246
4531
17253
16589
9677
24855
10894
28056
20955
14812
11440
22560
31930
16928
8319
24859
5587
14070
27865
14779
6176
15297
10911
20019
23196
14561
6340
14712
17656
3474
5795
9796
15504
6416
6294
16737
23965
24320
19140
8484
21676
19211
22074
17976
27727
22476
31806
6556
8978
7404
31711
3055
23984
2187
30161
14828
2439
18402
17016
14897
17226
8999
28227
30788
22006
20657
20539
16599
9735
861
28380
25419
23787
14384
10019
3188
26807
1854
18920
16028
9241
31690
9070
2762
14989
14254
8505
28484
7380
26110
2591
32594
6563
16616
31906
14405
28312
11998
10109
10168
25969
15096
28797
18198
20864
27795
32146
12380
346
16959
21542
4128
30928
21464
685
30931
1824
24562
2174
31555
3436
18554
28641
10339
2410
17051
20073
24655
14430
15839
8068
4747
26181
18071
11600
21387
15699
26492
31664
27513
10656
20118
27040
16946
9503
14685
31941
19602
32719
27679
2888
24305
30773
14497
14309
2285
14345
22537
29759
24170
2352
7163
32119
20952
22250
15107
1788
949
20301
15411
1957
11090
14578
17933
23805
31961
20718
21667
14558
12431
17667
6908
3393
3927
7704
5050
27220
10360
12007
1274
717
5279
23286
31612
19070
27176
18888
260
25386
18073
23124
4607
19352
4463
27318
5738
1253
23582
18469
25072
8734
851
23333
32594
30223
30076
25597
19212
21333
17034
23404
8502
4795
22773
19352
8872
21443
5121
13639
21857
11138
32577
21841
9258
13745
29529
24150
374
15362
28679
31404
12685
26544
22373
10907
32745
12634
28264
21197
25568
785
18093
3840
22660
16560
30069
7422
27592
10859
15342
29647
18660
19883
1204
23341
16890
30746
23191
5944
7417
24825
15519
31851
10178
31930
29517
32719
22409
11979
19236
5998
30590
19888
22632
32523
10925
11604
10278
13584
17699
9121
628
17352
16467
15182
8698
10958
20152
2296
1201
31942
21179
22133
14827
1354
15574
6245
20884
2855
5370
25097
20663
714
13102
19289
20291
17653
27514
32080
8976
7607
12547
22667
15389
18330
29815
27154
5660
10014
16811
8822
25392
23142
24707
796
21493
28978
32019
13784
8385
24845
6915
17085
14377
2504
22584
22580
14023
24102
17072
22860
3131
1241
17838
9809
29040
1453
29208
21408
5153
22276
9757
17081
7067
24450
22554
20886
27332
16393
2239
5180
17244
31208
8302
19599
11907
17743
15331
5226
20091
11271
11290
28143
32176
15455
11629
11804
24309
26730
6654
30111
17169
25959
6996
11244
1914
8065
8009
12428
21088
5561
5155
14008
20461
12832
12289
32550
21708
29257
18297
25635
2536
29694
30591
27618
1398
14898
9864
21780
30005
15927
8432
20920
15860
8497
21657
25653
13398
4555
28630
4774
21202
14888
26503
25717
4349
18973
10373
24107
16396
29085
30784
28550
4244
24436
18598
1997
9621
6200
839
17504
22711
14717
4023
28051
5075
32073
6452
13756
25525
4552
22409
28299
10273
6464
24370
10394
1299
26182
15553
28997
31051
18483
24449
8892
15881
31698
5976
31318
21526
5211
10738
26921
25091
28837
17179
21207
18357
4247
17517
11946
2850
24288
14380
16100
597
17127
27502
21072
24248
3845
29567
17437
32146
7923
8835
11756
8655
14974
12125
40
31488
4226
5328
29846
7586
24085
27620
3885
20643
5635
17804
8487
21538
7291
18309
600
1399
27399
4225
29887
1139
12481
10117
26203
15848
17093
31376
1343
32620
28898
12413
23017
30811
4757
21034
23504
19483
24631
3802
13372
6564
27765
8152
9050
7231
20993
3934
15248
18829
27015
26292
26382
4300
7139
1948
27558
8022
9361
13550
24797
20074
22628
3712
19522
7727
17531
1096
22526
25078
14706
1221
22445
448
5845
27290
3948
29952
27354
28029
28979
23202
14927
6735
17510
21067
1233
5772
27558
31459
22847
13030
15597
14929
3694
4397
8154
12933
29726
24946
26185
1980
4141
31340
4903
23551
15371
20763
901
9197
13934
5034
11754
14523
32071
27546
27630
19321
1012
11037
516
7575
6583
27072
22936
8871
5223
21581
8538
28516
4965
13296
18393
6644
28370
28824
1107
28522
9983
4768
25035
8847
26661
1967
93
22498
30295
11997
207
13021
5556
28695
20072
18554
17121
25284
15109
6902
20407
18344
8553
725
14392
23049
469
10534
17352
15377
19672
30472
18074
628
20585
7789
5992
9043
31539
8222
3431
19551
27184
29440
6778
25665
29817
12437
21925
15162
10589
27333
2501
12038
29872
3807
7295
17927
23909
31195
24951
1439
4704
8674
11714
2014
14725
30992
16285
5213
13589
28024
20063
16489
21306
10856
22188
23140
7136
32495
30444
9321
12487
3485
28667
8751
29654
10634
7714
32304
26547
1177
32327
18954
32400
4862
4960
7717
19272
18430
16430
23702
18602
4086
26919
6979
11028
11167
29364
31048
28741
20624
28572
25498
8556
13061
5056
3306
31620
23774
16138
7373
29156
30187
13472
23065
16146
24934
21085
21650
30681
21697
23681
20934
21659
19363
12711
309
9448
32045
31480
15285
8526
13953
11423
21013
3955
16005
27260
12033
27746
9956
9501
20517
4387
11862
746
23190
1422
6178
27039
20077
30048
7393
15360
7605
31631
22660
8136
10887
14299
22936
24546
28787
25254
13769
16091
23842
21253
18341
19864
7226
11031
31139
6724
23170
7830
16996
19341
17479
1963
13880
31760
17150
15879
20964
27153
15914
25647
25251
20336
25472
7959
12138
30168
14921
27635
18288
23354
1545
2122
6638
31354
15454
8268
15139
3176
4650
14181
31388
21745
25588
32530
11954
20631
32140
4084
22868
22046
1262
14627
2567
136
3177
22980
8490
30020
4097
30942
22655
23203
25105
3945
13543
4747
19253
14504
17773
3439
24934
15545
21382
18814
23143
10603
26775
21019
23905
27983
19640
21390
6090
10514
25272
5881
6538
11017
1377
31373
15457
18702
18941
14845
6787
3211
19481
6963
22662
25812
26248
21315
18046
21434
32171
14237
7271
18525
16112
3974
21955
7233
31129
6601
28803
26276
29887
6825
4907
6671
26262
1563
24114
8236
28914
6706
27815
26583
18186
32219
18459
6519
24700
14282
21434
25999
23954
4532
29371
8592
196
15295
28155
9970
24958
17463
23780
10370
15395
14210
5524
29182
849
31830
26683
17887
5735
16425
10693
19830
16708
2025
20922
20282
26962
14574
12130
8033
3012
11821
31276
32429
28955
11694
16720
23433
14831
21056
32436
10580
10476
15723
20749
16893
19995
9638
8518
1488
30562
5322
14117
11663
2639
27335
300
709
11025
30869
5053
29271
21703
18286
9090
11612
18174
24635
32524
19502
27764
10060
19386
10177
7970
8267
2525
23860
28026
11891
9241
12198
17646
9469
3599
15435
9649
15323
13880
13503
17345
15529
20244
5018
14629
31713
13189
32580
11635
29262
27253
20235
5782
2755
3519
26226
30414
30732
6221
23244
15352
10021
24446
5898
9232
8618
15306
29138
19188
29839
9384
27089
17771
28433
17327
31825
28005
19948
17148
18958
17285
9935
23253
32325
2524
10253
25227
11279
31736
149
26789
5613
18461
1060
5690
5028
11730
24505
24991
2635
26015
29258
21571
10914
13846
7605
26582
27045
23056
9209
16049
26465
7225
25766
15218
14343
19407
3730
15334
17215
28326
6606
31533
11710
21616
7640
24344
283
28475
22546
13526
1502
5435
30323
8400
987
4042
31357
17873
23742
7085
18543
26474
13542
16025
14011
2965
7799
5621
12730
24472
31402
738
18335
25644
1384
22393
12458
9439
16152
26963
10142
32439
10421
11599
9844
14872
1571
16527
23377
31719
6851
708
27062
20976
5189
9644
19446
24197
6077
21977
26862
26472
9465
24755
12784
19436
17426
31680
23808
9814
12610
4387
3907
7305
31477
13667
2996
9187
17955
10862
14873
15458
11484
5086
6710
26379
27429
16506
30528
23436
19970
11520
28564
16672
6356
9250
9385
28339
21733
8142
10051
30279
16194
20402
29674
32662
18633
26880
5019
13816
23682
9070
13501
19848
24627
1922
20566
25474
9006
29196
12159
15856
12142
28916
25878
11910
12514
23861
4018
7370
26377
22058
30684
31608
21695
521
24188
11556
8791
14253
3985
7201
26089
30104
3365
2466
17901
19000
26241
22559
10761
4457
3997
21754
28200
11068
19674
17763
19404
4086
1779
14969
28069
25948
6961
28849
24930
31022
31711
15996
23495
17650
13566
22052
768
24306
10554
24311
13109
31880
6940
10664
29022
27033
22144
1010
89
6496
3658
28542
19513
13421
16981
16391
8162
18413
16812
25788
22739
31275
7421
24806
3394
26711
7498
14282
22638
4487
4834
20433
16689
29435
4240
4326
28372
14757
26386
16928
8232
11496
29900
27297
6354
13985
7614
14782
30951
11364
32692
14944
12985
15880
14012
21929
4848
11621
17885
26843
3804
13148
30726
29302
19721
13848
19781
6817
7188
13460
18489
6859
19390
2909
12234
18578
7231
30362
6423
18404
14301
30025
19888
10340
27324
29131
25094
29199
3320
21411
4128
25887
21233
24187
10895
28975
30694
615
15267
10145
30406
366
9439
11581
17730
3655
21163
28442
17703
18528
22601
7874
24555
14629
2058
14737
133
13950
23490
8030
24450
20121
16761
31838
21846
8427
8291
2628
9968
18545
10771
27821
145
15164
19435
11452
4829
17196
21719
6145
1587
29692
9019
1696
14394
17022
28457
19631
30652
8488
1240
23263
12984
17872
849
21087
19122
31924
29548
4093
846
11453
19195
29327
16157
28933
12357
24721
32439
27542
4534
20751
22026
13685
26068
23494
19441
4063
10101
5254
22537
15058
25135
13786
29376
5327
25361
24299
27566
26591
24976
26786
31273
2004
13508
5645
15379
9681
26837
9220
5879
32012
18608
31756
12116
15571
12286
3707
27193
21453
14678
6109
11538
131
7345
21911
20418
19230
21023
28106
29938
19570
19641
3706
15528
26172
25047
2032
1307
20648
12419
26204
11718
8471
7469
20159
4283
11806
13728
8968
9786
29906
4404
12669
1666
25411
325
29533
15847
11334
9701
7876
10021
2168
15054
4046
16372
2175
12442
19711
11228
23699
26167
10979
22859
13630
5781
21233
31973
8543
20129
12725
22299
3445
32631
4143
30719
18458
211
23670
30038
12238
6089
26016
18159
28150
21943
3814
15668
25380
25463
15876
17919
10393
3289
2271
29615
19209
8272
26218
31354
8862
30443
26314
6149
27711
14471
14009
6449
2065
12356
29224
29240
318
17717
2600
7418
17142
27484
16906
12689
7860
8405
1989
27947
1987
19281
11161
6937
10240
2502
15090
5155
12769
20069
655
18463
5046
21709
31715
1474
28719
18558
10684
29877
31
12176
10274
30187
16767
28069
29570
24115
6070
29468
11020
16137
16664
27783
21081
12722
17836
1631
22097
22664
17202
6391
22860
2706
14948
20655
2679
23895
16765
9834
3194
244
16376
15426
12119
8813
6042
29306
405
18497
24242
18611
31903
23873
4000
24419
20583
23969
20884
11652
4686
23120
16024
16009
21320
18053
19153
3222
24891
17307
12545
19184
14249
24350
2129
13491
25487
30502
26446
13251
24205
14563
14385
29700
9542
28026
8803
14030
3338
2319
11584
31387
7347
12323
28
19203
27852
10017
25475
19691
21241
24627
26565
23289
23698
7002
21682
17995
23698
19646
18083
3944
4272
15683
7354
11126
8651
6492
7274
10670
907
25124
28217
19726
30534
29867
22468
28237
13856
7053
22276
14868
1655
24266
721
8043
16510
1489
21668
626
1575
32734
16289
1873
12871
9862
14549
2417
17141
3729
5308
4845
17202
23303
24070
26691
30672
18061
2458
31824
21388
22258
11228
24699
30334
28422
4907
1328
15539
12971
27566
24208
8216
28974
20561
16742
29081
2519
27914
3165
11659
32446
5729
29041
28487
10721
31279
29604
18456
18548
19878
27890
32088
20600
7313
12422
29141
17551
7645
7470
15994
31247
12633
13325
15915
1365
27322
1936
4336
16476
19938
5795
23126
8078
8290
26660
16146
18649
29757
31383
26088
8454
20463
23580
32715
17222
6061
32415
6982
5902
7151
7247
18202
30757
28972
16465
18473
9468
29924
18357
26258
26429
9188
28329
5662
10918
9670
15852
32219
30232
12727
27782
8966
31467
12413
2487
15150
11909
16312
813
27031
8747
31335
23417
27613
3350
10927
9412
31193
15562
18648
5054
23752
24483
27545
16088
426
23985
3477
23987
2793
13254
19493
7384
9531
1228
856
22953
9161
21852
27448
23192
10129
9613
6735
22422
22025
23818
4458
26318
25349
15720
13469
8596
29146
20150
21895
5528
4548
31317
13015
22112
22917
18442
4367
17141
26191
29009
20617
21468
16868
16116
9399
1351
29692
25821
20654
12685
17127
20520
3302
28632
26483
7037
31291
19229
14352
7581
17976
25938
3890
17978
25749
23259
28919
15628
510
31301
13322
30497
5143
9270
12743
13941
10940
26532
16800
10178
26253
11846
959
4761
14506
3400
16108
20402
20411
3651
21938
31105
22068
1132
5821
2825
26071
16908
27783
24821
21626
16944
12340
20709
15882
6817
9146
19206
28624
18966
22340
14821
6387
13993
32217
5253
25662
28808
30008
22191
24356
3309
1287
21385
20993
11600
6445
5738
28067
1755
31613
17901
29193
32286
20628
15684
12906
11012
23556
20431
6778
22789
20402
27373
6376
22430
10876
2579
4907
12030
27167
12571
18046
3331
5208
24798
14889
32356
23370
14852
9987
18480
24864
16923
30773
30071
24307
32487
18752
27974
13038
23545
1346
9433
6576
3715
2933
16909
5873
27499
31992
16916
20841
25502
6098
30828
26093
6823
17204
31250
30172
19328
12542
18675
29881
28584
14469
21411
31001
23669
20115
7505
5312
19116
16048
8699
30727
31823
2464
19166
25729
29878
3373
1841
13021
30433
22823
23826
28686
15885
21928
1729
21930
9349
7836
28684
8592
11451
14465
10250
4302
8343
620
6924
450
15119
2381
10449
383
4088
8307
27385
18545
9756
25427
16316
27205
30604
1157
27868
15619
19512
3599
28376
15229
8892
30438
18531
26349
7037
12722
26132
27610
6645
6354
27231
3643
4171
23456
30148
8415
10535
20726
16198
3084
17348
21233
4383
10087
30279
2036
32178
27411
2639
15600
24769
15389
10189
13539
224
22552
8726
4511
25898
9220
6966
14797
13106
25205
29063
24625
10557
5361
11139
4144
2222
3225
21975
25487
1217
28171
1976
17789
2428
11400
378
26324
28387
16466
6495
18332
27756
7256
27309
31185
24754
10005
31491
357
16749
15030
18924
30089
18338
28795
32437
18217
11287
15199
10364
20661
2058
5627
17546
4903
11810
18344
32483
17474
4006
1252
24858
4631
493
28407
25450
16334
30742
14038
5123
32675
1273
26439
18594
11823
14684
6726
3684
21225
12907
7591
19420
2540
27746
19198
18787
15099
11661
5820
5039
16834
7538
6810
27816
27486
23629
7995
15990
27936
11964
26892
17631
14478
4540
19568
24784
20651
19156
19738
19001
1145
18576
19641
5150
12987
26417
3291
14060
31487
28067
2059
5385
32732
22191
26173
11694
7801
14962
4205
29177
16206
27662
10114
28734
9263
8095
25208
18847
22406
11377
6078
9692
8416
16240
30173
6508
8875
4575
12123
12748
1341
30797
7647
7191
21273
24005
8341
6615
27246
32582
14804
14362
10209
31602
12287
31945
11916
2698
13737
32310
28999
29338
23804
6388
24870
3057
23131
14315
25923
27092
23110
25259
32701
31604
28286
1537
17408
14621
22122
10952
583
12719
9914
3842
19552
3154
5194
21800
14255
21094
26185
15806
118
5561
21402
7977
29268
18173
20346
4037
14859
20601
2404
30259
1158
18686
9265
29680
3866
21277
26756
24108
3340
31895
30309
14553
1619
12821
14892
26626
5024
6937
10401
2910
7068
29237
1633
14373
30064
11643
16004
1314
5259
2868
3196
7434
8607
22229
32064
19212
9453
31278
2987
13737
9667
12005
23582
15302
25411
25635
23405
10239
2661
11405
17657
11839
3392
18550
21529
26509
32645
8274
9407
16425
7244
17262
1880
3032
22803
16095
19443
13436
10755
24761
18598
14055
23414
15233
7981
25073
9399
32228
1493
3016
22536
29352
6041
12680
21482
15588
28554
13580
6552
9324
4980
11523
11477
1680
29118
31558
8423
16134
30354
7529
30436
7460
31806
27535
12588
14674
6874
14723
16439
16064
6955
3589
11409
32084
4296
25698
8738
22503
24443
11336
16563
25264
12266
31703
21934
17920
6007
10235
25381
14640
30564
14074
6166
10712
22331
24905
7662
25410
15981
5284
24395
18975
20793
11613
11270
120
13519
23029
24177
1511
32438
23785
26077
10246
13163
8398
23136
22312
6219
21152
32213
13127
23730
30296
20003
25918
24165
10684
3267
6200
3373
2427
24444
10089
12741
27769
28273
21500
7158
26984
9054
5964
31745
23192
28191
25942
27453
21520
12914
29551
26625
16349
17149
22322
18628
5290
3475
4541
27267
23185
23731
23325
7780
29233
21073
16902
6808
20993
32729
29639
29317
11747
16242
16510
23077
15613
12928
12168
14505
4548
2412
14396
20067
14425
30887
29401
29154
3865
32492
21948
10335
3440
24774
21207
7512
27885
32083
26974
15738
26780
24647
32707
30916
1680
13619
6629
28650
8127
8
16261
4343
6675
16087
9977
26423
2237
22746
30756
8788
9933
32440
15269
6335
24575
24581
19023
18769
23512
23048
20697
8243
16114
962
15319
763
5781
15147
8169
26647
8838
6079
29235
32111
28964
26169
9485
8774
432
4511
31995
14433
24813
7550
12767
4204
29673
5495
12397
30105
25882
5626
4064
7306
26540
21074
4075
31089
17690
15330
13043
16758
26876
11950
18555
7001
24352
18205
31712
17240
30683
17661
15174
9811
1697
8135
2770
14382
28372
12324
6170
2423
29402
4785
8665
24648
31090
10239
2024
22639
15688
21983
5993
20173
6855
28124
26437
7164
28718
23816
22746
25141
17382
2300
4333
29296
9491
32282
31974
3276
31337
21269
14396
50
13120
26036
26158
27957
3819
21714
21428
12349
28230
23466
30133
14053
25487
29265
6010
17569
29815
22404
19811
27300
17016
26532
32728
14081
3432
25855
8835
24336
17487
5457
27580
26899
6262
22667
8261
6425
18112
7378
18232
9507
2877
21451
23101
29830
29437
19734
17920
28304
34
6680
20195
7278
21561
24318
11760
8781
21707
13566
31249
21440
32302
480
12675
26466
22689
26814
30600
3516
17305
14344
23132
28521
2901
30922
13675
22135
31928
818
961
1809
27480
15437
14018
2907
24019
24849
25883
30366
21602
672
26104
25509
23984
6091
11384
12903
28140
18389
30557
18662
11292
21114
10505
23382
10677
14640
23462
32642
14441
3501
1444
3948
21057
2473
17000
7987
18411
21477
4930
2618
10581
5740
11424
23431
7291
18969
9090
5481
5757
23385
3886
7262
10996
3122
29477
18739
25990
14213
1365
26221
25016
22928
9360
7400
5380
438
4925
5054
32556
4483
19022
18282
13517
27883
30834
23598
30775
32722
395
28594
21628
15570
4706
11757
28359
31032
7321
11592
495
19023
20194
22017
14412
18402
23919
22734
22474
22524
11946
30916
29755
26610
16421
11382
7154
13987
22484
23137
12941
5119
21882
13448
28178
14790
14433
30555
10814
8594
11598
4061
1561
31768
14516
27910
32718
11691
20776
102
698
29698
32277
12812
7107
6458
20145
19366
18411
22558
15663
7914
4388
21927
21047
27444
28007
21439
7315
18032
5120
330
20779
3386
15660
2919
10035
7748
32741
21491
17571
25848
16893
29008
20199
30559
28266
23396
29656
19266
26081
27108
32492
18063
23974
2002
20137
12029
8354
16452
15968
15603
26294
2152
22551
21927
13903
27333
25287
12419
1082
30659
8392
27596
1466
8046
21129
21637
26840
22647
20868
26001
26363
14459
22385
16921
26040
24968
17850
12077
6635
26846
304
20654
24839
6898
13820
11627
17578
16569
6104
16010
23669
18978
29311
3626
538
485
7777
10566
2998
11899
11676
26844
98
17517
25896
22095
31492
3538
22097
12043
12140
27411
11371
19303
17820
4338
705
27855
32614
26571
22222
14114
23613
28697
27312
22873
12101
20539
11225
10602
23468
28537
29192
14187
11069
16962
10871
7163
29490
11191
17238
1502
31562
6254
27513
19175
23324
13935
31310
27
16811
28291
5137
23827
23354
687
24131
28322
18786
30203
22616
23736
24929
8567
11440
18310
9397
6784
3528
32739
10218
20032
29618
7919
23472
30324
19906
16630
27696
19314
31883
26519
10912
5994
10249
18213
13589
3820
17952
845
20633
4778
25925
7929
10622
16000
3964
9077
28146
27057
22914
17104
30419
31860
29259
31110
29380
16047
18095
29531
18304
1026
3424
14218
7534
22791
20255
24607
18806
5592
16175
24738
2324
31186
30730
8181
17578
13465
28756
27007
19483
92
15373
31115
16789
12635
28170
10474
9902
24230
11686
31712
16307
2087
21685
6206
16700
24034
10681
26315
31748
3196
2649
25576
31480
13050
6670
25460
18318
26060
18720
19438
18520
25354
18385
3289
28121
23549
14807
21605
8599
30689
15888
18507
11121
29673
7794
17913
307
1156
15425
28143
13416
23519
3204
32361
29296
31147
14521
16702
19154
10272
14280
4360
12243
19010
29494
14725
25927
24419
19611
14141
20903
24553
5974
6757
25956
22353
23167
4356
3195
24436
28445
23636
24138
24841
20121
13675
32673
15724
9587
25882
27421
17822
32308
4886
5041
8844
6308
4181
5510
4756
16700
8379
26885
8261
15582
2038
19506
13926
7364
23975
22075
13626
3767
27842
26960
27907
32129
8759
30390
8645
5540
20178
18711
31820
588
16479
18717
3184
30339
30227
28735
16536
22180
29735
24026
30333
5650
31430
17027
2353
7465
9257
5532
95
19317
11777
18725
17620
27170
29205
28629
32318
8884
21036
2409
32308
19961
6957
26941
23671
12091
9093
27417
10360
28601
10441
27213
21530
28249
12444
12032
15288
14231
28884
17861
28522
14785
728
30063
8580
2406
26188
18215
24160
18956
5873
21691
29022
3873
14790
20793
6952
18740
9588
32701
32059
4965
18920
3207
24227
29978
15170
31824
11781
27636
25582
9694
25827
20994
8720
27095
12316
29748
21542
7379
434
27922
6377
22452
28624
6061
18035
8762
1292
11990
23719
11218
26089
27791
30414
1711
28576
15807
126
6428
13344
24106
12736
14609
30547
28831
5745
9732
4515
26483
9449
21761
23485
20783
10203
17149
1940
23942
32636
16744
2729
11914
32232
28929
32139
18975
25281
24302
5273
16303
14873
30732
5647
22047
8850
18052
28993
22018
16067
11679
23329
17421
21982
6107
5127
8139
26512
19262
15026
31378
14121
22506
20618
31414
4605
21746
21287
7932
21770
24428
3863
22098
30171
4039
4060
16317
4780
22879
20789
9874
19918
2127
5535
3817
30797
20870
1562
26191
20433
10526
32560
11451
21442
21225
12084
10692
30127
24908
27080
528
10481
5712
21665
16656
5515
23286
20879
10986
29269
16587
18871
27319
19034
16829
15907
28911
12670
12845
16766
5665
11364
6469
16152
21992
20366
25484
13105
13850
22982
9143
14451
11842
19901
21955
3776
9041
20211
22592
32558
19344
17878
4080
16720
3801
3886
27024
17848
14087
15032
11766
2489
1195
7441
23644
22642
31745
14550
32508
7431
32290
17162
11741
10802
634
18104
13292
6907
1149
11225
2638
12483
31126
9591
7669
21127
25440
19219
4977
4451
21017
24901
32009
22101
27476
5538
14091
7492
18669
12770
24160
24897
17474
2627
5475
7692
416
11048
2804
2778
20476
2566
30663
29269
12516
15744
1538
19429
7349
209
22280
31278
22285
1643
7055
21210
26499
24029
29177
21400
2710
28922
32481
10340
12004
23608
29684
26378
21149
9814
30978
9189
21814
6978
11092
17389
4450
20025
10049
12273
21310
1840
20476
19744
32459
8051
18864
24270
31394
4492
22991
13685
13027
16486
8615
20218
18543
14770
26422
19506
16471
30602
24639
24485
18324
25940
13213
6546
24312
11242
9432
13619
868
2296
7670
19265
9788
13733
2963
3515
2584
8309
16180
28900
22460
32365
19417
25995
32587
30585
4305
2190
14775
29196
26322
27553
15996
16902
9033
23372
398
16090
26095
17971
3471
1264
25757
10650
20038
26184
10593
10024
24397
20065
30417
10219
13065
7513
18079
12445
9695
15957
5742
19238
20901
32035
30436
10593
13655
24350
4353
25891
1292
850
5551
378
13864
19937
19354
4402
7122
25254
12097
9886
10153
13079
22862
28821
8882
9072
7970
10426
29333
2830
8629
14080
16138
5144
16029
11886
2958
15973
5996
1824
6490
2458
9023
14735
9621
2707
32404
7954
22473
28677
27996
15268
29844
14945
17234
21735
10400
11003
9866
31337
32724
11883
24653
25382
23756
17971
12324
17487
1159
13731
21811
1354
4704
30202
16840
29946
26688
13774
11572
25664
28433
26542
30682
18882
15222
9221
5509
21227
27321
25153
29183
1587
19461
19765
991
23200
10709
14012
418
26764
18348
28320
27901
6058
26631
186
26738
28228
28303
7770
2850
26054
29332
14057
9954
26752
21943
972
13456
23720
13030
2956
23208
24734
14734
24628
16914
7284
18699
7419
11582
19630
24676
26403
1395
27206
13877
30241
21092
5108
3308
26366
20485
7340
5944
24317
5788
25447
191
16766
2331
22566
28432
32034
32173
21044
3800
13360
21647
7084
344
17464
28961
22076
15894
28918
18749
7464
15571
13944
32455
2194
31678
1667
14213
30200
13799
30004
10033
14846
24054
6371
32717
8046
12573
8524
15415
22397
30283
27121
30973
16208
15779
3002
20338
7870
13356
12767
26370
17496
24522
13831
12482
8870
22381
18354
331
21172
19336
8916
31945
8141
29381
6594
2383
135
12023
30290
15214
8448
32335
30270
28933
25190
3284
26314
3674
29629
31245
9127
4458
26588
9984
32022
28542
27833
8289
18769
28927
2023
30979
9510
32651
31837
10386
10213
6728
15737
17028
3708
25721
4933
6477
8673
591
21496
8658
23728
14337
22208
11041
5142
32543
958
15967
10221
1571
9554
15105
32296
20041
24218
832
19826
23456
27445
19654
31506
11105
3149
27054
4114
25728
18132
7595
2464
30338
22285
21383
2228
6798
32079
18128
9459
27334
2054
30158
26324
984
16122
28599
11521
25807
5076
21286
256
304
15326
4298
7954
14658
5898
18011
13659
11437
2102
17875
7748
6982
8878
7386
6686
18474
20722
12418
19464
4874
22714
16692
32274
15301
24632
27371
28834
1084
22685
30111
14615
9314
29150
2565
29613
17554
31672
7797
19616
29222
22514
12331
9365
16965
25058
7347
21557
5884
28466
12191
21275
14992
19940
14459
17904
17683
25492
15619
14292
54
20989
7059
768
15710
17599
12766
11434
20986
19552
23523
14377
11795
27280
24349
13658
16676
13233
5626
3650
8493
10646
28559
22517
10243
13195
6026
10934
31466
22422
23144
17759
12389
6397
6632
4
2125
8200
26047
20947
27169
3848
3213
28222
7581
10392
14608
15709
29070
11043
28567
13197
17636
1447
32698
19550
9737
18872
15945
11436
31857
32455
7042
12299
28787
15012
27015
25961
1367
9026
26383
16110
6576
15803
25179
31015
16876
11923
2156
32100
12585
20289
13427
17246
9290
15595
21385
30237
842
17522
12448
24601
11473
20398
15545
25248
8197
14331
10072
31863
30883
8692
23349
9156
29006
18046
13109
30507
24615
19721
31640
2616
24989
6930
4980
20733
9607
15596
16994
28412
4720
19393
5751
27975
13105
29908
24182
7141
8902
1544
5187
8824
27226
9126
19355
1053
1444
2907
30979
6804
374
2176
9470
19617
26771
32158
24451
945
29378
10034
1966
9409
10784
31661
15286
4220
31418
19647
1311
28323
24667
3541
5425
18610
9891
25569
9640
14273
28505
25177
20909
10664
29442
6530
31493
358
12211
23022
3977
5828
31267
20803
17110
22837
9476
25663
4165
6657
12948
27129
6430
16802
17519
11370
13064
29806
15783
21035
15044
27255
19222
5504
32539
32432
17907
27798
22549
14673
9380
1801
15980
22908
28115
17577
30528
8736
25028
2430
10252
28190
19942
4874
26329
20394
16040
13005
6834
16116
909
4623
16471
7176
14723
25305
26422
2035
20337
8773
31382
22824
14607
20471
11030
12066
17402
16108
3158
26954
17160
25459
15092
1306
984
17016
7866
10115
17070
26120
7445
21900
4222
31506
20425
8253
24391
31851
5092
18363
10403
3861
1264
6580
25243
29633
14445
3837
14015
12690
19839
27770
12151
24100
9443
27455
20372
9933
21799
11252
18474
32547
12059
31102
16546
6334
26243
7900
25867
2111
13070
21582
11953
15248
32140
1981
6897
9582
27995
1111
17483
16933
27170
15738
4537
22939
26050
16595
28735
8848
650
5063
19140
11044
27051
17
13344
10906
26091
5037
30582
8283
5789
22517
708
25662
20176
1035
24504
3078
29895
11894
11974
18989
30121
16912
22647
10720
8570
14879
26884
19530
842
27074
18979
2837
2476
21135
20257
9262
4970
20090
18225
21193
13431
4344
2564
31142
18213
17253
12953
17042
7576
16547
31831
22320
26491
13317
30297
5881
8177
8043
265
28290
6095
3246
18928
13309
28680
28222
14796
11523
6249
29449
2275
8593
9862
20895
28056
8272
6388
20116
6460
22553
23224
550
30502
10936
6912
8480
25094
23792
19729
19711
17270
1984
25729
12114
20946
12005
8614
25703
24650
8352
590
31011
30005
697
10928
50
6824
12484
23203
609
7496
20387
17166
20039
11612
14924
20384
27435
5671
11213
14529
13090
32628
19085
29128
22648
28018
30932
18286
23121
29378
3725
17026
11408
18639
24651
8927
5880
16990
14219
1692
3985
19558
8249
4482
5198
28961
12149
10435
18412
4451
10134
5864
22045
18475
7535
11276
25318
11383
722
11848
2374
25949
14931
11886
11544
17496
6222
5370
9274
23008
29996
31557
31471
14397
13537
9468
22402
22684
26553
11729
16685
22115
26709
16240
20024
29890
6896
25525
32101
8842
12776
18204
16012
28739
7033
32633
28291
11385
31947
10985
19008
6742
24111
31496
7490
30326
27813
100
12077
15862
29859
18994
13492
27598
31249
11840
18363
8289
4504
19755
10941
26451
24348
9938
23404
3995
23943
21258
14488
18905
21449
12948
16210
233
6941
11340
9041
8376
6797
19106
18069
16214
7096
19790
21577
23629
23763
832
750
10802
1006
214
16822
5753
22392
1618
21806
909
24582
10891
10016
26913
22352
7651
19896
20160
2172
6520
3557
21676
1440
20127
23810
16101
22146
27278
9654
13960
1186
600
21529
13658
10362
31519
27928
20389
23556
17028
13594
20547
13949
27491
10724
23288
13673
702
21433
2309
14039
12534
12742
13305
26854
31553
17854
25291
21128
14680
706
3366
22918
4976
9091
10500
27076
7276
11178
13950
8647
23633
6264
15842
10356
24314
1193
29703
4122
6925
17311
30941
27315
17709
14268
25672
29543
25457
26640
5423
29010
13589
6452
30416
14215
17008
28021
12374
26197
10534
20533
29357
20937
30879
12431
22677
12659
12984
20282
3317
32109
17592
9136
11122
7322
3205
7311
3905
18476
15896
16191
1081
18537
15662
27349
3629
28334
16192
16951
14968
28852
18870
385
12249
2322
24664
17064
28802
259
30725
30046
619
1898
423
3637
29164
30995
8550
12550
25227
32316
26140
23188
8723
8532
5385
19821
29158
17154
24009
17937
31379
3945
2690
14934
7595
22699
98
10251
6609
31403
9289
14044
13585
11288
30658
12661
24947
24743
568
6635
4047
8351
23143
23895
9442
31131
25616
27332
17570
27787
5617
12619
26575
31997
23540
18812
28619
17819
27047
19968
11435
13812
4332
10109
2446
23935
28914
20410
21293
26588
4451
20484
19636
11870
15839
32464
1745
711
13738
16545
11530
5970
929
20524
15699
10231
4723
20922
24032
18666
20749
13775
17720
32357
31574
12041
26763
423
23325
16202
25669
22333
5455
8218
21219
6784
22382
2630
1541
8799
31038
8397
21957
25438
26306
765
31304
13023
26214
18906
9106
20384
3966
29887
17311
21382
1263
2376
16047
29337
18476
27246
30177
11087
14437
10996
24579
19469
4603
24323
9385
29163
566
12561
28028
25784
9018
15879
25045
29758
29751
31906
139
15046
8673
13337
19465
26847
13088
17921
31907
32348
28168
20334
11562
5276
2315
25948
13757
7694
31853
28749
10467
16115
2041
27443
9943
9062
16627
2447
31523
30362
15437
2267
14448
24420
10525
12582
18077
9721
28495
18686
5902
26360
9879
146
29511
30635
31146
6168
6585
24458
18862
17773
7387
2816
9711
7419
14461
7026
27603
480
4442
30846
8976
24909
4844
1664
27164
15659
24452
9819
1766
18949
1689
25206
28611
9250
30048
27908
24747
24561
21918
21385
20645
31147
20155
2969
23424
26675
23831
15587
29636
22337
13217
27759
28904
19647
23461
27940
19909
15731
1765
14733
11083
21727
18412
6877
27507
29797
9375
16688
30836
11695
14101
12563
3130
15438
20648
10823
3092
17057
21324
27586
19629
19961
13600
30967
21053
26106
25155
17495
24832
11077
28905
25368
29160
18772
23470
11829
24463
16292
13866
29878
24431
17946
4037
9009
6997
20640
30924
1169
32531
30223
24005
22
3701
15953
11520
30877
22391
7111
31343
12578
21685
5096
5559
23171
21539
23339
18055
11910
13822
26663
9001
15390
6147
16889
13655
18666
16606
3559
24911
27647
24549
8259
17194
17895
29958
5265
30313
31209
29950
12524
31697
19595
32204
6309
12665
2902
12134
4654
4385
8665
31914
25654
10437
32753
2199
3606
370
13639
25533
24428
26713
26137
15858
13061
20002
32062
24647
20737
12418
16228
827
15409
16912
9117
21806
28356
17492
5402
17688
18979
18465
565
25978
15897
18469
23733
31637
27447
20927
28494
3803
17527
12304
11368
3235
29727
19797
23074
21536
2024
15988
16277
16020
10336
11476
14173
30657
24461
4722
19286
15008
13011
31794
15779
18006
5143
18035
8949
8036
28197
2021
29193
28958
20559
7839
11379
9054
32087
4972
1179
30841
24976
18278
9477
18290
13375
8135
31957
9838
18503
9211
13714
6504
20486
16890
13866
6438
6266
11476
22326
1644
32680
2445
11392
23919
10814
24108
1986
15756
15479
30479
6321
6458
6719
13953
20026
8766
29336
655
23820
17950
6716
17687
3926
20183
31107
12833
16850
31698
4488
18546
12802
10005
23687
16479
442
19127
3466
23776
5086
31382
29509
21221
9837
9804
574
15085
19902
14174
18993
16596
13578
24503
23218
1516
18475
11349
23316
26960
10915
12355
22922
10869
8160
23495
5516
6658
18623
21468
18812
19682
23118
24034
14218
1431
12758
13205
32213
18385
27161
21308
30162
19007
21976
8226
8946
15013
920
26442
29823
2095
11942
7263
24263
10245
16729
25322
3965
2079
19607
14280
16732
9307
6298
20186
29453
29132
13044
30974
1355
5205
7633
9790
1093
4727
1149
22600
8260
31592
6438
6430
6541
13157
32738
18959
9097
23112
27380
24294
803
93
19531
22881
27762
7538
16459
6373
25496
32301
5584
21103
9450
7075
6000
17614
22609
4389
31233
32016
5103
9309
5211
16186
29190
5019
17503
26428
15894
7785
9529
22051
32070
31845
31457
16273
22021
13904
30440
27498
6897
5474
14961
16337
31992
7392
14718
10067
10429
16881
25453
10081
21309
21934
13506
15108
31154
21880
5670
17868
22712
5518
11440
13066
24238
31198
32612
5438
7519
12572
5625
22995
32481
9746
29920
25866
16830
6967
6785
10805
82
9346
25032
5157
18292
29568
28128
20965
89
10661
830
23465
12724
9440
29154
17409
23586
31345
29913
10578
30150
5119
11015
23431
18736
8933
3363
2564
15236
24014
1283
3547
15832
15489
2586
9283
28125
9726
26431
11590
10690
17609
3503
17081
6997
30086
6486
15217
32364
966
27210
28340
9859
10529
30617
19438
1958
645
16196
6821
18066
28621
30603
30383
5143
4501
25963
23715
22464
22861
31846
23181
28086
24461
11138
14566
31714
29864
31636
12227
8786
8068
25278
31820
2782
32425
28983
27248
7179
16279
15178
9943
21295
8285
9378
27928
2518
12135
28868
26157
10853
15768
15581
19236
6141
13977
18110
8214
19874
21360
9509
7005
30877
23380
21822
3330
4638
26303
16745
23157
15398
22726
9534
25217
26020
678
29390
23934
31199
9631
7468
3529
7955
18181
27693
21617
18527
2708
15723
32307
7902
1796
22160
23721
1557
18653
11473
32702
16269
30605
17848
9061
29120
20663
5415
9611
5690
28111
31898
6217
4856
2020
20396
17503
788
11708
477
12254
29348
8230
24978
32036
4575
18572
1117
13837
9089
32200
18559
22376
10865
2872
4011
12456
6817
11797
5901
27612
4406
32000
4235
20962
22506
28126
24907
7895
14254
28134
10613
31441
24211
16376
31034
27345
23786
5425
22293
19955
32170
5052
31568
15080
32275
16363
25803
20902
26769
31622
11001
21854
5859
3939
12587
8879
8060
29494
7953
22041
12842
18347
17021
14004
10229
14002
15979
14626
19018
11802
11071
11970
5465
10338
3149
29990
31163
30668
16030
14792
24920
18354
17649
9720
31624
18461
5377
1817
5240
14228
18950
18189
31696
16178
24702
18670
16018
21756
24365
32255
14405
6257
4451
18146
16212
23906
13949
29963
28849
22787
19118
116
24253
9539
19712
17810
10092
3673
9877
24457
13732
24223
5939
29340
12775
7332
19200
31463
26162
28540
32137
29520
6437
7515
19977
26811
9315
22627
10473
19837
19004
19897
27267
8467
3722
10974
7979
16405
5848
3389
1136
28773
21962
4096
12191
32172
1465
27688
32137
31239
13981
24285
12166
30461
29488
18946
22970
19125
16720
17165
1687
13669
421
1046
13219
31502
29317
29485
2940
17767
23060
13297
281
25110
7088
30559
12370
12582
15500
32231
10147
22454
7066
32709
32557
2798
24751
28558
24829
1848
26338
19209
26257
1964
9781
28225
28568
20939
24695
7384
22010
10609
5480
13726
8984
16645
543
17506
10837
31219
12201
26121
11477
2396
21747
13021
27269
21772
4073
8999
17499
7340
14816
8703
21471
17208
23345
16995
7146
19636
551
19079
13997
25627
284
2412
9462
32153
22494
10932
8879
26873
19544
31925
9383
26721
30318
23756
25494
7997
17192
15859
6235
28025
13075
32150
19847
2803
22500
31395
27167
30512
21855
8929
22942
4430
26999
27266
30010
27705
16311
25083
4712
13090
5088
24083
23202
12845
26580
26170
20584
22378
20658
23837
9605
16391
8003
6007
18067
9668
26517
21802
16321
16550
11237
20622
24276
28912
11970
22537
13932
17743
12400
9696
26249
12629
7051
27212
20045
2088
25836
15313
2820
3964
8913
25035
26721
16062
7991
11594
9738
32402
27019
21535
13912
31872
11138
567
23127
26346
17734
5416
16149
9538
29906
13834
25
24698
3231
17800
13105
28603
32128
20022
24945
32089
14282
28966
4472
30727
10169
182
18165
9287
20751
15787
7018
25125
19966
27268
21552
31525
13640
10504
6588
3194
11173
22050
13344
24952
9317
22510
28884
21068
5462
4628
5559
31467
8680
29781
1361
24136
399
22371
30811
18890
9577
7158
28801
3325
24865
16412
18534
22920
6931
24272
1257
24415
18353
19919
19367
31033
13349
19879
8896
32069
25656
17
24031
1560
1906
6272
23668
18410
18818
31482
32068
17923
481
15655
27428
31856
1715
15784
9985
20986
9966
17833
29476
26201
4029
26810
948
4260
8487
5850
6269
8716
30188
5333
25583
16586
8879
20177
25450
28502
28762
14627
3257
5082
5567
13159
29916
5094
13435
8655
21514
22629
7456
12475
2806
19920
7827
30346
3410
13473
25778
26544
21905
22027
10810
20745
17906
28904
16872
19566
6842
29427
15071
25477
20928
21047
9290
21725
11055
6855
13378
12090
10120
1200
22002
14125
9958
9772
25337
19176
3462
5656
3087
14417
4486
4776
13548
14677
5613
90
18278
2687
14060
21800
16857
20425
27492
17410
1227
15282
24487
15483
9168
11408
28035
4803
15788
13352
21885
25557
8120
15740
7514
2545
14471
17636
14308
13645
7624
22112
23018
32008
10606
17965
8329
31839
29199
22422
27818
20515
8842
17933
6092
2154
29933
25722
26116
25222
21654
18131
22849
24371
27544
10733
18901
2324
8032
3474
26673
32609
16536
13523
3056
6362
29259
159
29720
13055
3146
22677
23708
386
31951
5655
3365
29181
28001
9632
17681
30689
12023
21079
10428
21678
12640
28644
5119
12394
2530
22146
30199
5708
19746
25941
6664
10680
16451
32511
545
10096
9554
13422
13889
1800
9954
4599
11578
20634
9971
17065
12981
31420
29977
32219
28278
25775
12250
29448
28897
16601
21847
10205
26813
885
18223
31887
26169
10634
17824
19058
20268
27673
9711
20680
26785
13211
18442
25558
6547
24491
3949
4670
19189
14079
25410
13448
2294
5020
31180
6914
18818
8010
29445
19914
31756
13382
1670
4905
18059
13880
18600
12322
5058
30564
19177
5963
22213
32292
7057
31196
10169
16022
26773
28422
7643
7314
18875
9606
2756
18911
30207
21369
31467
21670
26677
22642
8043
31270
14065
17866
1286
4522
9124
16695
15466
9144
9479
30112
22452
396
28861
1584
24883
28869
18484
14250
12142
16221
3276
17404
14952
21470
24379
3094
22050
3539
20016
7164
30306
2685
22582
13594
24499
8648
17627
21209
27053
12157
6418
23919
13942
31929
10967
32507
905
23966
6161
20177
30646
22344
9404
18194
4714
25091
17479
14465
8241
7099
21051
12433
22649
32436
15902
1475
2201
28795
11927
32302
28690
15644
24531
17503
12820
21141
16678
7780
68
20619
5622
6948
25276
16444
7637
10738
16723
2229
2029
20577
4639
29508
13729
29273
20793
21553
4209
24682
9664
11177
30494
8289
22561
21243
1551
9241
32149
2567
16116
25236
31979
30962
21417
1866
20615
31263
6237
11201
10667
16475
24819
20318
22773
11608
19880
379
8233
27741
19191
29114
20785
9531
18618
23192
24162
23427
27793
31301
16385
19958
17287
3507
21254
27197
14067
492
5407
10459
18589
20394
25080
25951
23074
13601
5562
1758
922
16928
14546
3232
15735
27224
6387
21274
25008
4603
29534
9500
18464
18570
5217
27980
553
9704
4125
7123
31132
32178
30861
5206
30429
23763
13508
14376
21058
1362
23926
24766
21693
23663
17082
24163
3003
32495
32526
20268
5195
28596
15260
25135
8579
5264
2492
23280
16927
30043
30137
26908
10604
28995
14040
10362
32613
24164
8342
23838
31771
18329
14642
16352
21082
15505
6507
28428
11657
26661
31115
22363
18130
24808
4004
10530
21891
26624
8986
11722
24244
2613
31073
4480
10283
22344
8
29997
21116
9094
22519
23721
24180
1948
9717
19756
8632
4781
19565
12293
28330
25250
29297
19854
29580
5826
31743
29791
5352
20610
22403
8386
18223
13982
17566
14439
11168
11880
30758
11865
29803
16224
16750
9009
21527
21766
5319
21898
31777
21228
8006
30388
28390
12047
18376
14253
10434
1639
16692
8780
25722
24509
4608
4800
32471
4285
13559
25913
15764
31052
14137
11237
32123
2332
30595
286
3018
17277
27312
18914
11995
13686
2432
31875
8708
4628
19353
16287
2237
26882
21451
30035
7424
11098
12696
1708
7414
29371
23540
862
15311
16028
18761
27065
6641
7135
18622
10968
2134
27305
185
16156
6959
13938
13986
24281
20430
21592
17387
13134
18882
15289
23629
5083
27460
19712
2388
9070
19666
31423
32541
25151
22553
2303
11871
1981
2584
22228
14248
14535
8323
26164
9193
28192
13925
5640
1589
7965
5130
17028
27334
1185
13852
16308
14145
2123
20492
25176
24634
13294
19891
2802
6139
13634
6202
26397
23169
18905
8759
23840
31432
10068
32536
21955
5449
13270
2501
22626
3008
8889
24193
11583
28210
18816
11281
31260
29999
16653
8225
3338
29013
10005
29411
18812
21525
5072
22009
27551
13754
6133
19093
5614
31910
22245
8927
23809
2527
4390
12951
17829
3787
13076
29435
26930
28728
15315
7659
13337
23199
4232
1099
29373
27562
4041
9129
8324
5363
31058
16159
11565
7183
32249
32635
11364
23499
3044
24222
9107
10933
11001
25122
27132
2783
32150
26944
20229
1759
14722
4592
31442
24602
11556
31057
15641
29251
9459
23372
15922
28702
17710
21876
18030
23946
11213
20785
4010
27326
28343
22814
21796
5331
18997
23983
5517
12163
5031
11543
15199
15408
17526
8809
8048
12839
12617
20477
6600
7207
16764
10517
5295
12061
15054
28352
22027
15922
30041
25599
29417
12295
3016
3367
8538
22847
23492
32390
23680
24639
27311
32329
3816
3633
661
32157
14106
12623
7007
11541
14959
29790
25674
12364
23075
20344
408
13515
32427
30223
21126
28717
19785
26159
21373
18817
15325
32003
28812
12783
5886
13467
23574
28831
11849
28396
15816
26070
6905
29209
19918
2402
21689
31217
12359
10297
2230
696
9462
9565
26359
12586
24378
16898
23025
31677
6720
12531
23638
31015
15735
31026
24879
30752
9540
27614
554
17513
25592
12634
26677
15629
3839
12716
8779
8167
27737
23587
24206
11876
5199
4669
14743
3978
23390
14791
6154
4921
6264
14918
15981
15025
7020
27030
6970
10837
26530
11217
30514
26799
1803
19059
32757
3763
2392
18107
24784
19784
874
11092
24022
27652
8970
8500
9522
9527
10971
19397
19131
812
27276
12354
8649
8875
1874
11364
26951
32450
10390
16447
32266
10694
23787
12134
1889
6036
19266
15702
20974
23836
1121
2322
19636
2337
2193
19466
23664
31290
21911
65
31021
22045
4326
12719
18963
1564
8723
32485
13184
23792
20873
3311
2906
18870
16254
29310
26531
15415
18214
24135
15181
7788
8742
31910
13648
1858
24651
24711
5627
2714
1916
29574
28295
19092
28653
12629
32498
11789
12438
12894
9739
24678
12260
18858
6089
32391
11438
14850
19936
5412
21354
18004
26262
21567
13217
8536
26067
7151
10656
114
3192
18015
4209
21979
14834
21273
20489
30204
3087
22405
7107
11290
12560
22700
29965
568
8191
29250
18017
16441
11075
28388
10872
26182
8561
13726
13242
9839
28773
12464
18424
8597
32402
4498
25693
27527
11926
5685
23970
6763
16657
13196
28802
25952
2232
18763
13934
5729
9381
17135
21121
21356
13553
18942
27318
740
15749
28048
16729
20277
11053
25358
699
3510
12015
17466
6954
3283
25498
28271
10528
3435
29089
26410
24507
27511
9514
27082
28013
14829
10851
660
15093
21988
25621
23290
5774
13560
4219
6941
8038
29424
12372
1168
1361
25246
25655
10847
28863
9735
13351
27216
9964
4548
30055
2920
15958
24488
17039
9649
30580
29859
14816
14139
3493
15846
30165
2657
5223
26952
29690
20813
13513
31977
24065
6847
24355
4629
26899
1033
17668
14187
16228
19551
12140
15934
10250
11597
1339
30523
24847
7305
5610
8780
24517
23275
31865
5565
27481
29882
11944
24734
17835
5929
3178
27752
22109
24353
919
25059
3115
1345
7137
21830
26746
2852
32521
32160
26931
19938
20819
31608
17617
8665
28215
29360
11449
23469
23897
31664
2506
27277
5051
12224
26422
26552
21809
21684
32656
16192
18966
27599
8230
22030
7486
10210
22160
20775
13867
3764
7305
25134
25476
18854
30206
15657
2498
27031
13669
7048
10797
8710
23120
28771
22023
16246
15938
12803
25095
23831
961
23716
28169
7586
31660
4729
5379
27525
29903
31985
22843
1088
10677
21305
8375
21263
16573
10754
22005
24265
4720
28804
221
20232
10770
16066
27636
19594
13431
22800
10706
16599
20761
3283
3798
14628
31079
19081
29464
28792
29279
8457
20639
17677
31838
32267
4565
7417
13623
22506
9271
32269
24707
9385
9041
23806
2617
16949
12266
26562
14207
13289
18300
20285
6591
22871
12263
21533
30716
582
19301
6915
16999
1015
26817
3043
1069
13229
25540
16557
10132
27243
10737
18221
16454
30208
30578
14896
20460
6977
24657
30184
14591
3478
31211
27537
21467
32696
14498
22613
23062
12728
21971
25453
7183
8260
21000
26506
13514
14630
26478
27507
12283
14605
137
3567
22112
5776
1830
26853
5204
7792
8081
12226
11938
9501
9225
3355
14743
29052
29809
916
1627
17640
28232
22016
31361
9335
8411
15049
1500
18302
4537
24210
10900
20311
9576
31260
19322
11361
86
32614
13465
21577
29714
8729
4621
11656
19644
16162
18713
21549
4795
26529
26483
7133
5293
4866
7394
29464
19876
15465
29451
3005
31631
28500
14216
27857
31222
1916
19515
20860
13547
10236
20962
31060
18493
11700
24811
19935
7918
8432
17545
338
9959
27205
27655
2719
27883
20156
1629
8879
13514
30515
31745
9964
25047
1791
15103
1283
17307
1494
2380
5096
6859
8429
20823
32282
27256
1885
7394
8488
27014
26059
12816
1652
10335
17736
1727
22839
16104
20854
32279
32197
5813
18924
9315
11795
9593
8924
23840
16246
11200
6387
14164
30125
19424
15489
23586
1826
3372
14298
19354
13933
8044
21756
23510
9498
29322
1650
11842
17324
30350
30584
3899
737
6092
26463
29660
10808
19292
21555
2580
30641
16331
14492
3836
27860
1552
24834
24424
27892
18114
7156
30397
4277
22408
18891
20482
21196
17616
3978
23865
31238
9156
12553
2287
25740
16505
22099
30226
6245
31850
16460
29187
15676
28966
12439
19692
25444
11077
2230
3156
15385
4512
25715
11248
9993
19650
13183
24764
14611
17049
5722
4683
8270
31345
626
32347
2381
32036
29071
15021
27041
1418
8302
2324
21408
5431
8364
12747
14181
16742
16871
22539
13592
19504
5663
31965
25712
24066
5474
9262
13685
29517
9384
20513
20107
21119
1020
18089
2988
7731
26588
21846
757
22436
16867
1903
12900
25960
31909
578
15072
29275
11995
31672
19577
14553
2496
32556
10226
3632
1722
29821
22908
16980
6205
7522
4293
10197
25068
31998
14897
22543
15362
23989
15719
1953
1521
26941
1296
32544
3145
1784
13275
3084
1498
29825
10949
32258
27677
19589
17559
1076
13008
28628
27312
32535
8929
1207
26372
6747
23693
133
5989
17184
17609
28529
26114
20071
25057
28326
11053
25542
27487
3222
23649
97
4398
910
11395
9749
15871
654
360
2806
22764
30809
25240
23804
19035
5320
17745
28153
18470
29795
22991
23502
11513
10802
15819
2271
24315
7121
14402
30916
2480
25539
25207
25922
12062
11784
25147
8057
21550
17138
6508
4446
19542
13364
28348
29548
26741
24636
5043
2711
3326
16323
27640
642
29529
12706
31180
14321
6790
14567
29655
1921
11012
24872
26663
29847
20977
15639
4214
15510
22386
13143
15275
10837
29781
3470
28836
15824
10997
32188
11827
31773
10078
3531
27750
31650
27314
11623
17164
134
17868
21007
22900
15717
26402
23916
888
3144
32752
15842
12218
13268
17555
32102
2862
3265
19506
12943
32217
7054
5028
2031
25816
29299
10126
19875
11683
28568
14796
18729
13971
11140
9747
14194
6306
11224
10708
13624
15987
11837
21347
402
27794
8091
27736
20166
7932
5004
25398
5470
24546
20496
30794
7550
31658
16770
12758
12916
13879
27338
23407
13457
25962
9685
5284
32055
5352
18498
13024
18740
5918
94
31378
7502
10115
32339
29578
22815
541
15772
23718
27684
5191
700
687
24848
10929
24880
32382
13158
16552
23970
7779
9030
21656
95
32455
31623
26063
27659
5647
32263
32643
19604
14276
27199
29975
12900
21233
21019
13210
11739
28621
12552
19601
16124
12442
31054
7670
28006
22989
2976
15232
7302
9583
19697
32037
28684
26051
20106
22238
21659
15145
15450
23978
197
24898
1421
7637
566
22357
29536
9850
11055
26610
8755
28231
29751
21461
4319
30080
9741
9228
14923
18758
24544
26461
27962
19482
19906
24290
22119
26525
9051
24054
28884
2969
11994
24917
20575
7749
6193
8574
31382
16837
8322
9308
16844
4849
30164
4646
22125
17751
28427
20868
654
16515
17431
12019
17352
8830
5739
4970
14151
19348
23985
3646
3102
22362
3260
13891
28637
9968
702
9780
10598
24708
7355
6228
22012
2071
31549
25942
31901
5508
20554
27258
27538
11198
18835
6906
5188
21849
27374
16548
22865
27212
27910
12232
735
757
29777
29268
19761
7261
13379
11838
17784
20926
21186
19234
26859
20290
8153
6957
14873
25102
30128
2873
16510
18815
21692
7737
9813
11699
4147
14296
26798
24396
7875
31325
19904
17520
25475
15314
5504
5908
810
22117
6259
22651
6527
22542
18624
7673
25360
21874
18825
6909
12071
25608
4219
3151
11770
32634
17828
26773
28450
24142
21893
31260
9294
31173
26985
17877
31801
19715
14837
25502
10713
3953
28671
11203
27610
28256
1956
24005
10314
2543
27028
9306
28822
14638
11953
6836
437
22915
16857
14086
5283
11597
21503
15941
4881
3528
22145
9516
1115
29745
28597
642
18106
7722
7621
30367
26811
20831
31678
11309
14063
618
23779
22060
20964
25332
12871
20280
24661
6941
28315
15887
12702
12830
23620
25422
25714
27181
6577
29819
26064
5026
12267
10312
23603
6999
30573
22550
21258
22612
16183
23225
14951
23724
27166
31867
3835
19874
30310
14435
15938
1808
9106
5815
6907
3594
10875
21695
30171
5822
15264
14796
11906
8606
14269
15737
20654
29634
22175
25393
4527
28295
12342
28401
16923
2685
23532
22351
1986
31104
6709
6332
29668
13348
15463
19974
18850
30295
16077
12833
2227
28481
18678
28454
4184
10351
2131
24220
28306
26673
6402
7927
12178
4928
28900
8798
16753
20900
245
6833
16417
31445
221
26315
15780
3361
6338
25860
23163
13389
23905
20218
16994
9087
21085
658
24890
18012
26326
23609
25671
3437
8254
1648
23451
22983
26472
25223
4050
19435
11234
28328
24576
31211
20869
19736
15336
20686
7242
20666
3695
9526
3680
13013
11344
14144
27771
22038
6928
11692
23662
15065
17461
19518
20988
2212
26803
26979
15851
20724
26791
26392
13147
28477
13127
13064
30550
10796
29465
4596
11944
31279
19044
14936
7665
6455
13285
588
12280
16317
23490
9384
13890
13059
1220
24939
6116
2204
19904
32094
25237
17198
27478
25844
29191
11383
10718
30325
8568
4238
19360
14171
15236
15979
5955
30973
7229
29098
10889
12394
14717
2444
25913
1432
1403
12607
92
23998
24477
23903
9643
25854
1933
17084
6985
23367
18063
10846
22446
10362
17170
18118
4579
31691
12932
28279
8693
31339
23915
24501
17828
16740
10674
29069
7515
16068
8000
22037
30053
9725
6864
20981
12125
908
8956
3366
24550
13273
5018
24826
29853
16734
4940
18269
30284
28172
1875
20314
15201
27626
31140
15073
7838
2304
9534
10695
3601
21107
7354
30222
1607
29425
16164
9575
19901
20559
28425
5109
1175
11377
16337
15444
23700
19819
3407
16602
3394
28901
12695
6684
22638
3780
19728
3764
13023
12039
21706
22594
25924
22254
23313
6577
14698
20834
17986
2748
1970
22161
27101
31920
14531
22233
13788
7283
3964
27879
28739
5573
20268
15136
11513
31686
4614
14399
30678
6840
25551
12096
25853
5895
29914
30334
31596
32134
31030
8728
11729
10492
2086
13720
21919
8415
4049
6359
25698
21855
12603
21531
16208
23719
6260
22403
31008
5471
9488
20901
24095
21109
30422
22901
1664
29725
12989
28521
25331
4630
5140
6618
30586
6959
7680
8366
14456
3595
299
11316
15883
12065
2491
19279
16796
24582
10625
9431
6581
31727
29299
22588
10258
23922
5469
20844
28154
29068
14547
5111
15056
31720
15466
16753
10469
28766
15400
24345
23696
1467
26680
7863
14721
26048
1250
11979
594
7789
9915
21987
5727
14463
32537
23885
16856
5943
19658
3822
21524
1373
17670
19058
28712
4997
2209
30118
19385
11153
31109
19489
20494
32119
1120
21034
20841
10564
12954
28374
20632
19041
6282
29041
31431
18453
29673
1567
23448
3916
3719
24003
30070
6551
14652
3360
13350
25971
29474
26431
28062
17358
4353
22288
25883
7879
30987
31827
1134
7606
18122
4025
16278
19052
27478
21063
22164
7100
7627
3068
27003
2362
12282
23987
4807
3138
7007
27211
31727
12860
23124
6916
8254
9247
24963
812
12766
18228
19873
9980
21814
23325
6490
10685
9846
14613
28551
10030
15727
6265
28071
15402
9129
31880
27277
646
28847
12135
5462
1081
174
28263
158
27071
31038
11147
28148
26559
4224
2117
28042
12267
19049
28033
9777
26919
8285
25828
22917
29422
18176
5974
30821
30706
1609
5310
23463
5123
22488
18700
29961
4402
16265
17021
3178
54
4681
11546
23866
12303
7976
10115
10287
18665
28336
21738
3385
3650
3189
20578
16825
3151
3822
25946
30446
13468
20867
12644
1199
11764
5351
4924
11360
23424
31144
2821
2079
24370
2309
28629
31294
7013
16383
7796
12534
30653
20659
1377
4697
27989
3558
12822
9353
7705
13538
17293
17960
31600
2433
26115
19215
16415
30855
15356
20803
16746
13364
22663
25124
23419
32538
11971
13288
32008
6445
6818
8008
5681
793
26349
7545
28327
3032
29833
25182
10003
23683
26360
26364
27062
30312
31266
30766
3660
22366
25942
7578
13623
14421
28556
27875
7641
6705
6381
7457
15426
5337
32149
28302
21003
7306
21911
14977
3713
12658
13889
16289
31239
11642
30882
32338
12469
9315
26954
14708
12357
2580
9553
28493
15664
4914
18587
24259
8980
1010
20825
27855
21593
24875
23763
32302
11540
14256
8550
6490
23851
28124
18888
25784
15803
21358
5524
21779
5558
25495
25346
8265
4561
27986
1525
18500
29597
5620
4156
21036
15347
27140
28433
32219
21654
28748
486
4498
32020
29488
3682
3562
32493
29759
13734
24077
27895
32264
20180
22565
29185
18479
19154
8725
29367
25024
1355
20072
1734
21954
9975
17798
3392
32272
32029
20270
24641
30820
27222
20512
27603
29109
21651
4122
11279
15299
13409
7174
22149
24816
10604
6258
13022
10833
14402
6208
26304
19461
5466
19359
14578
11205
8533
6970
4033
30141
31363
943
11938
29594
18345
17730
30488
23013
8194
15315
12504
32655
13443
29453
7468
13261
7779
19169
22933
9766
30427
16434
21940
5321
7211
11730
24682
13605
18397
6574
4159
2740
23117
25157
2816
8215
32617
24671
28844
22120
4278
20731
28050
16076
22676
7049
14259
12871
6850
18521
31597
7125
1572
15188
31579
10422
29636
1770
26487
21257
5912
27467
12161
31388
899
21978
21669
3
11037
29918
32344
5607
15031
13179
22147
15521
30490
12770
28899
7175
32656
3524
16815
12166
6566
3852
26492
30834
27183
3277
19551
10905
16268
7801
25169
1822
20779
27989
32471
22917
6222
14889
6626
19210
9742
27452
29683
55
6815
13951
26500
13493
8661
15369
27044
18787
6375
9411
32225
30885
16756
6501
8554
9471
9667
9633
29045
30178
4687
23453
4319
14021
18563
19367
4370
11384
20162
9253
25132
21685
426
3530
3678
17401
19098
6160
17553
5521
8049
18914
30288
8696
12185
10904
3298
28512
25157
22313
31158
4239
2550
30620
9733
26092
28996
10432
1458
29914
9435
11805
20853
18756
7876
42
11320
5497
14054
2753
14273
1083
31948
12239
23698
28946
24232
25168
18701
31463
16792
28027
27612
9421
28457
15417
28048
31010
31770
13532
28040
25303
3170
32014
1557
12556
6259
14855
23515
30944
6081
8452
15483
18823
13438
27636
4207
26269
27816
1652
9269
31929
17478
1789
3247
1094
27887
18524
10954
18062
1675
14179
4702
14616
23902
10463
22613
9012
18754
19402
3088
16852
4659
3009
24582
23965
32273
30648
17838
1854
27554
236
160
28161
7895
9753
29943
1183
8784
24301
13561
26713
25121
23485
4602
15940
25559
28024
13437
31461
16310
10713
32669
18429
16197
8160
17323
31910
17677
12418
1049
23455
24989
24480
21654
3045
14801
12598
4475
32643
8788
26325
30566
15530
5220
12627
24100
15620
24533
10945
6869
22342
15961
11421
19786
26373
11262
22089
7346
9930
10488
22460
10102
28776
18593
21624
10849
22413
12734
29371
8964
21144
29700
27386
29017
26026
22235
11147
15526
1024
1377
25762
8100
7040
15282
4222
24545
32401
22887
19428
13411
8240
32092
4813
24462
22081
3767
13660
8264
5666
22309
6418
15962
24454
4711
6725
13849
18817
5902
8654
18247
26079
31874
17155
27444
28346
25161
30181
30248
29260
15494
16794
26629
28929
18880
27421
12329
8656
5605
31796
26770
20684
11919
13986
19525
3062
27781
18334
27888
4694
30341
20357
27598
14666
24897
4556
14795
15389
4263
24888
8937
10715
15973
7249
10466
25956
18861
19988
28943
27584
13365
18152
18824
21682
28803
16851
2445
16784
25959
27118
20772
11857
19145
21526
27652
22760
17316
16613
23474
13009
22867
15072
19690
4329
15372
25842
31808
3458
27818
3354
19975
20663
13231
22368
7538
13053
2441
5389
1785
28155
21524
7195
12798
20380
7521
13035
23985
9058
10166
25654
13617
17917
725
20294
12020
5916
1665
18534
31592
15747
22079
23959
18138
29021
21082
4996
21144
16596
6697
28344
10578
736
916
7439
29382
27740
11221
21354
10909
31583
1404
13223
16015
11465
1974
20177
22478
12316
25294
6035
21410
3470
24052
22771
12112
29276
16958
1341
27457
5984
30444
28988
10592
30182
13040
20400
2756
16060
26542
253
4239
18312
18688
2849
1046
25182
5757
19944
10818
21394
2555
18275
17974
22987
3922
31894
12081
31833
10595
23153
32182
5065
10329
8962
5099
16566
5423
15080
1344
17634
30323
27403
8528
29317
21065
27274
9740
9700
4530
17653
23830
32038
10510
28861
10347
16995
10720
10728
16965
15359
8658
25865
13376
22326
27385
28272
18875
24823
20825
2462
385
16630
12716
9468
17065
27389
30047
30156
22714
31362
4062
4191
31507
11391
24849
20616
25482
11134
8486
9810
14420
25075
14738
6894
19749
18127
12114
8687
32663
22610
631
2746
13008
14625
9953
9783
11871
9112
31307
29901
25704
10081
23432
28814
25345
25926
18187
18350
29915
15683
7341
6970
13605
8928
29355
5638
6829
3006
6638
28648
15945
11375
14224
12579
24693
30602
6043
18982
29245
4863
7444
21367
9566
14249
29496
2538
18344
12066
25605
23318
28070
25563
30716
5641
12417
14188
17190
5179
802
4904
853
28353
25239
26357
29612
5059
26040
2651
31073
20528
28682
13274
3522
8624
3043
31361
2422
25819
12239
5564
13574
13224
29491
20334
17052
2088
30256
23615
5386
30580
202
3640
30733
6372
7498
5517
11731
28033
12768
17337
30140
23485
23949
1232
28766
4962
7232
785
1227
28105
30272
10427
11030
7756
16073
29731
16403
18173
9722
20994
18015
17817
8687
29203
14496
19639
29482
18910
20750
7493
18487
14798
27187
29749
17551
2186
23790
116
28350
10370
32702
29980
18881
31688
11069
3050
7602
2594
26603
3058
13223
23901
10541
10385
2263
30692
14742
19620
15614
6545
15460
9719
16387
18114
26702
1281
728
17840
24445
25806
12195
1532
18648
12092
11547
9867
3716
4458
28980
3476
26027
29806
26366
18167
893
28230
27594
7377
9077
16145
10128
7757
17118
11904
17549
2237
13717
23943
18992
18153
30736
24664
7991
31398
25247
13457
30486
17579
8690
26548
11928
16033
6364
473
23496
23417
3926
2207
5394
8706
21191
11880
13222
30139
11139
454
5405
25062
19345
12592
8287
6877
6833
14074
4548
10665
925
388
21113
30161
9872
27569
24358
8560
5381
6554
461
27530
31425
3460
25334
3232
22547
2320
13833
16770
12635
3762
1275
30821
22473
5988
24364
21557
12135
20636
28560
31277
5722
30331
15886
23972
20837
7751
8229
32298
8622
1307
7381
19411
26565
14045
18365
9683
30690
8561
22401
10059
878
26668
31598
13923
15301
2956
13409
2457
4667
14630
13540
5977
14685
22495
3227
9165
19321
9311
8927
24822
14944
29123
17576
21756
27754
25234
18864
31426
10939
11763
5333
20670
17605
17693
29631
18952
3342
27918
8644
21936
4915
8320
29192
28757
16174
19993
25833
29683
12756
18146
11418
6653
3745
28922
25869
25516
4792
4748
791
23702
7462
18686
16079
27522
3175
107
32055
9595
5419
32596
32030
22307
30298
23186
19268
14410
11861
25999
16832
32191
5503
29366
5791
15718
508
30760
15822
22667
22712
27825
8762
24694
12203
28922
31285
10560
25948
6400
15132
32485
20900
27076
28726
12441
29621
24389
30944
26208
16730
3755
29159
29913
31617
14533
20022
9050
11254
24757
25265
6210
12401
15082
26976
24459
30419
2127
16336
16287
20141
12738
25782
20589
29698
14280
30934
2235
14158
19071
18211
13758
26310
7636
6184
4328
23778
19957
21670
26625
22553
26634
15231
2937
32747
27424
11986
30461
15141
21861
23656
26696
15201
4507
17743
22588
25036
22727
26820
2609
24876
23593
5719
9613
16673
19313
11081
3476
9898
2864
16185
27522
1516
12173
1023
7895
8495
3897
23769
2035
31018
677
28869
24802
4736
9074
15405
6265
13450
8233
26057
25506
1367
30764
23234
30964
9969
13292
30227
10887
14818
27997
14133
20998
26871
15527
19451
17157
25156
23839
29115
14229
24936
7797
29102
27414
12051
30254
15513
22349
14789
17749
27053
18359
11224
9838
7340
14108
8896
22444
5966
11110
27538
5476
31203
948
26819
30912
30521
27819
1330
11960
32704
28428
22633
6974
10220
19596
24608
15545
19931
7904
29443
25525
16952
27927
20662
4825
30815
11052
29461
6937
450
22492
1216
18477
22667
11445
8407
12609
15747
5232
16386
494
11570
23424
30389
20329
12360
20203
26802
19962
2875
15705
5583
31408
4402
3690
25593
3412
7714
25677
2681
18075
31798
31631
17014
28319
14453
15664
24763
6032
10911
14076
15547
30887
13399
28184
2258
30044
31623
16348
32718
9433
9217
17632
2990
28078
19554
27226
18858
2502
21052
13735
3955
1690
8564
26151
21947
5540
4840
26958
11256
16663
7765
21752
6501
22733
25465
23549
3914
11137
20084
28934
20606
24638
23412
2975
29226
1047
15761
17293
22991
8217
27894
13921
23691
27518
24642
27469
25496
28195
29998
10551
14869
10045
19567
29452
26633
3143
7390
7767
16037
29759
16854
14354
31177
17169
2269
11195
6858
26964
647
24747
24691
3124
23192
16804
73
27055
31593
25257
1299
19717
141
14610
30362
10089
15539
6623
11950
8445
22222
29261
32617
13821
17012
28327
3768
13370
6020
863
2838
11467
3340
3165
7579
11775
7018
30359
15670
22934
2481
10210
18231
11056
27214
6407
272
773
19179
22042
26460
18647
7059
22791
28192
15141
4375
29294
5713
16034
1713
13489
31895
16869
8936
5451
17745
2402
17331
14435
2521
30617
30177
6816
11017
9613
31672
3392
11518
24440
9949
14436
27
22973
2420
6062
23377
12830
17031
9486
2974
4399
27052
9689
23764
10
24034
19996
32668
17989
31677
11823
4282
25633
32451
7821
9619
32004
4629
7650
492
17962
21586
21862
23284
19863
21176
14186
19333
11600
16268
27696
23975
32458
26556
256
19798
8867
11204
3448
26757
12432
32718
17188
12386
9111
14109
6991
8156
5758
7851
5912
15202
9347
11025
17864
19950
16973
15784
1378
30531
8995
17646
12668
28531
32348
15403
13390
9123
18710
20052
11785
4114
14379
8239
9834
31576
7777
1464
31886
30444
31457
9924
2312
18665
19435
22244
9777
8978
31175
9356
4799
19219
28159
25460
25241
6154
10955
13887
29162
26949
30413
23387
3700
31309
28926
16680
19240
14372
8425
9564
12787
31692
22295
17318
18394
19976
29130
22417
5961
6247
23022
30124
13480
26493
19532
32744
28976
8820
17153
14657
12285
23492
4910
15520
4452
7998
4850
23296
26758
24911
23445
9424
12069
29571
31750
8857
27575
8776
12168
225
15801
24565
27816
13135
1094
8458
24690
21264
21224
19897
10724
15480
10414
27814
27043
12269
7551
27372
31213
31233
31149
9568
25295
26334
27597
5913
24216
1255
20679
20784
653
31388
16937
8132
24542
29630
24257
65
12505
27060
362
19682
26206
19246
23078
16757
10643
18184
7533
15711
9688
15985
15813
26335
12030
8780
25491
5015
6067
16342
5937
6728
19521
16522
20800
29149
1401
24898
25920
16811
10217
9374
31326
18167
9046
1193
1676
13240
26214
26554
32727
27295
15004
23705
14325
15445
7305
25059
5662
2564
25665
15536
8990
28952
21005
8818
7079
25671
21343
14881
31979
21966
5131
14485
16234
22270
12211
7219
13321
20728
6019
19403
14181
15029
31
7361
12134
28745
27610
1131
1815
3944
9513
30907
7349
32041
15703
17438
22022
30986
25466
20643
20203
24884
10149
11872
22073
3073
32351
22802
11461
23228
6228
259
15038
27048
25163
23345
12096
323
16728
15532
15909
11467
24403
1344
28703
6658
7048
7508
14596
9775
29616
2834
18536
15461
31009
25288
18545
26887
9793
5774
32487
18060
10304
26922
1163
10112
28935
2096
1706
8651
9579
4462
18161
24374
15271
1926
19843
22315
24073
31197
329
21948
26091
25524
6793
29672
741
1685
9147
25881
25153
17393
31896
15856
27311
14855
4979
6213
24634
10247
18636
14442
1147
23928
12579
6064
1805
14551
10506
30765
23105
31105
28542
26044
16402
26835
14967
18500
9051
7823
31166
27454
4423
25729
15359
7793
26377
32099
27167
21504
1998
21247
19663
24487
12016
20371
4194
15170
12909
26233
15067
29839
18839
4103
18507
10292
11277
15541
24922
11780
7401
893
24611
23166
13883
3976
5957
31126
2231
4358
3894
26297
25514
13662
11739
26123
22835
27271
31830
8947
21167
29109
32544
30681
18805
1337
21591
25390
30660
5538
3161
19885
5625
25129
28817
1505
30725
28748
11409
5352
7967
9912
3425
20598
5046
3948
19223
19997
7082
1308
4264
7115
8379
20435
13822
24980
23362
29917
24651
20657
5407
15844
31900
969
6386
15193
18609
13424
8590
17942
24076
27118
23978
17473
29512
1345
23514
13683
18348
20069
29374
18969
27904
26322
31097
2587
25503
17735
25701
20156
15566
7878
6662
5058
14156
24799
5180
25558
2603
8498
8636
25645
20957
9776
23488
17256
21394
27937
9214
4025
2754
20843
16087
14408
13573
14609
24018
15829
20523
27258
11848
22174
16009
28532
16481
2435
1425
10616
23103
1128
23206
31536
2936
12763
29230
11062
5322
20982
17640
25631
30730
6791
16255
30136
17502
8815
4192
15247
29356
7240
1993
19637
26194
9291
15907
22723
26136
9584
29842
22043
8546
6614
25546
25968
5547
10854
27940
3721
26670
29108
25073
14913
2022
26149
21774
3539
11193
12119
10937
2900
241
27325
23202
7041
7659
9098
6213
25787
3347
465
21880
4944
1040
29930
21312
30460
6971
23831
13545
6576
6486
30823
18774
13201
10107
5851
32405
8260
338
22984
13238
14697
30087
636
23774
14949
19067
5156
11671
4453
23354
19694
15722
16800
174
14954
23216
15068
6930
27958
32677
18995
20392
4058
7614
2071
20143
25841
13117
26516
13712
28810
24322
19157
24920
20685
26276
16618
17770
2530
25280
20680
6774
18702
1425
30097
31141
25375
12225
12310
14358
4619
18303
20891
5774
13780
1490
25562
6507
7342
11821
21066
7386
5732
25667
14496
31050
22264
5148
31382
19489
27786
8297
2284
14509
19578
19221
30637
13661
15313
3100
18868
14641
5853
19104
5486
23919
15388
11322
26338
18328
7772
28302
750
28570
16927
32546
28627
5703
10820
17776
26356
6
30692
21305
5082
18376
16763
28445
17532
24126
25928
11625
28349
2378
23286
2864
12087
30643
18555
16285
9527
15644
24129
14215
20488
18999
16003
28486
20853
13622
29691
7877
14729
26242
15290
27609
16281
32176
9815
5841
3205
689
21579
21839
31290
14152
20892
20310
27771
7361
21689
29347
9954
481
25765
4161
17441
11545
10840
30808
12942
30462
29027
2118
23007
26878
7122
24304
20017
13387
3414
11098
13392
5404
20900
18806
15154
30229
536
8506
20164
26627
11934
31733
26602
16845
19922
17379
7616
31912
30822
25087
23591
8329
29636
11800
25469
21728
20469
9511
30123
27011
7362
23008
21605
27624
31257
21383
29869
7320
1970
20229
2969
22752
30705
5691
22615
19658
18959
24982
20334
332
28533
30692
2886
6846
24680
102
9707
23441
25579
15142
24590
16191
3809
5002
14669
16766
15987
16682
23988
9657
4529
27359
3203
21184
9852
28
23601
5823
7587
15490
32690
26477
10828
2478
28918
29317
12438
13142
9394
4730
14204
8596
11106
31591
12797
3457
25487
13380
25465
25606
8525
12384
25439
19183
28425
7435
1029
31809
19329
14227
8407
27598
2324
16243
6068
27398
12860
22726
29077
16144
5977
29442
32368
23834
27056
2018
26716
16621
1971
18084
501
4548
24195
32629
21506
2398
1203
25386
11861
20818
29263
27440
16371
19107
31260
32198
31349
29588
26658
8809
17582
24509
26984
23184
16526
30303
8447
29338
10310
27381
3649
24325
1709
9227
10331
31200
20195
1107
21257
13443
5940
18934
4257
4477
31551
30760
5459
31438
26967
32511
8111
18519
24361
5509
14951
2702
22943
31244
19287
28022
31749
3265
5058
18383
12907
30852
1503
10889
21322
24055
5012
1151
1130
13525
23169
11874
26370
22406
20800
29427
20258
27888
23019
26486
2638
9359
24031
10339
31083
30920
22208
20062
480
27514
26814
12137
6645
28887
29206
16473
29822
31858
13275
10886
4030
25752
30710
27079
11142
4068
22636
1694
27293
8462
3039
16559
9060
5380
23384
15735
9146
1852
9539
3898
27678
4168
4539
10301
9747
29355
23560
3638
22985
2539
21862
25089
9977
12263
1288
3988
1297
3179
2397
14901
20113
770
7826
14571
7093
13067
28248
14130
12372
15887
3303
19954
264
18514
18243
10418
5007
26536
9918
2825
15985
29834
19902
19030
3043
29033
4544
4017
17388
31810
30365
30242
25030
32371
28428
22800
30855
3789
1641
26364
19201
14826
22453
19567
6886
9409
30173
2864
29488
15735
10559
20923
29119
28281
9834
26351
21572
1991
8741
32263
19551
21139
26292
1739
24324
778
20054
19975
21283
31858
18194
573
29576
7029
17331
28823
10240
31420
15890
3615
10685
26048
11923
8498
22267
28125
7410
7986
27108
21929
11840
4732
5809
18051
21544
7322
21779
1135
375
26809
22737
5153
2012
8797
32178
1879
747
17491
10909
25452
29800
21480
28671
22058
30147
23640
25965
11489
8927
16009
2699
16821
8727
10489
12076
21308
28035
19445
9914
31305
16759
7693
19161
12802
21581
17604
4423
9785
15205
30092
14598
15353
8553
25329
21182
2142
12758
2580
10333
10666
23992
29787
18432
13974
23989
16743
13846
14310
5452
3398
2754
24640
15199
1770
32386
30270
27631
19162
10767
9410
1832
22056
32132
9610
413
9635
12993
31236
2516
21837
16146
9827
9989
21520
2060
8946
13599
32684
24504
30632
25100
15604
3060
13821
4150
24634
23829
17661
16970
31240
6097
13211
29756
23569
13917
1351
1419
27238
17618
11459
6342
3309
23765
10546
3151
21776
1143
31090
28767
11186
29786
22955
7754
7015
2326
32552
21764
2788
25562
18022
32484
31668
32343
1899
1193
8493
13785
1113
20923
25507
4535
9795
28083
9179
18670
31807
20252
21186
19209
12477
19323
12639
20548
26903
18574
19719
13552
17257
4818
3024
9241
26274
32071
23880
21863
22747
11895
25446
25154
4072
16053
10176
30265
28717
2979
12543
24229
11699
25847
3216
15753
17276
30334
8349
25533
29971
4961
23100
5708
3686
18087
3046
17178
21976
19707
4138
26826
25747
23471
1186
13790
22811
22786
12583
8992
6185
27038
28481
3393
4022
30565
9697
4545
12374
5485
11603
13070
4295
25929
12142
2032
28618
24971
22542
31268
2097
12678
27076
22600
27450
27225
2763
16119
21787
24873
24126
7476
12254
29357
15753
22540
14447
25584
9758
20855
31220
16466
12137
22144
4956
22736
7429
14501
31547
18566
24880
5761
13781
8818
9084
6056
12664
11387
8136
8147
15632
19378
29039
15677
19701
1495
7871
22092
519
15391
30893
23156
9981
820
8902
31321
6138
15486
22377
11059
18529
21665
15412
31095
23275
19271
23228
28340
32759
26655
4481
3770
3617
16678
4385
12290
2325
30245
14795
13130
2726
17786
27895
24192
16922
24092
10068
24289
32200
4826
30466
13922
29414
21219
8706
6223
14236
2955
4331
31026
9052
22348
20958
22006
2422
7691
18363
30284
487
2717
22933
11854
13426
31114
13924
25442
23027
17681
250
22626
26607
4716
30777
1274
6767
1109
28546
31825
20495
30408
11120
9963
27730
10251
30407
21454
13368
29420
935
25827
22803
32330
27910
6816
9622
1494
27741
17124
303
8219
6048
20258
15767
9660
15220
5570
25255
7677
9629
17092
27757
21637
29621
15271
12159
31843
14884
31369
22415
1102
5964
9359
13376
49
1796
24455
18488
19431
2632
10956
20086
19266
30510
16234
10726
27475
1308
15235
29491
18661
26937
7410
6365
8267
5921
20269
17803
27228
31197
20592
162
19131
14610
12824
15638
13148
24184
30797
19073
24899
28558
7395
23666
5775
20365
14722
7175
13752
32154
7429
30654
8725
831
20513
9608
2465
10012
19783
2847
31742
14298
28619
154
29370
865
24133
8511
11986
20043
29752
7832
3956
24472
28401
18889
17929
29859
25010
18208
2931
12628
13584
8174
14995
24728
13722
9877
29711
6414
30139
24803
12114
6660
1762
27806
23764
29857
19935
4704
32155
21859
30353
31397
21506
461
19134
14627
4537
24153
28738
8794
9997
4276
21100
8043
5993
4650
15013
29741
30493
18015
23634
11134
30303
27201
22524
7639
7567
28474
31150
17956
7872
5802
13983
22738
24691
24980
11793
20777
9637
10392
12665
26844
30477
28705
6112
11742
12703
19679
24713
10872
24148
27768
26836
21401
14125
5754
14690
12653
32118
14741
11898
30256
1352
22791
32684
30533
6737
28247
27316
15490
8663
4934
1441
6607
7675
2051
31798
1775
30267
27038
15504
10653
10555
11455
22281
17883
19397
12440
5469
2183
30990
32280
3339
24623
6203
1889
12542
22566
6947
31613
9837
10711
6743
588
24832
30810
29280
29889
18996
27205
17991
25934
30720
5573
2907
3229
14009
29421
558
28289
27187
18509
16609
19244
2601
17863
12961
12450
15838
16798
12402
16494
23301
19408
5931
32147
19422
2982
32450
14021
8355
7049
30410
24793
20514
22295
27706
30075
27563
20342
7280
10783
18988
23016
14710
4922
28315
27808
9091
1969
11668
15829
23493
22673
22084
22804
5213
12546
25221
7898
428
12918
29258
25186
20685
8486
5694
6588
26466
13503
11688
21535
20628
24920
23442
27264
31573
11432
22314
7779
11752
25462
7016
6898
21156
17232
14833
3148
501
27776
21820
16671
28067
12348
1523
2681
4439
3869
12188
19931
19547
31699
2168
32144
18593
13846
22699
27452
21255
20959
13470
10424
2265
16089
13986
27421
32407
25618
31702
9247
17401
9207
26698
17821
26929
23679
30308
25461
26992
14246
5507
10141
7851
24605
23523
19568
8863
28224
4033
4421
16659
8520
19391
23878
24413
14530
17033
1152
32039
576
26041
25398
12915
28494
29688
17275
20189
18343
12902
16640
32288
19369
21821
7978
5596
23303
23473
17767
28823
29630
25370
21955
31233
7498
13652
4534
20604
5145
5734
320
8155
18752
5475
4152
6506
2669
25742
5602
11567
26140
31937
31423
26736
8206
4112
28841
7542
18935
4009
28959
14480
21624
18686
30173
26202
11340
24103
8111
28478
14278
7553
16264
27708
18555
31900
30158
14567
21820
14932
23545
18096
4167
27709
27740
13671
11709
31557
7234
21759
28247
21396
23613
29842
16981
19383
29371
8868
6328
1790
25818
17068
11953
22306
24958
7121
29529
24875
25248
17649
21410
2449
30953
4583
654
27554
30079
26126
4511
24611
26143
4097
28046
22330
5996
4773
4928
2444
4486
32618
4341
17570
17119
17869
10179
22161
19786
7202
8515
23770
10581
26000
11658
31375
5081
14685
23898
14775
31183
28523
3226
7156
22117
22019
20740
7779
14162
29906
16670
13508
23398
305
10091
32731
8037
26538
30178
17173
11541
3767
3487
23919
8342
14028
11993
18836
6130
7064
9492
26949
24821
14985
919
8190
14655
25230
1569
215
21655
28960
27096
5032
7554
24707
21122
30064
25620
2889
4087
22520
28423
18713
22486
9395
8970
18606
18296
18153
13403
19234
16930
24852
5784
9325
32639
29067
7891
9513
24141
10845
3044
20888
20310
128
26883
2535
27810
13867
32406
1972
4331
25728
17735
21711
849
18542
3930
7997
2895
22230
23613
3715
238
23532
2657
32289
11576
10721
23369
16732
3824
6847
32225
21568
22400
27028
4880
7654
13363
9938
24720
10227
14244
19446
9726
28513
30583
12904
18477
12930
12870
29090
18112
24641
4574
26773
12280
3244
23980
30280
1738
3759
12658
9667
20277
11042
3134
20779
13522
28935
19357
46
32685
11020
26380
1442
19283
2648
32687
8296
13356
28291
6214
9111
28427
28390
2396
27094
32516
2326
1473
6154
32126
6315
17211
29490
10376
31814
7033
19854
11121
3026
14664
20231
21906
17417
9738
7371
13167
19258
19299
9272
15871
13130
15669
3323
5191
7418
24527
5753
29486
8295
15969
25710
24460
7895
9651
32467
13956
25010
22295
2310
6164
10959
26525
29733
24554
6641
8069
12474
8313
2962
28154
9118
21581
21727
17661
25111
14747
259
29087
31044
3101
29608
17523
17595
4380
5307
7747
6256
10703
26992
13570
16857
24547
16007
9474
9295
8283
18381
8807
29880
6298
22757
24284
22627
27070
6984
30596
27443
9776
25995
32563
28928
19833
6113
30943
13882
14936
8672
22097
25551
14097
5512
20256
19023
11271
27521
9184
26703
7309
23716
8599
12299
26106
29885
31088
20559
29947
17039
16564
1175
25902
18713
11509
12405
16108
5656
24717
18995
18278
8653
23367
22713
5875
23552
25435
2226
27048
2629
31392
7403
24106
23422
13309
15867
5824
21665
32032
27945
28844
31420
12403
7818
17852
24118
844
15978
27676
27479
9317
9709
26734
9226
7819
17142
1564
9954
21402
30536
18925
10076
9128
29420
29399
15204
5249
3538
32021
8730
3412
25787
23417
26581
31403
15701
23298
2920
28320
30120
25777
2213
4430
690
4505
27680
30087
16974
17718
21558
9669
9307
16895
845
32098
28441
27710
26460
8715
8918
12064
15023
12658
16587
14344
8676
30531
31041
31785
27450
16218
1272
15444
21259
6195
11720
31502
29078
6561
19081
6374
13826
963
12849
2822
4768
18996
27196
24583
15985
24451
5201
1802
12264
21731
24354
3332
13552
8739
32404
17497
19505
10720
28448
2733
9103
19961
2168
8438
24564
10307
9070
18902
4688
15230
22290
8745
32222
12424
4379
26586
5032
29649
3465
8954
18253
18191
29064
25875
8450
6963
3478
4793
12503
18075
2792
27491
18236
27529
2058
17273
5827
8916
26823
9390
8999
16093
23880
18576
8590
15045
25728
8541
11787
10717
19911
25881
31335
15198
32196
20189
23073
9819
31377
2674
20403
4595
794
32287
32535
19915
13766
26302
10634
28348
2650
31253
5776
9160
8986
868
3640
22355
14641
11835
18593
28815
10322
29582
30397
18745
23968
23819
18517
11139
11723
4779
4941
27729
22140
26248
42
30119
12020
21230
24529
21858
19440
7860
3729
9255
6863
7117
2148
22682
14326
13338
4722
23248
1140
14466
7639
27654
16098
9797
18342
13971
9101
22157
6702
6683
22488
19527
29564
2054
9435
5168
13601
1072
17744
27443
8501
7650
19120
7922
2203
29954
23961
23715
11911
8070
23923
25117
1342
814
9043
17714
10269
30579
27679
17728
14045
17339
11764
23299
30229
19918
23748
31405
22784
3213
25156
15417
22657
4834
19717
24060
15204
18163
31456
21885
13287
6555
17048
25222
30329
21018
24763
22651
11713
16907
11209
4587
28642
30103
21400
16997
6398
13289
12279
6797
12025
25569
25234
29294
12927
10509
20502
28178
328
19669
13461
20560
11674
18421
22315
28646
28432
49
8418
712
4251
3651
6867
13239
32710
8217
6030
13844
24894
19261
3004
19447
20113
25493
23043
29308
8502
10828
5674
10333
28366
26896
894
710
6825
19838
21108
1124
8332
6362
24975
27328
31921
30724
1412
26059
21776
6055
7325
28089
18397
18612
29019
11027
850
18703
12383
9480
2734
1160
30090
10757
19582
25100
13412
9861
28187
28956
32698
24105
28788
2943
29836
15115
4621
16180
19494
10064
4680
5291
22924
9468
14820
1333
30235
6154
19651
13752
8558
30397
18672
18855
22655
21553
5856
25137
26638
31029
3832
7609
15943
32605
30800
11143
32671
8786
25783
18365
25343
15213
3575
13196
6436
7044
6234
32167
17222
14084
24172
12024
15607
22592
10755
12179
15695
19465
32381
30696
4934
15487
22601
25148
353
11814
1449
12378
31889
21309
31925
6533
21080
10571
21156
29874
31277
5370
14407
21236
5666
28712
8150
7736
26308
15932
28655
4146
13890
31414
26588
5527
32466
13835
6421
29069
20561
29871
6661
13664
14633
1139
22033
24694
13944
15377
7895
15493
28527
22789
25267
18947
16376
28575
11400
20702
22171
8535
20669
26990
27042
3424
27525
4520
18299
12160
5220
8852
18015
8478
27375
14849
22321
28829
24787
27767
16297
744
25880
21357
16305
13134
21671
19388
9743
9617
21514
30804
6213
32313
30324
23853
4533
29998
22017
9857
24073
30342
318
28729
4818
17820
25068
8613
19567
22114
257
12655
12849
20728
19440
26066
1469
29565
16170
25863
16817
17957
6629
10752
2954
21899
32540
12633
31941
26441
10199
29324
1860
23751
2732
31076
30964
14416
7302
13236
25261
30827
3749
18248
26201
15720
11750
1052
12377
27961
18245
18124
8228
18819
13728
24396
25649
11253
31934
20441
3352
23769
5519
30767
23540
14312
20405
253
20491
4963
27716
7062
14257
7519
21958
27113
18537
9057
6531
8883
590
30762
1535
17907
25265
27604
4803
30111
10756
2590
30048
18069
14582
4869
1970
7636
18656
24980
25442
28140
864
13564
22190
26803
15683
4071
5741
31034
22697
8714
20813
6655
4707
28665
2144
23396
16032
11584
20695
11872
14537
31919
25357
18293
2729
2805
6855
11746
3793
14193
19642
19225
4667
16196
5453
3699
14637
7851
1185
31011
11104
7308
19406
9833
19298
13390
20336
9224
32057
20974
17251
12025
16457
5199
13258
10337
8312
2514
8022
22209
17039
6951
1733
18284
4067
6243
5544
25663
17718
7250
18538
4492
26840
14862
13198
26711
27665
10448
20536
24773
31684
25095
29167
209
17484
26023
18849
25409
11434
6340
6631
10968
19682
29279
139
13774
9122
27264
31048
9597
20261
24453
32208
3677
19799
26041
26388
25650
1850
13608
29631
30340
11144
10674
6147
4432
7322
2399
31385
5629
30088
1266
17155
8337
27282
9921
7445
3365
2238
9155
5555
29079
6339
17131
13532
24446
10534
20148
30952
611
931
17662
5901
28206
4558
14616
9512
12766
29946
7198
4282
637
21850
24453
1841
4691
11366
9716
13162
26715
3712
30293
29811
19443
14296
9517
29077
6359
24717
26664
12178
3920
7189
18425
2859
29865
18398
25696
15589
6115
19765
16012
18957
3754
14952
32164
1786
16007
30503
24993
3730
1622
6192
22622
21264
7163
5676
26866
11268
29265
27603
26941
1434
15203
24407
12737
5408
23263
31488
17331
14019
23751
30995
5458
22681
17514
9977
30840
5861
18323
925
20335
28054
18944
7446
1029
8976
11541
29062
29923
20527
18386
22338
19738
10633
6915
12339
31231
28148
5558
27772
13113
7753
32242
8284
18712
25191
20902
12630
11561
16250
13280
24208
26887
893
14911
10362
30579
2557
11947
23471
13223
15904
6467
17184
21224
32231
9879
17775
7259
17072
15896
29081
21273
13055
23757
16088
1669
381
2119
968
15582
15681
28118
26824
11280
30543
509
22947
29904
24926
13348
14960
5095
18911
2701
25526
32206
6458
14985
10708
6268
13403
4332
29600
1916
26733
16062
9295
32322
17381
24115
23701
3263
195
17373
22284
6707
25620
28705
25562
579
14012
13544
18319
2123
15218
25494
332
5365
17932
5952
15402
29195
22525
28442
28633
30857
26140
19758
29832
25847
11175
27988
3589
17909
11911
26718
12838
14616
22741
30611
3687
27124
19358
3167
4308
1914
20195
4168
30762
9093
740
24868
12089
12463
13983
23945
30604
4713
1939
5510
10060
29515
11977
29584
32354
21928
7957
29119
22236
4710
22682
12091
13458
14860
5516
31217
30729
3101
13370
8330
14487
30885
587
8349
2504
24593
19783
1315
12289
1347
23642
2348
2147
26086
14165
21201
10226
27903
24310
23146
30199
13253
23145
20993
17827
17587
15886
8454
13044
5339
3965
18499
18141
10109
10952
16915
9889
4056
3328
13007
21120
17728
10234
32138
14229
32113
9042
4350
6399
291
11953
197
5183
11999
18764
16077
17633
8208
8877
2310
19295
9309
30902
24413
15170
1846
5859
5614
13450
21421
23247
22389
11344
2696
25082
11270
10410
32404
17609
22527
29647
19260
718
10042
2683
6489
1098
30855
18837
9804
21744
7513
7952
16715
31724
25023
16911
13048
5412
20630
13900
17208
4030
2046
7866
20802
13794
12810
9065
12790
25025
30140
28330
18545
982
29744
1397
3294
24171
9751
32519
30094
6752
11623
24527
30284
6440
28497
7051
2538
10260
2676
687
31264
30932
32080
7942
22935
827
4349
17307
25664
13378
23580
21466
14826
3664
29199
1523
10004
7864
4709
9343
28671
27779
27800
4966
21000
17521
19451
7168
12085
1594
16366
17530
6158
22297
5204
13948
10158
23947
11847
30984
26137
27221
8458
422
9424
12996
3902
24766
2467
56
11353
3397
15303
30948
29269
5019
26408
26063
24485
11188
2560
6686
20845
31351
16553
24470
19954
611
944
3165
21328
1912
3114
9728
32363
27221
21067
13754
7719
16030
23092
12788
1756
8352
17165
8456
14852
3640
19540
22858
13879
18160
17780
585
858
30572
7066
15186
20243
13317
31172
2870
11647
1715
12059
32077
21032
5168
20354
4027
21809
7258
17007
22258
22740
23002
13305
31353
8975
1283
7219
28395
32665
32252
20665
4418
32283
25122
21640
1877
24733
4264
23059
2464
20030
25216
11155
31300
7721
6527
28062
27982
20164
19132
28667
1596
32043
18489
181
20158
28892
19909
30062
27321
4020
29984
24310
19857
19994
13665
6940
21672
28538
29077
14532
27426
10997
23209
25146
6892
2134
10378
16838
12028
2376
28298
5249
19162
29383
3846
24422
7007
19157
4677
31404
1212
24174
25764
26452
29119
25533
16368
8958
10322
3216
17428
28160
18245
7434
756
14265
20813
23191
920
9507
26956
26405
141
26024
9170
23698
25992
18999
4580
15456
20557
21142
26877
1968
6351
9466
27731
4974
9369
9173
31579
27849
2412
5615
27023
25062
17194
5304
879
725
242
13533
25798
11972
19853
7449
1070
370
5897
32590
6102
13543
22947
10196
14211
19299
29163
5904
24533
5524
23074
22857
15052
26891
22247
4280
20874
6897
22291
26078
2907
4854
2785
21019
7666
2699
30290
30843
21238
19537
719
211
18109
2001
21520
10509
1111
3437
25662
192
8910
1686
11092
772
18348
32320
21963
644
12990
19859
20086
7124
14104
16612
8107
8709
17753
2275
28579
14711
27440
19478
7203
5359
27679
27782
14684
2281
22399
21944
30737
26928
16325
26334
14071
25771
30467
19791
17249
21370
29874
25397
3356
11074
18606
26245
20888
3524
16258
7221
585
9653
7142
13225
27213
17865
2438
32366
22351
32274
11525
20522
18859
7048
30018
6867
28627
17897
4570
6944
28913
12227
13038
10557
19150
3278
30246
451
18162
17024
9461
6887
19213
1756
10271
23026
2197
24971
21625
15601
20401
17197
29936
19629
2390
9969
13773
27357
7343
29283
21816
20635
17347
1926
15610
20757
4946
15651
27015
13445
14847
12640
16955
16227
15029
10900
18148
14808
9795
31322
13953
2935
6217
5861
4937
16168
31576
24211
10223
868
22613
14788
29221
31400
13598
3820
5727
28707
18032
15591
16601
17586
30985
3981
6107
10255
5641
25223
9020
29254
1694
26209
19749
12648
31456
15327
24599
16258
30714
22933
9775
29904
4491
28594
3497
18991
21068
15901
30372
32721
6130
4291
3620
7220
26198
22063
23133
22357
30163
1115
23599
17953
239
16325
27117
23084
5438
30918
10082
2469
27524
29471
16150
13194
2842
27605
16589
5144
15507
20800
18769
23942
3998
16734
22385
18674
30766
17005
29258
13212
18137
27064
1221
7250
126
25777
4705
5419
22827
6208
10547
32120
22078
19035
13611
6136
23498
2519
6296
20811
10556
18557
11758
19113
2366
23393
5831
31956
14555
21871
31785
1867
18916
28743
9223
32705
1171
30539
10
21965
3183
26869
6545
7907
19567
17007
32502
24195
28258
10589
5651
7856
24974
26621
30724
27812
13464
28531
14895
3522
18084
21598
18562
204
5052
31151
13564
8022
8310
23995
8303
29563
18641
15759
8324
5582
30305
643
18175
10131
428
11794
11844
15664
17107
14312
12058
19678
5493
4669
9136
30116
21456
18530
23518
12934
3369
27545
9900
19962
31598
16938
5400
10651
31771
27827
23060
11809
4186
30144
27599
30609
10350
32667
18997
4529
15953
1126
3769
22719
924
23654
10578
21090
9896
32418
28355
4833
29427
12205
23584
659
20677
4800
13198
6039
26643
20747
22090
22468
27299
19277
32749
14051
18801
2467
18158
9500
22866
23965
1640
25007
10967
27287
5405
26085
6516
2119
28092
31813
21985
13202
11359
22538
28609
420
1368
16597
8834
18751
6445
9888
27012
30291
18913
12787
8061
15312
30069
9306
11548
6072
14767
7446
2796
23928
9498
5651
6780
14968
31054
11546
6845
26865
25201
3400
15275
1279
18430
3263
5423
14327
6853
21147
1348
11770
17460
6440
14682
2506
6868
24658
26359
19165
22
9308
30628
22960
2896
27861
11271
11870
26115
18376
31309
17777
15711
1332
11211
22264
27913
18107
32228
986
18203
14238
18989
28009
7533
233
31183
27450
28691
19947
18477
21301
25894
29929
6343
2024
28104
6164
25694
16672
15458
21175
346
17083
28720
18101
19304
30136
6656
7731
28263
6032
32310
21906
22661
29641
14356
24992
6053
23496
8760
1551
9733
20711
10342
28710
27165
5319
26248
27062
28106
5096
14579
14416
4267
24182
8684
31925
14795
9062
10347
9870
19585
25026
5151
20573
25749
17473
10929
6068
7588
23323
21069
17829
27078
10267
15711
23417
15213
12534
922
22436
1681
3035
19519
18169
23818
6731
28060
30235
10813
26155
9683
22324
20986
21784
20700
28649
13989
9722
16333
25485
27284
27868
5465
28052
4281
251
19351
24651
12417
4380
18181
31687
251
21027
6861
12571
28477
31714
25159
9679
25604
2095
21438
2957
3226
26681
28791
8220
11005
9244
30191
27027
12605
6322
29797
710
11302
18348
11928
3077
16671
28130
9938
5126
17234
21480
32037
3359
9229
3298
757
8888
17000
6041
10167
769
24105
5582
8951
28896
12772
3534
32672
12846
30823
27206
27768
11810
24917
11353
30186
20493
14608
1008
3336
584
18396
16977
32720
21867
11330
23284
18094
10176
13491
26257
19267
24824
31854
23678
3173
5660
20388
30264
17255
10694
6873
28992
28314
15504
27021
9000
25875
461
14364
5101
22447
19575
7395
4743
25429
26729
3236
30655
6267
5070
15915
2881
7148
11482
28978
16114
17608
26552
7299
13443
23500
8387
18268
16711
24531
7928
4631
25665
29597
23211
12810
25218
22736
7290
25773
32178
7228
2176
7674
30956
22371
27083
30234
24527
11065
21007
6717
17361
22568
24987
17610
25559
5975
19341
184
29187
6444
27202
15419
27597
19728
30737
28324
14422
22130
16441
21890
248
21262
23575
3342
30754
22127
20637
1990
611
16050
8191
10583
30148
18062
9135
2240
25435
30865
17036
7605
7965
26540
22359
23873
31220
20722
23398
2480
25106
2717
10652
14764
23940
25682
28056
23206
4874
23718
4909
12920
21798
20448
18962
9288
25459
1024
29147
15535
22072
13825
552
18714
26685
3164
17181
32369
4829
4813
27154
29431
12381
9049
28299
28530
6268
24720
11114
23435
27467
9488
8291
18807
32319
3146
26545
25815
8069
30857
13319
18653
9109
14896
27338
433
28938
15426
11901
15635
32433
23080
28029
28225
30688
17071
18670
26907
31497
3153
26613
14469
9870
24245
2855
13325
26583
21881
29762
6350
16547
46
30235
10643
30363
9124
16600
6720
24877
8296
15967
19054
18839
8844
4879
4950
4418
32422
5805
11504
4690
24603
22945
28252
28283
11422
2658
28032
16406
16627
20271
16883
24948
27385
26624
28441
15986
17639
11452
14736
25677
21974
15276
27595
17336
7040
27696
19965
22828
24903
22960
21817
12160
2169
6870
19927
28857
9682
30970
1305
31011
6210
15326
13839
8353
31985
23964
15799
11841
9345
15068
23145
10771
28051
4938
31346
316
10380
28232
24064
12358
26777
14303
4158
26554
26096
10748
31679
24305
21849
21977
7712
18727
22765
25017
7913
8401
28190
20184
19893
15664
31992
23458
19347
26151
27815
22051
25515
23114
24888
29375
22309
31543
1700
31523
8262
5161
3338
27003
28892
28362
14908
17381
28637
10825
13437
19494
31307
2221
27273
22429
27482
9833
15574
25461
12245
20528
19482
14622
10430
27402
4365
14077
8501
8872
8560
4450
23450
20980
17998
8123
31222
23021
18306
2568
17815
23218
4217
27279
6651
732
4665
14289
30448
26897
1698
2748
32248
9175
30964
5410
24306
5029
14226
23658
30711
4928
4870
3206
11395
581
3652
30501
14293
24065
25651
4905
32408
23689
1641
4187
9154
15879
31030
21341
25789
18515
12517
28129
197
8387
21566
26393
12177
30787
2128
26734
27445
15784
10605
8821
4423
19009
5493
32287
8000
15535
27480
28208
3622
30199
25558
29938
4456
27862
10121
12842
15626
19285
17958
3403
22273
2716
13056
20458
22497
267
27341
17522
24245
5767
9901
11545
7214
4882
16488
10002
30977
15263
11255
19972
31626
12580
10823
13244
12469
17904
6457
31
7198
15679
1261
19810
29559
10508
24128
5245
10539
23078
31379
15836
2624
5766
16591
10840
29570
2528
10149
18535
25054
9336
26907
2447
25100
23607
3908
19489
9073
1022
15950
3363
12867
11578
24515
30350
7406
18361
4872
7610
2230
29628
1834
1558
31134
14925
8665
15388
20873
8146
6069
7300
19104
17635
22985
7096
28915
2393
31829
8585
24419
26023
31441
19744
17343
28270
32046
13623
28205
13899
607
30857
28620
500
5144
12934
3223
643
26582
10316
1165
2577
4383
16851
30735
28295
10507
9063
27529
3761
3843
31580
11860
11668
9929
22525
10459
6146
14264
6597
22013
18539
20814
21970
27571
31990
22759
15510
30451
29648
9419
22736
28372
16836
18539
15034
754
30477
30184
25476
10516
1640
6357
1282
11788
8813
3646
27042
19935
1310
7657
6304
5926
21953
6363
2685
7604
8427
16670
429
16505
5854
24258
23440
1702
1044
9762
28067
22546
14364
21353
17144
5341
20133
8020
19939
20563
3801
28985
25079
13075
21740
29256
2608
18544
14836
26129
3954
15127
28155
27718
17202
17650
30802
4034
25203
22093
21033
18123
9461
14392
3933
18580
19625
11820
2449
23558
18791
23281
16768
960
17635
27838
27281
11101
10974
21667
21677
14837
409
3364
10317
11750
9871
13351
10455
9684
17251
31760
28970
31470
3864
14378
24183
20595
12160
2121
7508
15477
20215
26541
3339
28126
14929
9002
27960
29616
6928
31366
2451
2449
8666
28963
22538
3462
13611
4573
15635
767
30792
10806
27200
18196
15988
16561
2835
23054
15973
19067
13333
25129
6649
25680
18466
19352
3622
4765
18439
10698
24367
19682
16463
15852
21790
22619
18777
18095
23662
13791
19886
32075
7944
9992
2706
25540
10609
3732
32473
18539
28737
12299
15356
8873
18903
4770
19820
11512
12363
2912
10790
24626
24484
12927
25736
13326
9291
18453
3171
18663
28096
19444
30545
24256
31116
19662
25417
15750
10871
12957
10096
29332
24570
2113
26418
1917
25079
2155
31634
5637
13480
29115
1726
23920
26838
26149
26087
15616
15435
22937
30031
14265
7817
21475
23204
25959
28092
2512
18828
29922
32750
4498
30337
9105
19578
13925
11231
20013
18883
12147
13627
32455
21285
15861
5367
7181
11052
30364
14355
7625
28164
14895
7238
27306
2097
8565
7246
17223
1408
24661
22148
24161
19518
25660
25011
6760
6311
12735
17450
26689
19617
17794
24848
21319
26539
31832
20472
19088
15120
18091
21173
3953
11872
11039
23920
27972
10272
23666
25848
7784
28353
26279
26456
650
5583
14179
25263
2595
19307
1431
11836
31554
6651
23647
27065
29580
29216
19754
30442
19329
4329
3356
12661
16129
5702
432
22772
32526
24511
162
24905
4307
31589
18188
7473
7653
18185
27599
30493
6602
4013
20788
11325
24760
17720
22995
15837
13214
5742
25780
3316
13673
2334
21685
21498
19840
25245
10027
29435
5008
29812
24012
16874
10383
8534
16333
23863
8443
11861
13895
8355
25699
13397
18399
17492
9769
17856
30630
20516
23430
7291
2878
22847
21198
25625
31807
15853
20470
29775
6360
21420
21075
4008
6074
15234
26532
31354
9009
20625
12371
32281
8084
25836
30968
11338
12512
16553
3359
30459
17312
5944
10059
28721
7440
26355
8763
17985
13953
30453
20331
20547
26623
26416
5854
16068
9778
1722
17435
17595
22402
25704
9334
19646
1150
19870
23184
3702
26495
12133
2849
6225
8072
3518
18165
8566
2673
1335
22069
14334
2629
2747
18664
8033
14824
23982
28857
29486
21757
24634
10235
25088
22278
18915
2538
5293
5581
26722
52
5568
23300
25264
18872
19754
16680
12897
24205
25652
22443
18227
21830
9656
21073
2279
11636
11921
18395
11087
9069
592
17379
2217
29004
22576
12295
30251
8505
13389
22601
18143
21739
8464
3766
28849
9834
7406
12870
1991
1562
4178
7428
1040
14837
24535
15726
1312
25112
28347
24351
2107
9857
9617
26283
17583
29207
20789
1227
8807
24298
28165
9402
32446
14269
13134
6622
13201
12994
29445
20651
5272
18852
8632
1733
22262
21194
6851
20068
5902
16347
29895
24829
28825
9597
31320
1311
23797
28771
6902
2971
19392
27526
26687
10215
10662
31666
29538
10180
18807
13381
7895
19999
25469
10548
14414
21813
7948
8782
28389
23547
23130
5061
31133
17085
9361
32746
527
15109
7715
9784
10075
3774
13150
9108
11618
25241
25920
26579
11317
30640
5260
9341
21452
12394
797
6352
6140
23710
32635
24328
22691
4347
28332
7902
23078
3495
10317
18767
8733
30758
22753
16798
3148
27774
24168
6044
11222
10648
21300
14119
19629
23786
15096
12529
10573
20819
1570
131
10410
1350
24426
29569
14438
27691
30635
5679
5960
24322
17394
18740
9194
74
25045
25758
945
5921
5639
3111
13826
9644
6441
6326
26547
16057
9954
15145
6848
24227
817
15442
30272
19318
27138
32319
21143
16468
7424
8895
21996
26648
939
31521
13534
27448
4522
9535
27506
5360
26466
31164
592
21405
24775
12169
13360
6247
1650
22702
1935
23074
5365
7239
12454
16246
3691
20940
20380
13374
2643
24982
24315
28207
14238
3743
26209
9402
17670
3466
17784
51
9122
3299
11047
1074
22455
4775
3338
31034
19410
21255
13088
6552
23059
25705
11204
1422
32716
29872
15327
17073
28491
25533
8027
19088
29683
26421
11739
27798
23698
7045
14249
1842
24558
9764
12015
23604
12193
19736
28971
1147
11559
10172
17629
18125
30006
19648
24450
22022
13645
8561
1990
14965
32656
11835
10230
27267
4307
7276
25780
22165
15605
16698
3054
27700
30063
23048
28689
21612
7724
24037
889
29041
9372
2134
18477
24457
3332
341
26569
32037
27160
18073
1979
15953
29387
14872
11698
20303
10854
31179
18516
19071
20183
25777
12336
1411
332
28950
13555
14751
23809
14357
2782
2918
28758
23132
11383
13715
19493
8751
1151
23349
7506
1712
29733
17679
1188
29789
2425
3646
8403
32474
31267
1052
32482
24561
13909
15717
25774
26583
10238
11416
10696
17072
29249
12704
4736
14166
17701
28340
24898
17238
6542
25724
4646
14396
26988
6517
29890
15889
14386
20630
6211
24353
32650
4916
15804
258
21574
4643
17597
28369
22426
8734
17960
22719
18569
22376
20800
27852
18846
1204
32515
27859
11996
8515
20410
26055
26615
23116
1742
27708
23237
21408
30941
553
16879
23438
13
2540
25580
5636
2720
27278
13872
25336
30665
18761
16544
1030
14014
31815
21834
17755
23567
6829
28755
11729
8502
19928
21552
31323
623
18406
13849
26788
28362
889
3771
5363
15998
12471
25390
28498
25472
29590
6694
3055
2132
22358
12653
21186
4388
6991
26513
21104
13071
15596
11738
14960
5571
25336
30334
16492
13134
3608
13080
29930
27185
12953
5975
19243
30134
8044
29683
22611
16516
22127
15846
3531
17777
14831
5592
29412
29335
13162
25563
8637
17066
14233
23384
2918
137
19373
31561
18245
26898
28634
24233
29113
7995
4882
28969
24062
9822
29715
23589
8017
22229
5027
16342
11604
199
7194
3273
10163
12609
25122
4496
32008
19849
25275
4279
30972
30895
25218
29434
32175
30564
4658
27060
27739
1551
23659
5531
308
21790
16562
1451
9874
8090
24506
8800
849
4095
7393
22824
18552
26442
30974
7192
538
6739
2650
2526
28538
22877
13820
20983
9842
13804
3626
10530
1558
23255
31276
25108
15508
2717
2899
32365
25695
22524
9018
19435
31884
19648
20300
25053
16508
29402
32134
4827
8891
29617
28286
9909
28456
16829
2213
28841
22614
81
28873
5593
29747
7608
3038
6140
27623
21380
19965
30803
25343
291
31405
1758
22987
5299
14946
12753
3844
30231
10563
26946
9394
10315
17200
27428
3149
5364
20740
2936
32291
13884
15127
19650
32761
4828
25864
23738
16117
16506
30393
18757
16572
24630
13978
419
12247
18816
22827
30698
18267
22316
27068
30387
8649
2760
12407
32531
28467
31277
14753
17101
22176
15188
25117
3781
1714
17003
3378
14776
14726
26152
26510
27435
12252
32350
23434
20129
26488
20686
6831
1809
4296
16447
24697
30359
1990
29137
21084
11882
21536
23694
8453
6926
29846
30530
20194
16587
31140
30860
16356
7261
13154
23862
30340
31725
30376
10434
8708
25664
15733
5189
25079
22063
9874
8057
25347
2135
6258
14349
14566
26897
2909
27455
6583
31909
16078
21933
24174
27578
24089
17768
27815
22033
22608
16971
28067
15731
28520
28811
30352
7400
17048
398
1546
42
22530
9985
31457
12121
27029
15397
26653
17136
31026
6505
27199
13304
28685
17982
25034
15484
19799
32039
14082
7228
10266
13839
2804
5541
2148
10976
31158
14081
23463
2641
20976
17388
2144
19712
26011
21255
25847
24768
22537
29680
5606
7732
3366
29041
5918
15517
7677
1015
29862
14320
30334
2118
30342
23852
126
3692
17379
28906
32767
21747
16747
9269
1202
1115
12020
19357
5306
16072
18527
3207
29875
22519
28099
29895
12531
18806
5832
12401
19471
14101
5456
20971
13985
6040
27485
24647
29769
21934
14383
8144
4594
32039
172
18659
20823
18529
22277
8449
11717
8707
9623
10785
7714
28398
8463
23627
14382
13425
9682
7522
6409
28348
1180
27458
14070
11160
614
27659
94
15701
3982
22715
27672
6659
31282
30211
24295
15077
8156
3923
2628
4130
25189
10296
10334
23742
25619
22503
14688
3785
20229
794
9714
26582
11217
26650
27394
2479
2923
12573
12996
15175
2121
211
32503
31216
25284
11580
18539
10958
15554
7356
14272
140
14482
31089
23408
26957
32535
11972
32528
6374
28969
25918
2002
842
2104
28830
31311
23365
10802
25640
3459
26990
29863
16703
28441
20311
17196
29750
7401
2822
29949
4964
30656
20137
13798
5238
29535
133
20067
27657
1990
30512
16134
19321
18354
17920
11033
28915
16484
11715
22149
15826
1700
1456
15090
1832
5382
12446
30768
21658
24428
29300
9173
370
16332
14817
15400
29679
8243
12877
16958
24287
1546
12815
16227
16752
25241
22752
14780
6468
19657
29327
23594
31427
2094
29175
21872
949
32068
6191
12953
23568
1785
7168
14484
14606
14700
26012
290
5763
1525
12940
24306
6766
24677
13803
19721
22222
18831
2258
28008
23991
25351
32531
23273
23460
28713
13354
21099
11279
26717
25712
30510
7231
32410
26258
13952
20578
16937
22850
3738
32475
15532
22828
15557
30173
12638
21292
5825
7993
24988
18110
4966
30324
31397
3254
18060
9501
4254
30257
21545
14685
19161
22475
7865
10960
9558
21778
13539
8595
27530
59
16985
13215
20576
8724
2048
3157
18302
15930
8017
12889
969
10124
3327
24484
16171
14559
26329
8149
12180
1524
4339
10440
19774
6311
22016
8554
20022
3688
24323
19148
31512
10735
20007
16246
16665
11564
234
15613
9547
3965
15745
11224
32029
25636
20344
22895
4129
1272
22426
6261
1811
21850
21264
15224
19478
12651
7629
7606
16448
23933
29737
11827
27225
2503
14283
12552
736
15964
31693
11006
335
17246
7195
11099
3745
22894
25628
26620
272
22120
2197
24484
17699
31309
30922
30356
22504
4225
19174
16732
13950
12599
18332
29168
26327
14121
22799
6910
32188
15756
24815
15743
17938
14915
14821
21645
27995
2131
26674
21364
22912
30359
15763
18955
3021
11957
29799
9029
13629
2128
1555
12803
24568
7295
16550
44
21018
11646
24505
5120
3510
13988
11418
8105
4635
14485
27049
20243
16981
5561
3329
10238
5367
4845
3675
12370
28952
20600
19504
20146
23708
20288
19486
6483
24501
22078
23181
1807
16808
19503
19858
14005
725
22924
28436
16548
14322
26301
21037
18072
10903
19082
6098
13763
25343
15570
26295
28448
32525
24959
6765
18948
31373
32697
28109
9462
19645
14682
9370
30912
32523
22178
30818
8646
8481
31277
19621
21399
15903
20769
28218
27330
14119
5036
25069
4331
10015
27054
1645
26397
13234
1970
3430
10850
28568
6179
4074
1681
12824
17597
16917
2920
1995
29761
2545
30682
8354
4205
32151
20394
24362
26667
3223
28473
27919
521
22682
4509
30944
29417
326
31986
273
3321
26466
18677
20550
31462
11067
29647
3791
6989
27206
14638
3438
12403
6
24474
11617
14389
20016
28679
2460
66
20494
2982
17751
19079
32033
21505
9160
5611
16138
6471
19762
24381
32427
17124
25886
28266
3209
9813
21992
1012
26740
16443
30078
31391
11371
942
26469
12654
7866
13267
24573
20941
12133
31665
11525
17936
25801
14400
10081
29724
31617
10435
29211
4196
15751
31064
10921
7448
21659
23502
28270
27032
7145
8886
22915
9775
13542
4797
25270
24574
25467
24121
14547
31030
30053
32513
1315
29067
14556
25218
14131
4837
18034
7183
15830
22104
8767
4473
20845
5462
30779
21984
13158
23331
30699
9928
1795
27274
4928
16239
10077
19407
9404
30303
7848
30436
16598
22847
8888
28127
13984
15086
15044
23468
935
26579
29291
2815
16154
29806
15860
18829
16431
23091
29658
2940
963
22169
32648
25368
5441
16494
12641
8391
32452
18285
20483
12095
1152
21010
20173
32758
12126
28077
19871
7130
27366
1206
17888
11331
14946
20320
2246
4134
18752
12912
29393
20875
23225
80
30873
3905
23728
20575
28874
11984
8669
24716
16237
27311
1834
13603
18025
4279
2141
27366
16201
1240
2040
28512
25151
23563
20061
4982
32361
9095
1078
11327
26452
10296
11284
13846
23487
21101
24406
11757
18849
27089
21069
5348
4973
21916
25502
21018
14996
11530
15079
26306
4939
11277
15013
10362
26000
24638
18773
30169
8039
8730
13785
6471
31850
11883
15134
19986
18048
29700
26364
7102
5101
27057
26717
31644
9867
110
2210
31902
20566
1495
21570
22889
302
2784
14004
13484
25049
8902
3472
28592
8264
3654
30449
20273
20763
9996
24349
25197
2663
8046
4456
24698
7094
27226
20565
28636
1871
24461
14591
3159
8376
28678
30135
32514
29818
32443
1007
7325
23844
12682
4439
15908
27026
20082
13381
10148
30831
30979
858
20814
11513
25619
20579
18122
8452
19379
2685
4302
30786
19298
2941
23790
14529
25728
21646
22454
3253
18693
32284
27894
20856
15986
24305
25181
6095
11528
11934
73
31087
12088
10013
15582
26560
13660
27060
7510
22496
4516
11036
16791
28651
83
27363
19979
6522
43
14863
10156
7529
3877
21764
13918
11486
8038
5288
8578
31622
22639
31428
15048
20258
30868
23982
2884
10307
27311
30501
14021
26705
25621
23164
10594
6354
7881
5627
17237
14313
1008
898
30477
11805
23173
3183
3454
20828
20046
25794
1212
6464
25359
383
15560
26769
10237
20052
26281
4106
16245
26236
27071
28256
3822
21731
13141
20864
11053
8075
9333
32024
21688
8750
4608
31322
6284
31781
2814
5373
26898
5512
22834
10628
17232
32663
28657
10434
13404
13400
15669
29854
21271
31106
4334
31252
535
27290
3736
11388
3557
28252
23826
17935
31593
7004
2222
29095
6818
20461
19333
16838
12699
322
12301
6362
21402
1491
16877
26303
14490
24322
16655
24454
10491
17919
2807
3957
20857
32745
11860
28750
4955
15670
23765
25557
9452
2132
12094
14220
5679
1936
28603
5569
3535
5688
24180
1994
21077
30972
9313
28048
29597
12698
26720
3658
10379
13755
14981
9867
13562
3351
18865
6015
27637
6880
5990
7025
8746
5726
7641
9105
9371
30423
7241
17141
1943
22193
32144
19165
25065
4570
3320
31803
18511
9064
27983
29299
7470
1661
1598
11103
2179
7790
23510
20630
11293
27172
1132
9710
26634
1730
12455
16703
17231
17799
31191
28522
19676
22775
27272
27290
2238
23861
30040
17866
15767
16308
19973
12680
13899
18958
22730
32248
19453
21556
9196
32283
19514
25032
8080
12369
3955
11975
1999
20509
21425
28523
13580
13609
12164
18256
18053
9098
12604
15317
23337
28996
32348
9669
19626
9489
1868
26167
8402
29278
9038
25266
9498
13975
10419
3221
26745
23460
21839
30646
1914
17332
6954
17482
32401
8761
9592
24581
30383
26163
10700
25218
16404
6578
22920
2276
28517
23190
1944
5310
20734
20634
22112
4656
9865
17553
498
18771
25295
15599
6789
24279
22479
17290
17187
26603
2829
14498
18593
30045
9261
22303
9428
23043
10688
19995
16898
12377
94
5024
4759
25451
24565
21683
20761
16118
13152
9873
31838
19146
5692
23864
25597
30066
25847
11049
22786
21015
4905
28269
22246
28066
15400
20182
14526
32545
8663
4487
20146
30572
3518
17846
26545
13320
18528
11953
9059
22859
6856
3871
8287
6081
3686
14729
23199
24783
24345
2585
20016
20118
21389
11681
12846
17178
28615
23006
24560
676
13822
23295
14976
19813
27053
6753
10830
15451
2278
669
293
25977
28649
25796
23133
2818
23285
17129
19283
23094
14942
9184
30742
32048
3296
21574
24675
1039
13363
14529
30932
26964
30687
5513
25684
13707
10834
28456
25046
1582
9264
26750
16967
31686
2538
16903
31424
21331
3986
24161
9985
12014
12014
28680
4123
20909
971
13413
2924
21191
17043
24583
17872
3064
32034
8240
20246
18215
10710
21907
31153
28487
8421
27740
25264
18555
1012
30065
13809
29565
17381
25847
657
16448
14576
6681
13222
5076
245
5124
305
25995
6160
30774
27982
5978
24431
19961
8622
11649
1632
4906
16711
10606
2478
3647
586
3039
15662
393
9302
16968
5013
9141
5867
884
6284
409
25633
24430
20743
11566
13210
1698
30162
24024
31157
3136
15468
26094
9988
10209
8729
8566
27649
14957
27955
16944
25852
6716
22721
7383
16984
27259
7755
23459
16631
466
20972
14866
1779
9283
17576
11752
14479
5206
24832
8564
22893
16243
13764
8982
19969
2447
9001
11774
4421
31755
24091
28726
29358
23512
15828
12771
28767
27360
1966
16840
414
22689
11573
2827
25988
9755
12417
14396
18936
237
8899
1939
24286
22971
28957
13433
10635
14802
29623
6730
11388
7183
29455
29786
14152
19709
6032
24374
29396
5693
30567
32556
32198
14635
13970
28685
11580
31934
27961
25137
17853
21168
18498
2236
16496
22495
6176
15648
28811
13300
16875
31715
7439
7234
18102
7843
25267
32241
21789
30551
29213
4955
6429
12503
32344
26806
15913
6303
28547
5108
22393
13775
11718
9191
8870
20855
6283
2729
22644
21522
32234
1851
32750
7248
9828
21100
30649
13081
18645
4860
10658
206
31396
23810
7289
26578
28733
16523
22562
26697
8641
11140
20457
12575
10235
8922
18198
16972
26007
5855
25537
1111
20622
22256
25576
31001
28645
26709
10431
27076
24983
17512
3143
13860
31952
16889
13602
10532
25691
11762
23718
30355
7518
22327
15152
17960
32325
4560
3771
28612
2556
30026
28593
19704
2913
23130
26624
17351
1273
23492
113
28333
18657
24187
14390
1504
19720
25866
6849
28117
3996
12850
26589
3846
8130
32469
503
23283
7818
18195
5820
8806
19490
29362
13802
8444
30026
23747
19039
25057
21767
32386
10615
25051
16028
16767
11412
4746
9142
15611
2302
8942
19175
25237
23022
12585
19029
24102
4325
18822
6836
11497
16450
22203
22129
12255
29716
26475
31024
15729
3373
27887
13177
30296
21112
22358
9902
25018
11404
12970
7489
5269
16256
10613
4899
26721
22273
4228
8832
1265
22691
24555
10409
16795
12405
15690
14162
8600
27608
31566
9725
28589
30353
12922
22454
15627
11804
22311
2305
18293
16195
28873
14865
2720
496
22133
2362
223
18240
5280
4521
22272
19928
24618
8787
6000
20604
15003
24875
4262
25310
11180
11928
31423
4275
13321
23846
8294
29452
23893
4476
3831
12260
2926
24206
4580
6133
29427
29203
32087
22225
22788
25914
3097
26925
73
1432
21682
19840
26422
10853
6610
8909
15245
27113
31215
10684
10020
17201
16944
23536
23016
4102
26762
3477
29986
21280
28969
19768
15353
13974
17169
30172
11576
20121
12293
10058
27218
29794
13223
6312
4004
19817
11746
31053
25081
21208
7301
21460
30035
27967
6192
10095
12521
30857
6260
11134
21612
17455
17206
29025
25230
25515
19284
22666
5317
25392
8844
2262
15436
13464
665
26397
13420
26782
4510
14344
18937
2125
9672
25890
15391
8888
27695
6194
14943
25324
30462
8393
980
16931
30420
22551
3003
10810
9066
30466
18226
7269
6005
4730
2112
12322
9166
12806
2582
32363
24016
13475
4756
19760
27905
30671
19727
3844
23541
29921
16978
2839
28784
18587
4578
16740
20171
22786
20615
24363
27801
3437
12295
22434
5770
19677
21557
29928
3471
13964
31018
30010
32574
18633
20179
2153
23929
27138
11692
16779
22858
2083
2250
20721
1298
16927
16671
6746
25059
20427
15866
31590
23594
7155
28365
22094
31633
17576
6707
13521
18979
30167
7729
6002
14001
21024
1468
17632
30325
24036
6012
11702
10742
8352
16848
14436
18731
28794
2066
2413
6883
7194
21788
7124
15205
26299
22283
15824
30291
2690
18499
17863
30676
13582
18867
4986
6385
12880
12890
12670
19264
14749
30729
10987
26560
4353
5483
26968
25861
31447
4420
12038
14485
8598
2806
347
26513
30190
28745
6034
2712
13076
16491
8626
18664
32090
54
31676
3782
20226
17330
8489
801
10068
28891
29843
114
12270
8100
12211
5350
19548
15163
3979
19903
18408
18575
4324
20983
5555
30224
20731
4135
22277
22709
26232
936
7138
31300
18079
21752
4574
7374
2762
22879
5426
22392
10775
13778
22542
28802
31582
10519
5169
6273
4966
16682
31416
27375
21336
32736
22067
22502
15219
13002
4862
23337
22018
604
8655
9316
20107
31822
26763
5301
2378
7491
13662
13674
20189
7593
26634
3085
24641
1504
17791
28574
1789
19870
10669
17183
30109
2706
2966
14678
3170
29255
1959
1486
22072
13132
25672
7967
20968
27026
17586
30319
23439
12821
32256
18489
19023
8638
17033
27213
5700
9096
5998
15128
6842
483
18543
5670
18589
8022
19971
29157
23856
8807
22951
2732
28930
6335
31862
16123
29471
21898
7162
261
25731
3869
10562
363
26580
32731
20020
30539
31056
3673
1317
10617
25348
16576
20135
7436
16702
32627
31138
3357
11078
27378
12711
4043
21577
18687
18304
3202
14486
19711
26636
26494
11021
16290
13642
1674
22227
18886
30131
4878
2379
26265
19917
7496
22594
16638
14333
1242
30826
51
11932
19077
22538
18352
15438
12084
20979
28242
26255
17468
3254
12472
9871
20706
23060
25326
25664
12574
10934
25928
10157
4510
27167
24721
29837
11534
22238
3429
1048
28311
11016
2780
20761
7589
10469
2153
10821
30446
24554
18177
16075
22192
15847
13695
22828
22585
16514
11335
15437
3757
23268
3113
22219
15108
25522
17545
16526
9042
7999
1213
13985
28491
14848
7351
2368
11782
18240
20708
12339
26881
6164
9555
31067
26726
32402
25626
1419
3212
20798
25334
1945
24769
17093
19505
31156
19271
25070
28361
15607
32412
21965
22990
22335
4094
10810
18188
17210
22319
16513
6378
1729
31606
14427
28562
872
20966
25885
6482
13651
28898
9008
25154
21579
7393
8641
1832
2832
29295
29881
20376
14577
29045
752
4960
29083
19897
9373
12067
12079
10408
1554
11331
27287
6228
8870
8196
3609
8121
27634
1519
30252
31812
28992
6517
29835
27798
6976
29397
2441
21637
20477
27456
18340
25187
4880
3130
5468
6531
30227
3651
16710
26106
27993
10935
7260
7587
23772
17651
3735
4710
29047
11961
22976
6585
6742
3030
32387
11622
13994
6401
30661
2447
19361
23047
16439
27632
22165
29477
22059
22629
3972
12725
12711
1708
12224
2062
24760
23915
4327
165
15881
7797
14358
27768
30132
10313
8538
20652
19544
28892
24423
22388
23660
7576
25485
18486
15827
23716
487
19177
19376
25446
1494
31426
31867
13894
27309
3087
85
7605
3246
2403
6552
27758
26166
27635
25523
31484
11572
4928
31797
31869
25823
24566
16935
4261
14249
30228
8095
14086
11630
27214
4498
1934
4594
24240
25066
21585
8074
21123
18392
6280
16921
10612
25196
22746
1598
11763
16739
22747
2252
4826
28736
18899
31355
14415
14238
22208
3037
14315
2244
12702
21907
31772
18298
1509
4288
26311
26139
29780
13246
19250
2028
31725
18192
16162
7596
29761
1688
1856
12396
31981
8970
8897
20129
1637
14241
14918
20344
22512
18449
30209
24681
14068
23228
32538
4367
4980
808
12369
20791
24023
28849
14820
5431
27115
21883
15539
5249
809
14763
8354
22135
5691
3799
10815
385
5051
6074
5029
8285
28734
30765
11424
20919
26001
339
17937
5626
22850
3603
27796
12133
3170
971
13921
18529
30858
19266
10352
21522
32284
21983
30433
23852
18379
793
9370
14088
1886
31279
17970
17655
28592
19481
27662
19414
4092
29118
30665
482
29783
31335
24793
20686
12158
32372
11376
32275
12754
10830
7329
11656
4513
30108
23236
29234
10407
23226
8475
24925
10965
8806
10166
23531
6737
6077
22675
493
15549
14439
3850
1136
30140
13582
26216
18841
10930
22036
23515
5877
5068
6277
18318
13834
7745
5962
28948
18226
17367
5280
17162
13993
31656
14281
25080
2020
10278
21249
10873
27428
9821
17844
23196
20812
25208
20206
27273
29167
5511
25619
22632
30638
4223
24528
27518
18113
14466
7505
12953
4563
6241
21429
16815
12563
11104
17855
29378
28552
17721
6606
11782
17060
15203
28175
32070
8221
13203
31985
28292
26104
15236
26073
2528
2279
3572
28184
24251
31956
10479
19994
27675
3006
6479
24287
26705
3780
8068
15279
11226
15743
4497
11274
17284
1941
7767
27103
28113
11403
22038
6142
1952
1499
7217
31950
11274
14151
26161
21827
2955
14700
27661
21515
15970
29338
11689
8456
5690
20963
29084
27907
13065
8306
8502
28063
24377
32031
9666
21899
30470
13888
11016
7420
24359
30145
27414
11867
20144
29559
26432
19258
28727
8625
12902
15757
7733
2064
12405
10519
16048
16537
28464
4386
535
19209
31793
26227
2414
10856
23594
12669
14250
225
1905
11477
12895
7633
4028
25574
21912
12830
21289
10726
7942
7882
24705
32009
21598
4552
28861
10740
26876
25870
6601
17268
26316
29675
7817
17008
24170
23195
26
25116
8840
21529
13402
3184
21137
10804
9642
27353
30859
27621
24562
28462
15938
24032
3814
26853
32163
22889
12680
31367
12390
3433
9966
865
752
21953
30790
20861
3703
7390
1047
12240
32359
31629
28362
9397
9476
2833
31848
29850
17233
7540
14245
15609
2097
20506
2590
15243
2765
11420
10719
5560
17461
19411
40
13393
19530
12082
28017
1921
24027
17497
3755
18177
26126
18152
26569
652
8962
29841
6015
5779
5554
18290
30793
22833
19229
10913
21168
4961
16548
23816
1225
6767
26547
30323
17150
7596
3235
17127
22032
31846
9439
26678
31325
14359
18502
2512
17503
22237
22993
24284
11894
18986
9078
28295
13287
11709
26956
26268
7460
29393
14319
16470
24910
19348
29222
10098
16632
27354
25027
22407
32302
27667
20427
25498
21941
30586
26583
7149
7573
30352
27322
1561
11477
27849
29796
7004
28806
18565
22791
16692
20995
16449
23928
12333
21110
4111
20183
15607
32670
11075
15730
14267
9680
13936
24295
21935
25404
23955
23433
22761
114
23181
2821
27249
12837
16343
25670
23193
10286
23409
9365
15249
3539
17947
29189
2614
24394
29384
32014
22827
14457
21072
25976
12843
256
24421
26234
8605
6521
9928
3620
8297
28158
8124
1018
20491
4588
26812
8930
15590
18663
15465
27200
6874
8479
12998
2655
12312
721
8871
4115
25141
22800
14183
29596
6526
14277
3802
3790
28300
8949
29570
15983
22040
23362
1798
13025
16144
21429
28895
13312
22249
13498
25941
23630
26680
4204
6314
3918
1916
11283
29333
12077
574
747
5618
21927
17501
26152
4279
5161
10147
24118
18474
32563
24987
12613
30033
2305
935
13061
17834
28522
16717
16814
29725
16648
28882
5188
28207
15769
31242
15897
22904
5541
10094
2963
3415
19810
3439
7215
21732
18132
31754
24006
3366
14136
11933
19728
29575
2979
11769
8038
14468
231
6328
14796
10921
29366
17873
6446
3517
9738
30057
4074
29242
4803
1004
31887
8448
28818
21341
24036
28489
2839
24298
26669
3808
8518
11460
32681
11918
21519
4653
15455
32469
26686
32211
23323
28385
24480
15452
16307
13756
11623
27458
27790
31681
2511
3553
4967
14419
10498
30926
9039
6095
22841
1899
30705
32190
19493
20408
3610
30544
3981
18540
24953
12806
31032
5445
22435
19118
2573
28060
23641
2196
3193
20796
4878
22775
29201
32628
16804
7866
13433
25707
22647
10844
15748
28852
15260
28202
6812
3874
12651
17075
32613
11486
6714
20349
23453
1974
21868
27638
2119
14008
30635
3245
20488
8448
13937
4290
22225
22222
11469
924
9406
220
23908
9945
22590
23022
5558
22667
17269
26282
5794
10657
30942
24490
9772
14499
2869
464
28287
9379
1172
14553
20014
11376
22748
22581
32191
19980
22358
22038
11882
31328
24474
15560
1566
12591
23984
17984
7365
6473
20854
22007
24265
26881
25921
17657
30935
13024
22471
13368
12515
27291
15677
22823
20588
13891
23484
30852
1025
24508
9961
885
21508
31344
7893
2775
6830
4420
5666
31955
6995
28876
9064
24754
7911
25018
16854
1266
14786
26525
25885
21401
7840
22472
1161
16585
8940
23695
24945
1941
22590
14522
3282
10515
24354
24371
28727
25010
22299
13058
24028
2254
4071
891
27666
3714
24581
6326
8165
3006
17525
25664
11005
6297
11711
10768
16578
23784
7734
13757
18116
3855
32126
28654
25689
21783
17740
26641
13704
15361
27501
9808
9509
14682
11530
22976
12862
27408
7978
14044
9398
2436
10360
6707
30000
16352
18503
17245
27694
24235
20179
15411
15482
7323
27337
16448
7366
22954
12298
14450
9359
6251
31660
7957
28743
8607
22850
24578
20658
1540
19806
2324
2449
29293
10580
24284
25470
2583
19520
10646
5399
15163
30026
20059
18270
16864
2856
2200
14688
19699
31973
22462
18197
31129
8161
30011
22408
6340
12058
26282
30263
29445
20393
70
7101
32417
16016
27557
27054
15334
2994
1699
24003
11199
1571
11932
16439
5255
15778
19422
20848
2331
15716
12637
31458
26163
25620
9385
1841
14834
32023
8734
9621
18875
32532
12634
15491
10823
5044
24053
20362
7668
19622
10348
31867
11616
10727
861
21452
11831
21824
12538
4158
11337
14096
5304
29118
26848
18507
19783
16265
25680
17859
10951
13716
9679
10406
21817
24875
13703
2120
14131
12504
31978
18723
216
15238
326
15645
22280
742
11417
6409
724
13586
6310
25455
13621
12657
4168
16528
13053
21722
15111
16293
32013
20732
9961
3432
18633
4861
9354
12245
23753
32097
10607
12082
9681
31022
11416
20557
6148
8781
12628
17413
12372
4916
29786
28683
10813
5058
28436
13546
15795
12138
9534
21829
31065
30356
28848
25184
3315
28480
16248
20963
6174
30957
30764
8410
20799
10169
30847
10239
6329
23241
25105
1340
19555
4587
10636
15980
28473
18042
7148
354
31057
19331
19998
9516
25617
31013
10957
20632
18080
10046
4729
27128
5786
15172
16841
13347
24840
19824
29218
15548
3983
10530
26744
32695
3559
11393
26212
25624
25487
19297
12663
30206
5567
14699
9423
481
26015
32631
231
29976
16054
61
28083
10142
27045
12333
25325
29461
22293
1179
27306
15115
5870
24095
29232
19069
20425
29244
7435
10905
19113
30783
20062
22216
26341
7530
23672
29164
2665
1106
8871
24806
25119
21382
25937
28252
1703
6001
15424
23481
22862
31618
30526
885
11582
7818
12514
28822
4338
1637
937
3959
19437
30428
5448
23496
25772
12234
27713
12246
17113
22142
17333
6412
16833
3681
20857
21946
18184
1240
12908
24598
12699
29804
28935
10881
13543
25385
23093
28939
29769
8259
5221
17464
29381
17664
11486
12549
11002
15569
3923
10790
25429
6338
7096
5778
4742
12821
20052
10561
26672
24618
11798
26164
19941
17827
29996
30903
29777
30917
10194
16099
16565
2848
3432
11878
11928
13426
16328
30343
31161
9417
17622
868
9287
16872
26201
18046
11604
21484
15369
26744
2952
25903
7144
18460
16402
22893
25814
27295
5604
37
22368
16678
24864
9794
28890
26504
21197
27387
31917
16470
13519
23544
20465
4633
8726
7350
25407
2522
3861
7468
16064
18152
13942
9135
27786
21461
15884
11795
25901
12482
10249
28179
10888
21212
25713
25842
1250
15655
5838
25187
5686
5755
25638
27303
14285
24780
23850
18421
22034
13742
22704
19230
16035
11287
21091
32625
5284
19303
8633
21980
24408
12199
7462
2901
26354
17166
32144
20088
21416
12490
5634
26738
17162
29949
13220
27933
18322
11781
14827
13932
1660
4864
20237
12042
26583
13199
11448
12350
3293
25819
26883
30482
128
32726
19365
29876
22085
21700
868
32284
11093
30713
20433
7919
15826
19428
29491
5028
3687
27724
193
12005
16419
24282
23316
11832
10887
11480
30427
16862
20957
19000
13777
19451
14796
28120
28140
6904
17962
16132
28887
8998
7697
31805
10147
31652
17717
32568
5818
8834
24436
16938
24084
19494
21167
19011
2477
16879
15065
7032
17974
5145
25677
6534
19978
8929
16485
31284
8805
17129
2120
11480
25808
221
515
23324
25824
18519
7132
26370
13856
29184
20962
2598
25164
31993
4553
31300
3008
30585
4341
14073
5167
23223
18645
25806
7064
24074
3442
22898
27510
1358
29256
15687
8760
28299
29012
26144
13040
8913
2158
20298
3407
28262
16601
21193
465
1060
21785
2019
13877
28700
26884
27363
15920
7551
2076
12823
11362
29631
24092
29723
12169
20209
24017
857
4085
22390
18987
8913
8508
31962
21908
30742
31790
6140
19328
24217
5387
30831
30790
42
500
24865
17198
22204
1440
14394
11979
31593
12880
28231
13195
26294
14597
24728
10380
1559
14576
15078
11953
19126
9002
7226
20982
5488
1701
777
21760
9248
22627
17572
23289
25633
3045
5072
25498
19982
4071
23216
19849
11980
842
27628
21222
459
13906
20236
13344
16520
19473
11301
1294
19287
4131
6840
20539
20319
21660
22487
1153
19942
27711
10121
24793
10447
5361
25968
21105
22624
26221
2217
30975
11849
6456
7924
17750
18914
14808
789
26166
8629
7233
21114
30569
17980
9104
26141
9995
16876
12795
21164
17706
14962
21768
13288
29071
14140
510
18251
23514
12603
30361
6637
18901
20455
4610
19880
22530
30596
14846
14714
10358
3236
8294
26924
29674
4334
31959
16433
12560
32029
3754
17361
17955
31820
31527
20615
30914
27760
23541
16039
4094
18470
4565
14915
23730
23983
12177
21072
7187
30520
4398
773
26759
22623
29545
16260
11451
13556
8034
16060
19695
1276
32402
3982
31381
23036
11010
14382
26139
6516
20415
25805
17157
16553
28041
26997
21054
5543
22475
6964
26288
27015
32208
17532
6162
20462
21555
14538
6145
28630
29335
19334
23891
20881
14745
11818
6568
19978
5379
31143
11585
847
11842
26373
3350
29260
8987
31561
20258
10713
5273
10907
20738
8952
8778
13992
11454
12887
9643
19526
28647
13085
16864
9302
18658
20195
7080
11247
7811
1791
19857
30649
17886
25353
27752
1686
19033
26776
12276
6024
31750
16461
5092
5839
14384
11283
1285
26193
8244
12964
28344
1343
12946
9296
15524
23286
31300
23802
9384
10531
18511
26467
19731
26923
11159
26027
8984
6346
6903
25364
30076
14842
1425
29450
10130
2582
15715
16736
4201
13375
28700
30685
23108
767
8749
7415
30282
21804
24610
20446
30847
23055
6707
1468
28659
22726
24086
11323
3898
1767
25368
21833
14619
12902
7276
20504
17804
17081
17859
21352
4831
21817
7709
7432
14134
30924
17630
10906
26172
19649
27940
28568
24343
1787
23384
11412
30360
9554
24835
19396
4533
20022
19171
26301
9274
9365
30015
22911
1979
4863
31351
1714
16077
21001
12255
12591
30838
11759
25805
3778
26593
20349
6129
30766
17494
3119
5861
23154
1386
407
15365
19787
12147
32767
16001
29434
17471
2128
18609
1351
11270
24882
18600
13254
10908
1909
12043
14169
13547
32176
4132
16118
15009
16167
23346
6571
14374
23026
7171
16863
9425
29788
31429
11738
4443
16778
28186
2440
2708
10589
21354
15737
5204
10136
24957
26413
20661
9798
10569
9871
10111
22358
6408
25791
484
20873
13710
30740
28270
29838
32218
18786
16693
22635
11499
24184
1109
19486
19925
28141
19615
10116
22035
24605
18063
29819
14879
24942
3966
13123
12352
27096
12057
15915
5539
23972
17682
4201
10670
11123
16150
29769
5009
2947
11006
23690
26142
17454
31049
27908
5594
6067
17354
30351
5460
16185
27806
27169
2997
5905
10593
1846
22937
24636
20129
18805
24605
15149
28563
22928
15929
16335
9733
1388
30801
22218
5780
898
15878
14339
1311
1413
16978
12897
3452
24132
22996
8407
21609
16083
21352
12447
17605
20197
16123
23747
11520
9341
5790
17122
20688
24262
32216
13617
17189
26686
2881
11712
7264
9242
20556
1791
24767
2791
4965
7552
11036
31341
28732
16126
28632
15576
21088
2719
27666
2842
32271
9846
5404
3723
6989
28236
7215
9682
30515
32672
23133
28937
28554
18156
14536
26908
15512
29226
26898
1650
3386
27799
532
15056
10547
18359
21715
17018
3524
13721
3503
4251
14461
30812
30174
23270
5202
27378
26905
2174
15601
1828
21397
2067
3155
3286
19509
20814
9873
11917
7934
5488
30714
26414
23499
25398
22882
23817
15682
16895
20156
30229
31750
2096
5100
381
25134
28888
27606
6748
13047
13456
26043
10181
15029
10662
3269
7687
6928
12154
13792
25903
10092
26919
24524
2254
26025
2918
22896
5372
1805
16816
8818
17564
28030
28323
14852
25826
4341
19367
20481
4627
22831
11217
3128
12684
16294
26120
24584
19718
19903
10854
5677
13080
19269
18144
5337
253
12566
7978
1542
31128
13340
23509
23051
19893
31871
5307
22638
14738
23833
31388
13050
7070
7979
17417
20241
26752
13902
24961
14659
8283
28844
15579
30495
10577
30575
2019
11080
13126
13178
24136
16332
2278
27223
16054
2738
29161
10097
7999
8402
2709
17796
8447
19178
13445
11345
9984
20717
1194
5782
21595
3998
21135
29757
13728
3166
19681
15572
6520
31554
14126
17981
23689
27497
13549
29607
11418
3469
17855
20669
1784
18647
22260
27932
30232
4600
3665
3083
21117
14453
12816
31846
2780
7746
21033
11484
14207
3475
5840
20571
31975
8431
22591
9927
437
29062
25525
15858
31691
32708
4543
16073
6318
2598
4534
6859
17710
17997
3721
11712
6218
12369
4284
10151
25934
25687
16817
21232
14654
13926
29735
2795
18295
31862
5632
30337
2452
16074
28487
23330
5775
17024
21105
7166
29992
8807
8675
14712
28043
27152
20149
25815
7725
26408
13494
31807
22519
9476
30640
737
1446
18046
17901
26990
8818
12800
9209
15057
1005
17374
9642
285
31535
31465
14430
30404
4400
21313
25220
22539
25205
17258
7262
26810
24047
4002
9732
536
27424
26482
32429
15638
15231
388
24874
3275
19230
10676
27059
23840
21642
30057
18662
2509
15346
4646
10253
16772
13708
25180
8864
10603
11061
23683
30987
21712
9560
24680
24752
25881
15120
30409
5424
26105
19857
12063
3814
14826
4804
4027
693
10967
13105
19476
3844
29464
32546
13664
14854
21156
32517
6497
9535
1154
25363
898
6724
10369
5679
5154
21698
29993
30737
25136
11713
17905
675
6904
3114
22963
24235
21564
16007
21852
11179
17543
8715
24296
32517
21950
15058
25742
24163
17912
8553
25655
14678
19087
27025
18229
9790
27000
26176
9778
26217
31951
28393
2406
30079
5302
2557
30990
10269
11104
8370
29209
7616
24425
8195
4900
2533
10345
11000
5544
6254
14792
16935
26482
29000
2004
1147
30804
8011
8976
27956
4123
24161
24015
13103
16576
5355
28674
11624
18659
31840
3407
24765
31348
15671
8547
6901
31156
520
9864
16128
26716
17902
19066
9856
20763
25135
21878
15497
26438
7967
1941
13733
28364
19521
24664
2332
24680
9136
1156
3954
7706
31933
13872
27184
19415
4570
4892
6376
8320
23991
3396
24435
17169
21418
20917
24957
2075
30548
4512
5956
9076
6018
25005
32668
8748
12369
9105
13111
16580
14486
11747
15651
29083
24188
9771
23700
10153
30575
16701
5092
14703
10041
24005
10456
28718
619
11554
31269
5976
12287
24184
20018
8260
20027
32768
32544
11813
7897
2723
10248
7741
15972
19400
14211
24654
27365
8554
2928
13138
7615
15469
31217
6763
31960
23858
27575
7709
26361
15977
27520
11707
8056
8742
20189
13599
23828
13623
23609
15006
16416
15542
4631
6460
29668
16858
29595
11035
32576
12306
32332
30778
2194
6485
11544
15708
4314
5299
11417
24389
27164
27441
9366
7724
27910
1747
15053
7534
12755
22522
13039
4992
20591
9456
20461
13863
27612
30658
23154
14059
3284
7758
28848
25545
4016
28828
864
16424
10632
20850
9220
10766
18588
7458
2160
24468
21490
31399
26504
30871
3649
17136
4939
10417
8206
29308
29713
23911
3349
22823
18704
3236
6378
31812
21029
18279
24288
24299
18130
25784
8490
9364
16003
22752
4928
16869
28181
3289
9093
12233
24216
18948
2086
21698
340
3610
4933
6272
17675
23397
4695
21938
4222
22832
15562
7708
17970
22652
30187
1258
13684
4340
26120
25412
7323
10787
11985
19234
8333
25829
16132
7266
23941
31003
2378
28696
29971
31651
8796
20005
15716
24712
2665
24843
30147
28021
9660
7167
9312
12400
10394
1856
336
20164
31337
9896
4822
16447
21528
11904
24289
19102
7610
31385
21973
20806
20340
31640
23182
19765
22938
3730
2979
311
22549
29401
12775
15965
5384
21013
30774
19627
7859
3734
20590
19473
29847
19432
10683
8605
4058
26024
23576
17646
19182
18583
27922
492
27758
25069
4559
694
22856
6384
4688
13788
12833
1732
29171
25807
24565
24709
316
3733
21502
18323
15572
23233
32472
29741
7634
14499
17122
28226
16186
32444
26087
18563
31939
7796
17918
4541
28382
16400
21934
28774
26611
23262
9046
7286
22254
7602
28620
11128
13050
15254
6213
25312
21644
28862
22389
1183
24484
21434
8695
18933
9040
18159
8686
134
4721
7752
5613
32177
14785
19753
5908
23581
22293
12453
2684
14228
30176
18928
16854
23317
13561
32023
3918
5412
6558
10222
20662
9829
5048
9546
13792
32361
5984
4209
17995
15048
28579
23759
27138
7280
11906
5611
31170
26428
24125
23449
6747
24521
22482
28272
26456
23429
25280
24702
12514
5896
528
15931
20706
18088
4758
17340
23398
5447
7797
29225
11846
1392
2529
6513
9223
26787
32041
10812
28159
24812
12276
25634
22970
8378
31178
13338
1437
23791
19415
22325
18633
9524
30700
5516
21059
5775
26823
10614
17233
7223
12180
9983
18727
12967
2740
30614
31170
24817
18876
15878
30741
23637
12993
13992
9059
2578
19667
26582
21996
21372
13255
13986
30411
79
22842
13256
25375
2883
22226
13538
29289
9440
13767
3547
6709
22676
20386
32422
29949
2051
11333
10544
12362
12446
300
9107
9756
12151
13810
31372
9612
30547
4631
14383
11952
27905
30720
17113
9663
24043
20799
10343
16757
17643
4117
10661
14521
20832
27189
6665
29566
25728
12491
26530
17127
30960
27069
24395
25774
10386
3633
292
21958
17566
4687
31043
14399
13300
6728
4262
20587
2992
151
10860
23871
5631
4487
8517
20475
15154
8181
6440
9998
273
22359
6468
28723
5234
28413
568
13793
4362
8855
13446
23522
31618
5112
31557
12097
8653
31257
3863
11626
21946
16737
17755
18061
13765
291
16292
8003
30771
27241
12137
5492
27742
5104
510
3192
9805
18291
2242
17532
2183
13356
29083
16680
8233
10905
9119
895
1847
17788
21524
6918
16688
9253
26523
21032
17893
6643
29608
31193
11914
30489
29749
6266
14606
20126
2488
32764
5544
23976
21330
3913
12979
30713
14665
8927
31419
7610
15288
30910
14552
7799
6533
2949
5946
28012
25492
10456
27654
2815
20538
18180
18529
10125
25333
24038
32201
25449
15450
18185
3500
20514
9806
26894
14131
5893
12409
12881
5983
26851
28920
9929
3928
6933
15698
1328
25858
5564
28590
18276
20944
30541
3139
526
29661
4430
23311
26497
21817
8794
18892
29157
32128
29035
10784
30868
16818
11865
8212
13508
17982
15261
21703
31079
26464
17755
16740
8783
31661
18848
9809
32406
9453
30184
681
14909
9000
32227
8173
2835
24068
20344
1526
9432
6222
18443
27438
14499
470
20219
29952
897
7040
31087
23693
12383
8600
6995
19361
4394
28774
27037
1509
29492
5890
4565
12886
4826
3178
27348
22773
29284
15058
8908
26816
6188
21819
3720
23010
30723
11079
32245
16423
3024
28492
14818
25010
24442
8871
3844
9714
5128
7251
2621
28882
7687
23994
18973
15920
17196
10698
2474
4497
6971
4684
18524
3603
6183
28529
13164
19107
22907
30126
13391
13935
20216
24010
18557
8606
28288
21302
1654
15935
307
7324
29703
11648
19415
12986
4553
27937
5757
14705
16364
14632
22369
3865
24626
13781
1299
26136
22846
30168
21460
7347
24335
12482
25155
18212
9416
15802
6457
8172
23474
9841
17137
21098
9091
26200
7532
21421
20449
10768
27667
15751
10018
8993
19615
24546
32342
17392
21302
31831
22151
30699
12758
24573
24383
11271
28407
20351
587
15212
28524
31090
23743
5230
22411
25317
18746
10688
1933
569
24427
996
14136
31795
3284
1766
29883
14159
10958
16458
2777
14679
13774
20803
4681
821
2534
18726
12893
24326
18575
1053
21731
21615
19365
25120
20809
14132
18867
27169
21252
1030
3953
11655
32561
32669
29323
32734
7549
19463
24996
22221
18499
26688
13723
26184
26613
19970
10253
19718
32189
8670
4891
25910
356
10636
24173
3438
22130
31872
15734
32228
7319
8893
8954
32224
24393
5614
3534
3441
26799
22707
4832
22368
15294
6201
18551
32610
31138
3085
30395
8337
13919
2098
12663
4125
184
30065
16158
14399
8528
9200
28940
8047
21775
11270
20751
28631
1735
20814
18470
4871
19479
7162
8840
13802
10640
7274
5352
18681
25111
3326
9976
20654
21898
17960
10028
6716
12967
14533
3008
10365
41
25261
25852
27948
16691
29064
17591
8788
14578
2020
16154
22536
4479
22661
26790
2645
27138
3068
30072
21365
4125
9340
24012
3653
26760
21480
11201
31994
19192
30768
22108
18447
21830
12766
19918
27009
31181
18668
7418
22591
19732
21465
17458
2012
22189
21756
12609
4232
26972
16919
30895
4926
18044
10799
13376
11839
4255
28059
10942
5566
20853
15452
9464
9437
5871
20140
5131
31448
27555
3033
27872
30848
11891
4948
23798
12780
3433
23557
15458
10347
10214
24034
24852
24764
7164
31168
14171
10626
792
4969
17324
9714
8676
4590
29087
28879
20331
14911
21562
27544
22399
6136
15218
3584
23639
26750
17135
18846
31613
15435
15888
21990
14824
17030
9519
30808
31588
29399
26662
7415
2363
2425
18961
21245
27662
2449
10838
461
7428
14782
24291
27177
21031
20209
951
18341
27146
14719
25508
9819
15023
18548
24147
16609
18345
5931
28552
31352
9086
31003
15271
18822
79
22516
17784
9799
13243
14315
12583
20927
12800
22097
14479
2291
17507
5739
13495
30808
32467
12414
24733
908
14537
22313
14643
13636
3442
18167
7848
27526
10000
29749
6888
5144
22942
19201
29030
3384
20658
13732
23577
32397
21672
23842
6596
15966
27389
22543
12667
5890
22009
15267
3939
151
14225
17169
24249
8951
23435
277
17686
13288
27875
20428
25329
1427
6766
29385
15717
22840
28349
8037
30004
18975
24388
24406
28429
25810
22203
388
20746
16009
16069
3352
31101
8422
19664
27349
21228
7650
5692
14507
10586
8200
12223
31625
25800
19169
23560
9076
19708
16303
3490
5590
14977
6749
16412
12824
22767
15031
27751
1138
24173
11735
7295
6914
23667
19423
25165
12572
3541
24046
13773
9442
17917
24652
32364
27412
25975
13544
19380
29993
30644
23045
298
15774
24071
31024
31095
28302
11252
25205
25799
22147
6314
18386
26223
8076
10702
19692
13778
31887
31610
16129
18053
16609
18822
2334
15281
5652
7686
14482
10937
17424
18707
9634
28957
16229
1487
5246
8607
29152
28835
25204
19620
29021
13003
4964
10204
6363
1813
21364
22821
14294
31717
16644
26797
19409
5757
4837
7767
30770
15227
28357
20065
12370
163
1006
22851
18389
19423
15921
25306
23863
25476
9500
1221
21160
21463
15220
16
18714
19920
29407
12815
20888
25374
2016
20621
18649
17258
23048
12583
4373
24288
5227
8178
7703
4588
14930
2404
1940
15937
27695
31601
5563
29984
30934
16884
31757
5847
3817
8785
13935
2952
8852
31320
15485
31019
23419
18029
32546
6870
7921
21222
25701
7484
2667
7349
13702
9333
29236
9543
13130
24317
14434
15788
17555
18942
4104
3319
29491
2770
173
21992
11010
451
15869
16328
28463
31254
10175
9877
31187
6985
1543
13919
31180
32664
21933
22002
25288
5062
14589
9397
928
9241
24752
4050
22248
15015
284
17047
16836
13008
10151
30237
13564
9740
1153
25639
25683
5607
31891
24908
2069
30537
6066
25177
23792
763
7961
28913
22020
28519
22
21366
13629
30623
18179
27693
32225
21409
18040
5020
30053
1498
16063
29239
9861
8680
6536
7484
6804
28836
3550
31452
15632
5472
16474
12699
7545
6253
13207
9977
867
31457
7397
20818
2251
14230
28994
24835
11943
21878
16006
1230
8128
28406
9437
19840
5572
21217
1146
29904
5271
8791
13194
2955
28651
4117
20583
21230
20240
9463
1039
17747
8973
11706
18644
4625
17135
13831
2389
4253
8801
13485
11180
28405
22141
19759
23785
7998
23778
19070
12480
18603
22791
14087
27006
16290
15311
13808
31809
18714
2397
415
9577
11592
12585
13181
8522
23930
11347
14585
23843
12611
22072
6607
13396
32472
13124
29578
3531
4794
6663
20039
28096
19093
29322
11965
20386
22376
32739
2426
23633
27367
26631
31599
20621
21534
28128
27567
10159
20310
4511
31348
24214
3388
2900
24931
25317
13632
21435
10513
620
26428
12121
22469
28387
86
28616
32128
10718
10023
24400
16698
27901
25373
2743
21359
25187
17181
23897
27098
16746
22381
17275
10369
9109
722
18140
7153
9671
26357
22925
10443
10674
28683
17155
5247
19345
17333
25451
2904
24602
5925
16701
18361
3758
12419
5396
16038
23508
6031
18365
30085
14309
14727
5773
25894
26121
1099
20984
3586
20321
15551
27232
8640
5766
5233
16171
26110
32563
17020
25624
13389
32318
9132
20691
15229
1485
9698
11975
26140
25030
698
14643
2617
14471
3436
25472
18029
984
6128
14802
12317
5661
13158
12253
14073
32721
20404
20986
25032
26927
32369
3193
18536
13362
23810
32057
28432
31424
27138
887
26329
15650
18920
484
22397
21688
16099
1786
22110
32491
22537
20367
11978
5218
7089
22443
32637
16505
12573
28055
20839
19695
19805
31542
2992
21982
26479
31128
26874
31217
30635
17101
20966
23249
18015
13815
16601
480
3510
24995
4864
32042
29406
10330
27281
18585
6761
4978
1620
22376
23540
18474
12899
20953
22791
21239
13870
23339
31549
15640
25537
29638
7589
8304
11338
19386
25959
11669
24021
6503
3499
22565
28251
18557
10934
7513
30715
5416
10326
6364
19079
26500
1921
23517
13890
855
7993
14947
29672
24575
25778
736
19951
15529
32439
21514
28429
17604
10314
1254
31226
22710
9867
21285
20087
20173
21979
19380
8079
16504
4672
8591
16157
14263
32523
26326
17038
20688
29113
23586
25832
9284
1048
18969
18955
3329
4523
6464
1848
7897
9294
7185
5327
24883
5149
16206
3421
8704
24211
5268
24021
29937
30959
27443
19230
13031
8668
27453
28878
3500
30288
26333
7478
3040
19893
21994
11934
310
8519
12220
21969
22240
701
5951
25053
14407
26155
3397
30996
30720
17191
7457
25430
16635
20779
14193
18835
26622
25402
12091
3723
29010
9926
3388
9432
7869
18898
11644
1583
6576
19540
23334
12259
3520
221
24215
18602
18266
123
12725
21412
10931
5599
20098
5273
5887
25531
19441
2435
2531
19054
15608
7500
5932
20707
1510
30680
2241
5302
7159
3910
15062
1433
25381
24179
2147
28663
7746
25792
23509
6871
9540
21270
14339
32002
21984
2599
19811
19816
29274
19958
28542
29376
25243
21145
32417
5743
2948
1597
6614
24235
12418
15468
11538
5088
4962
7819
12208
13650
18023
1447
10014
16645
25754
8561
16855
13018
9314
4230
7825
32506
30804
19956
5047
2935
12876
6138
2841
27953
23741
13328
17891
27639
15941
13351
7371
4591
15237
8498
4239
19000
2863
12005
16031
21197
28768
23741
3606
1453
28465
10304
10479
15673
12169
13446
5494
22493
565
2808
1020
7922
15418
22872
9423
5347
23657
20738
6762
28303
12085
2929
23528
15343
25794
6148
7103
1017
19774
5890
1706
22468
12148
1501
28391
8428
28062
8371
14243
12088
27771
32026
5299
18810
28834
16925
29316
17847
26134
8578
6741
27784
17946
30287
26275
11200
3911
11404
7141
23631
987
22089
14714
8039
8788
4579
22240
5853
3134
9604
24870
31953
20297
29673
19620
24209
17566
11880
3817
32443
31347
26673
29941
8866
23517
28372
10665
20211
2790
3075
123
14233
8416
5273
22638
26333
18681
26844
11074
24530
26895
18943
7399
16368
19653
10476
7992
9215
1750
21056
32230
21559
31913
7062
26290
31653
20518
30216
16864
28368
7113
2547
28392
17821
13556
16379
14702
19568
26762
23375
6772
4244
26041
2350
6607
3037
19223
2475
25559
13195
2545
21933
26467
28274
5087
26169
4085
13912
1692
244
28721
26783
18965
11747
28820
2596
21696
14966
22114
614
2607
28101
14048
4587
26597
21017
10948
2015
29800
14254
21994
31487
9368
21687
5960
2485
11070
9891
29988
25988
26344
30879
6532
11687
25077
13148
29415
23797
6380
23058
19762
20232
31506
22725
30445
8350
22843
1991
18095
28479
14048
2174
5335
15393
12658
24423
32125
30280
29166
28507
32425
28657
23730
14865
18114
17201
29583
2533
18249
27098
7711
26839
24519
3230
19544
2263
13571
19831
10082
320
2169
4422
17574
1442
9224
3258
3880
31172
11755
6259
23318
1769
30954
4199
22433
5715
9425
17029
21259
21766
8994
12441
1281
9422
29703
10608
21292
7811
12170
32060
17411
2444
12040
20793
5091
27810
27363
22161
8289
7126
24696
26750
7647
26582
5201
21934
19293
21100
1179
22763
6290
27719
8154
1275
29243
16382
5083
10181
10420
28242
2282
26806
9413
24500
7494
9827
24254
12039
13522
22384
19398
12710
28941
29360
13680
16553
25924
8845
12175
10084
23303
18347
8268
23345
15065
3784
3701
24688
27947
7655
10776
203
18316
7341
17233
14015
23066
7179
9056
29271
12604
8477
31742
6971
24467
22354
24818
29674
25645
11726
32735
16964
16636
25612
2656
24907
21895
18888
1622
8234
20960
13852
30849
4727
21974
31209
7502
13749
4203
20856
9200
4125
29577
6497
8114
11422
20464
19116
9100
6178
28019
567
15348
17427
29540
5975
15094
29213
13645
1474
2695
3382
14304
11949
30999
5084
561
13617
13413
30622
3875
31219
26263
5598
29472
31236
10634
11733
2574
5382
17511
30680
16766
32401
26487
16857
21286
24277
23096
13616
913
26240
20400
10652
14613
23010
21761
10628
32518
22350
3646
2947
18729
23748
13693
17700
2923
20686
4141
23274
31187
4776
20138
4500
1206
21923
2575
17566
25898
19403
21580
1547
19900
25544
3704
27490
4966
7682
31080
11255
25275
15625
13440
29803
21861
21811
7881
4982
31697
32647
20036
25572
12073
13273
4478
6110
16259
3639
12133
18795
21080
900
22874
29751
1335
18787
903
15506
10426
30039
6003
10171
10170
5928
13523
10591
28351
21128
29860
10845
26554
15350
25206
27852
24055
31971
8203
28991
24141
787
26400
16711
26520
16199
23947
17210
32617
14105
28550
31539
32507
28199
9291
23898
11369
27251
8417
5478
29727
22538
19765
26464
22158
4068
20332
3497
24101
1548
20856
14398
12668
25344
17641
4411
5586
19547
6406
27294
30137
8369
5917
31054
16400
10939
22807
16732
13106
4020
3663
6024
26733
32002
677
23559
13238
22809
7118
21123
11162
31645
16622
15204
28024
12486
24680
4686
29166
3081
2036
5610
1425
19957
17139
31978
14817
24923
13056
31815
25212
13233
5832
717
29329
27832
13083
19930
20120
18781
21059
15203
26176
7645
19860
32055
10921
17197
21828
4488
13524
29593
27261
9383
12376
23211
16305
16399
24150
23630
29486
27301
17582
22323
22514
7742
23923
26228
16576
13922
23197
26232
371
15440
20990
16662
6803
13377
25976
17661
17190
20465
15212
3155
17608
10844
23413
13980
24062
28869
17239
31198
7880
7421
18482
20226
29557
9442
6140
15742
20923
17190
28461
2609
15367
15698
22204
19854
3858
19210
32331
13565
19893
658
1695
29566
24318
28305
20562
9616
29315
12565
8908
11345
32502
22488
16239
17382
3834
17858
13586
22813
20533
21934
1969
25169
6311
6769
98
16271
22074
24600
14731
26102
7322
21106
15187
23140
17734
27855
15446
16207
21992
5894
23197
31216
8418
5053
24781
12967
21545
9188
27550
13467
27222
899
911
28833
12794
9142
32473
10079
24370
17909
16289
32433
23420
23705
8817
1611
18377
21660
12521
28576
25812
11425
27826
32003
21937
32052
18100
27660
28841
22098
5769
24382
4677
5676
9777
2790
9897
7464
9735
10566
23843
809
7411
31219
14852
12816
10466
20604
31407
2435
9075
30284
32751
28653
32499
25554
12942
29893
28556
5343
5667
26644
13497
31823
32299
2865
5885
23275
6491
16079
28117
32142
18229
21050
16875
9863
27610
22494
24460
9791
13855
8969
27996
26396
3042
21234
23369
28836
4255
3833
15805
9702
31294
22576
26904
17173
10287
5147
24925
24183
12473
13492
29227
28797
22671
8626
752
10036
10405
18187
31577
2268
5697
27832
19469
10709
29013
15288
28570
31171
3340
5207
30639
27626
22179
6576
31373
32474
20090
5745
29880
26449
5995
7902
29426
25181
4186
5145
6249
29377
11277
27808
21808
3482
31550
26135
24812
31298
7407
1096
19920
26997
2302
360
18379
1970
26873
5019
21503
3812
29491
11195
9334
6978
31768
4437
21520
18292
12733
32757
7872
21495
13756
10660
27128
24002
2366
17070
12642
26666
32601
31401
11217
15875
10653
1714
15479
28168
29417
8442
1112
26237
23683
8578
10238
29714
4456
5154
7535
10251
17377
28624
5724
27038
2391
21279
23195
13980
10344
27142
9944
22356
3387
24803
25479
2485
22544
2239
18460
26546
14875
4308
15999
3307
5266
31052
6842
16265
3589
9036
31477
8297
4590
8753
25509
9854
28297
12826
27648
26992
1253
30630
3764
32649
16187
27903
29400
29394
16768
8215
16675
4473
2102
9777
22876
7542
27015
26788
31761
8046
11412
11995
15500
24792
11019
2465
20227
20830
12535
923
1807
23430
3805
15126
6751
27793
4612
18692
31662
13220
22292
6464
25074
23589
10979
6170
20439
18280
28043
22799
12139
2443
11200
6872
22043
11678
25184
19623
1246
1287
8268
30893
14512
1573
31351
14303
24386
32308
1596
4858
17392
6769
19957
29892
18675
3198
29641
4501
16600
19975
30405
26647
31792
18342
20014
16202
24458
24324
20246
17867
5534
12354
4142
13909
12747
30359
16347
9608
22212
26682
8332
23785
13702
2434
8010
26411
30861
15179
14481
12717
28487
2205
8030
26435
3529
30600
23177
26681
5313
24914
19541
917
30123
5589
22598
21917
18248
20002
6962
28569
24140
12906
27035
11482
24151
30495
2108
22779
22311
21846
21218
2919
16908
25200
17789
23579
29596
2809
7031
21934
21927
13520
31044
18574
32110
19592
21563
25484
29199
16911
3236
13723
14148
14477
28178
31956
28749
28047
2547
26302
12075
7013
8293
9677
17423
23240
2891
40
8466
18369
24480
15279
9766
28102
14604
2877
26957
16165
25525
24874
20233
7078
22616
19221
1811
10859
16024
15072
16719
2844
27030
24827
12032
8769
705
31718
9273
1263
22256
16625
28052
18343
31150
16967
11813
13435
13012
30250
22961
11378
27230
17280
7964
14382
1655
14223
22305
3020
28630
18693
19270
524
12365
19515
26894
21170
24479
31930
13680
2092
21139
16383
5256
30836
16454
1403
14733
17720
20933
26590
21251
10041
20443
29589
18225
2289
25384
13969
5334
13432
6771
32075
11288
6312
11074
24837
21437
27008
8359
2898
28317
8134
27740
21208
13655
7152
3602
5461
14404
28741
17671
29408
15785
5696
32727
20082
20529
4917
32404
14244
4506
20534
23320
8634
9646
10552
27546
3041
18805
30578
13184
32437
27305
6918
22132
774
21354
18403
16826
30172
15923
6634
32705
23992
26125
13392
27128
9501
26370
28739
11490
24143
725
24272
21101
29787
7664
8708
18048
27991
2206
24913
2515
8683
26746
23860
1795
3601
22056
26133
15846
7960
834
14959
14620
8943
31893
4144
486
15520
23694
19811
1595
539
495
13324
9497
10037
7878
1363
21786
23024
13216
24549
6471
13309
19194
23960
14384
25983
2296
13390
26941
32018
25434
24091
27711
28940
5547
3242
16202
19971
9659
27612
26311
11919
3152
30643
31685
24656
22041
26991
29840
23091
20707
32758
23429
26610
6415
10105
26660
11994
6980
17493
11879
28625
24161
9527
22610
10903
10678
24708
7628
1612
23411
8440
28333
9011
864
9613
792
14773
5583
30878
17931
10921
19152
8780
20020
25810
32163
23073
22791
17321
8307
31731
31757
19293
6209
17419
127
26137
5406
5767
7443
1669
15005
22013
534
21391
11400
3425
27579
16747
21458
28969
11955
15320
28621
31662
29437
17830
18333
10454
4352
12661
4077
5360
17623
22463
22752
735
11244
28185
6218
3451
16584
25525
9249
2100
18729
26412
12590
21241
27221
31098
10760
9560
22447
12874
29251
5350
20360
6517
27109
23265
23095
14789
17689
7444
32620
20734
3112
15867
26049
16671
22436
30760
4242
9957
7399
18661
12303
14737
7868
28187
14223
22507
22107
31602
11816
26247
26779
19130
28028
25415
31587
19338
17109
21025
32609
30246
9845
26402
16895
26022
32039
4531
23443
23893
6170
19740
19926
15704
26351
23110
26264
10896
4113
18117
15026
28097
25413
25877
19771
19955
23170
6692
14079
27160
7426
9233
25132
22000
14489
15924
11855
32298
1350
18014
4223
6092
26376
18274
984
7892
25074
3284
24108
10271
13442
9232
23796
2699
27695
28286
32397
9049
10305
10517
31649
14805
32485
3358
29923
17976
14465
28219
10495
8141
21829
31143
18128
22099
4355
31423
12244
15011
22848
18626
16094
23186
27019
16853
26379
29721
525
30538
16119
9139
27746
28449
19505
20999
17063
7887
8940
9415
11476
831
11767
30424
2124
31255
13039
7091
11699
16444
26291
29195
18688
14744
9752
2480
30675
26139
9950
24755
8712
10239
13539
31691
16524
16209
20375
24055
1647
7853
15280
9061
8251
32073
23839
17299
32133
18996
27970
16052
22721
25824
24923
14933
29019
16095
5441
20800
11267
19178
3669
6816
3400
23847
27320
11367
17000
24748
20667
7405
11366
1599
29335
18393
8542
20575
31327
23109
22550
8329
29234
27165
12757
10676
31925
7368
22136
27678
29120
8459
22210
7754
13144
42
18676
10057
20190
2640
5021
3642
16005
25136
23220
781
24330
27629
17124
25740
28063
9015
32551
26523
8744
7352
23702
17342
14761
13998
16512
2269
1279
15577
19641
580
20431
919
7732
19182
13245
15950
22996
30467
11230
5386
31616
30367
31855
15719
7030
5589
17095
6834
7649
15860
16778
10571
173
23560
15648
14669
15258
4260
31845
15473
26255
3295
16802
11056
6706
16541
20413
17704
16053
15888
20396
12481
15602
30334
10799
15888
17851
13380
10687
20732
9067
30235
30913
13983
18881
3994
20480
27119
6127
13052
26970
2973
237
18468
2746
4413
3603
13534
15686
28584
28647
31336
1241
17566
4404
19505
11187
17328
24668
992
30319
27229
17134
5784
21558
16252
26491
28538
24371
8666
27046
21356
16710
27171
31867
12825
20733
25606
3842
2105
31424
25236
7955
14099
19019
29673
11883
30016
10338
30735
3584
15537
8383
7967
29586
23028
17488
4777
3459
178
31647
20054
2280
2429
23954
27596
15840
15560
24148
26066
30245
20279
27283
5813
480
29466
17132
30186
3778
9012
11171
22772
30032
2752
17560
15241
28798
11958
7542
21232
29568
15434
23086
28845
4573
8373
31652
30816
11717
20025
8359
27883
24740
21087
21287
22739
20983
8580
13730
5609
28767
15251
9440
14377
16627
3604
8672
8162
14555
14182
6162
30487
21787
3912
21447
7717
25772
6303
15589
19367
14545
16499
10719
25495
12200
3642
24292
18870
19711
10585
3415
13101
21866
22504
26496
15220
8082
23221
7297
16499
4048
19084
20619
18919
29179
23222
25937
8
9598
9408
9917
30057
20397
24958
12258
18463
2137
13134
7219
24101
13473
26017
22770
16639
1036
17848
10987
23710
17365
30892
15457
9604
31878
29361
18249
27176
3528
29595
12214
21404
15482
11426
8853
22893
26368
29538
3226
11467
21470
9766
32122
24297
20101
9573
19291
18087
1644
1677
2696
26991
25699
25600
11626
27484
18981
28252
24756
19106
28716
8960
30685
27178
21961
19404
32211
12156
30579
11303
15854
14306
16224
32583
22818
26826
25682
11181
15226
24429
10932
20462
1473
942
15333
3257
16258
16965
2004
12310
25908
12828
25805
9708
9902
10489
24978
20934
27105
862
32174
13782
26053
9134
15366
2875
27028
27792
17329
12159
9271
15000
777
2916
32765
8485
2306
22240
26259
28293
2235
24166
305
15200
15187
11623
18705
2387
5118
16921
31781
13531
31320
11895
18953
15989
32505
19081
19767
12035
15945
23525
9338
7026
26005
22134
16549
2970
3683
6780
14980
18533
25603
21460
17683
21812
18279
24186
4078
6270
25909
21580
11785
30650
29209
10256
21665
27264
352
29113
1650
18667
10691
20454
32555
22849
27776
684
29471
24790
4784
9109
30525
15405
29908
7912
9538
16993
24753
21035
20525
30659
4446
29671
23795
21445
28059
10411
4981
7703
100
26963
31663
9999
24518
7818
6962
24398
30194
5518
9940
4769
24720
12852
31910
18981
23125
555
31270
6575
25304
5508
694
23658
6305
16498
19021
9410
31107
10831
14445
25473
32045
19936
30549
2616
15867
20186
887
11489
9234
18597
20268
26306
18091
31327
20135
1685
30639
29732
39
17893
11653
10637
17521
4027
16167
3446
7038
6778
9852
6917
6513
22792
15586
28648
10188
1838
9737
23517
26338
21826
23816
2424
17296
30467
6058
9249
5416
6596
29705
8028
22446
1485
9311
845
22087
28414
3352
25211
23022
14517
2348
23764
12393
12530
18603
21489
8059
1721
32154
13468
6236
32696
19197
31119
16230
12586
10805
19327
7185
16379
14988
25177
1313
27693
12047
3020
7454
27514
20124
31495
29445
22331
14907
17860
6973
12680
28081
12933
21708
17825
11859
15389
3787
26508
23577
28275
25111
22272
22771
131
21322
18818
31328
20389
28906
24526
14652
8210
8672
2680
5081
18084
14379
8659
22098
8157
7125
13586
15644
30763
8742
21677
9694
18794
25881
23559
17027
29099
12044
32333
653
18228
20155
6817
9900
11720
26479
7032
12943
4392
4467
25920
12538
26841
24264
6215
32281
10536
6169
10712
3092
17772
17905
6311
21987
10123
23084
16494
29796
16575
3500
4313
2474
6042
17997
11168
30360
30536
6426
11762
3759
9237
15553
10522
15909
14638
68
3677
22071
5036
6642
4641
29632
28366
25238
19029
13321
5510
20718
3084
11235
19768
18782
19563
21747
23998
5606
2246
25934
23215
6738
31238
17734
4577
6320
5966
6019
17196
6663
11230
1877
1393
20294
1079
20808
31963
32379
30335
14841
18021
20549
18984
26409
15517
4492
17101
20240
31143
15727
21084
12787
14980
25470
13946
20985
1941
15914
1315
23867
18010
3449
27793
15898
6272
2559
10848
17877
11291
1033
32239
25947
24880
795
6665
26717
26742
31133
22981
26280
16221
24785
15530
24498
11600
20744
28183
13426
9783
27158
23522
29557
13889
8195
8256
11055
23264
16387
17125
13967
27925
16808
5484
14294
237
14423
12024
13736
24140
30969
19228
3683
30441
18418
4088
13745
32154
9047
32677
28761
722
32091
6356
603
14951
31499
27313
827
20121
2876
8206
19613
25681
27073
17853
14098
13478
25313
20541
6450
24485
27400
9370
15595
23634
24252
10382
16152
10730
32467
7660
3413
9835
31971
19774
30226
11862
11259
17325
32487
27060
10640
10274
29991
27223
4794
27563
27832
32610
6561
22816
8482
25100
3889
18438
27877
8096
13590
30387
19216
25800
27620
20403
5903
3596
4501
7787
32453
8598
9273
30460
23259
5688
31977
21867
24919
2992
14077
14334
26224
22570
6015
14569
8096
3846
2271
27433
7420
25820
32487
32433
27841
5309
22258
28612
7471
10940
2137
17826
4250
22445
14639
9318
22462
12845
2862
13871
1619
2275
13552
12158
13793
10757
15203
29407
10966
17437
24439
6092
20438
17421
5145
22734
31570
21584
4197
11493
13148
24964
21015
4138
25529
18469
9283
16307
14904
3996
32327
27831
7491
22136
20221
10994
28852
21499
2101
7755
7402
4824
32354
11189
3099
18747
28819
12627
4587
29194
19621
2527
28990
2922
951
24396
29771
7814
735
4266
19187
29836
9243
12107
9040
7415
11147
22308
12432
10516
9437
26229
5124
16575
13576
22701
23668
29806
13373
18568
4022
28786
9242
23930
29310
30073
22050
10320
632
14934
22122
13077
22164
6917
28308
18482
22946
14569
21761
13530
4894
28761
23619
2725
29261
18267
14033
9339
20361
14767
8959
29364
6104
1552
4909
21117
22212
24758
9790
29822
4711
12063
1100
5818
11718
12559
29593
5558
17760
15062
14793
6365
14854
25809
7503
24099
24044
21555
6950
26857
30721
261
9409
6176
4476
7532
31300
26546
16823
555
29940
24861
27713
17512
21996
32609
9519
22707
27923
2589
12210
26436
11338
11253
19183
13700
31466
18486
16650
18640
23917
21437
27780
9849
17771
13589
10184
21775
7625
28639
23296
735
26413
8055
7213
30138
30900
1236
5495
10232
14568
11184
9665
14013
25324
27369
28545
1403
11258
17448
18895
15032
23824
26304
18364
31250
13541
23001
18916
32640
9762
4557
20039
32730
17871
29906
29268
29340
32267
4826
23367
10471
22785
5303
30901
21960
30743
9859
21861
27581
2920
24895
27234
29557
23925
30650
10318
16344
18199
10932
11001
9031
8121
18500
19251
2597
32195
14967
734
7830
23385
26938
22343
22918
29510
29562
15798
9454
27187
905
11843
29522
6173
17092
22764
28815
1542
12403
12517
12243
29674
24560
16943
31469
31476
25100
1388
9927
8178
23982
9714
4400
27143
7101
28190
11231
20895
2624
19946
14517
7080
31428
12226
6979
29952
8190
3988
25484
25129
3762
2087
30220
22340
17876
19117
29945
3133
492
13467
20168
24899
24511
30648
5619
26491
4651
2164
1530
25077
12115
18044
22952
21215
22780
5003
22167
26872
17463
19587
12790
24904
25665
22716
12938
12559
15527
17308
13299
3067
7853
5224
28465
6813
22001
22617
11366
29982
2124
4851
16861
13870
19705
2194
1100
14910
16121
5958
3158
24303
3765
4576
30036
22218
22246
20813
31061
25905
14514
28707
3683
5781
791
25722
26889
18666
27021
27645
2066
6232
3559
32321
11666
1076
24955
14677
26923
24622
8578
31898
6025
26060
29378
9684
31535
31255
24682
9346
21110
31636
16957
22379
3794
11381
19954
26746
4440
3345
22491
6859
4221
14994
1734
16134
2849
9709
32545
16876
27852
14104
18785
2351
18231
12407
30628
4743
17678
26263
20116
2306
14836
8222
30095
17564
29640
12802
29190
26639
12582
11258
29219
4332
24881
10546
10927
19947
4240
6467
19506
20351
10167
5474
21340
1710
24168
5591
14499
9760
2169
7090
17198
14710
8151
8889
754
18141
12235
28580
13851
12002
1404
3725
7597
16008
18870
5538
1387
10135
26601
29
760
21304
26229
13686
12348
17087
5156
4310
25865
29384
12024
31952
13310
29829
26664
30540
11948
12630
26981
4547
13560
3226
16225
16818
21440
22470
19858
5448
30402
19636
12084
8290
29113
573
10637
13754
9416
3849
4980
16475
16412
20134
22036
20825
27342
31960
27374
13758
20742
6960
31517
10439
23910
21728
990
30289
8614
21710
9295
8590
12923
16871
30839
25596
31422
21942
9607
6296
18890
16693
31583
26447
8486
21475
20308
17589
1380
6422
29745
6649
22088
24467
29563
10521
29229
24412
27642
338
10405
29129
14708
6107
16480
4058
18876
22738
5199
2764
17132
17527
3080
13034
24302
27800
29549
24742
8257
26188
30088
5096
17401
996
16058
7590
5384
27423
2581
1973
1213
23453
7686
11999
11402
14742
31799
17205
7434
12492
18611
8870
7746
958
11340
16849
17704
23327
13882
5912
609
10630
260
15350
3663
30567
7844
14482
22091
11074
4070
11668
20271
8730
19217
20535
20760
11305
5577
27807
24682
16850
13876
25198
2068
1239
16220
20370
10517
25036
31956
23904
25407
26060
16799
25575
31546
7274
7757
22398
25037
2538
16999
13472
16473
5554
3341
24058
11942
30971
4318
8385
30178
1484
3864
21321
1255
23081
11776
16852
31165
21384
28293
23976
25696
22148
9504
25188
9923
16085
31230
26003
5652
2944
13409
1154
16706
6987
21828
9295
189
3444
17726
30787
13181
6818
6568
16993
19781
31260
13570
575
6697
10041
18067
1557
23374
6936
27984
4628
8433
20112
511
4601
1450
6250
19612
2273
12018
15310
10492
13151
14052
15100
24240
4044
25408
16957
12332
16606
19893
16152
25897
32380
24928
30664
21575
2257
20880
14062
12279
20896
28108
24452
6808
20439
30487
32018
17888
12646
23154
9252
8574
24401
29859
14075
23805
2052
17205
25219
16620
9192
9920
26501
9020
10291
6762
1054
31465
23556
1198
4464
22237
943
1372
10647
15377
22101
25825
27102
12021
29113
2249
9523
27666
16462
4482
6873
5101
1429
1379
1373
20015
1189
11500
5579
10244
29963
1104
12065
12737
14805
26160
30212
8137
3818
21418
2226
29361
8349
32146
29496
27298
16769
29439
13285
18943
12926
6410
25598
11080
12580
20434
22707
28223
16448
26820
20562
73
24237
21017
32699
1046
8301
7071
5140
7300
24056
14525
31934
24257
28116
9137
4487
12208
7270
17949
26913
4239
22024
19138
29651
7894
14172
15499
11886
19298
30687
5837
387
3282
25281
10957
8403
4402
20980
32387
32519
13015
24451
2205
10657
13449
16677
28103
8499
2280
530
9002
462
10504
3861
6706
4030
15967
18658
22933
31860
9185
4267
10129
30660
617
750
10613
24913
3163
21649
7266
11845
7303
1584
2899
22341
15441
25014
9819
25252
21775
30250
7982
24278
4275
1484
12003
24872
11690
6753
10488
23727
18948
13259
16279
25982
27092
17628
23831
13340
15578
29292
14022
32054
26463
18601
31974
29072
21089
23215
19445
31297
18160
89
17202
1312
22744
9814
25692
30074
25728
25727
8381
3334
9234
20071
14183
24858
8156
12852
18622
12318
32247
14766
17206
11074
29990
8598
3422
2156
26368
31545
4382
28788
25938
11333
3132
7572
9919
8410
18981
15898
11945
25572
10987
28512
11349
4521
7050
25854
21833
22686
25455
4158
16121
31871
27451
23505
31651
3998
24772
20416
32376
22140
23644
12709
2812
2454
27479
29978
13231
27009
9159
4210
11245
22841
9610
2471
28947
29367
11399
20372
3811
18881
6196
13156
810
20742
3164
5707
1183
5482
3871
8052
12559
17311
18490
3642
26295
11253
17800
31898
19698
14451
26825
9704
20500
2342
25251
1474
5269
10937
24294
25411
9586
6982
17940
7288
25040
4460
14369
17944
28130
14754
9335
29551
11022
24010
9021
15004
31563
11018
29657
18684
21454
2519
17587
7142
25317
15442
10300
12697
19747
14040
23344
18034
17853
26324
16408
29283
1588
23512
13330
15008
26932
1773
8404
27547
11453
1063
28655
20275
8064
8828
17233
4904
15756
7637
5902
29651
41
16230
12384
32532
25860
22587
32236
907
28813
18964
19782
11
12190
4723
31160
10059
31837
3059
30783
19423
2659
23003
25815
18535
32286
12787
29944
14343
4979
30871
29537
4887
6056
25353
10516
1051
14978
5132
22434
2293
31402
26286
10408
13401
12629
23397
13978
9090
292
23389
4799
31779
11337
17937
27773
1697
5612
32025
15831
14463
29389
25154
8500
17178
27946
31716
13410
31382
16355
13168
11482
10520
3292
25161
326
8757
29347
8405
19520
10923
9555
3027
19549
2127
3768
29679
9578
20039
14771
11155
18165
14713
3296
26369
7184
12611
6263
25247
26705
16493
31600
17297
30237
6748
9195
26253
31270
136
28366
4331
20531
7216
27312
14332
29984
8268
16886
21149
25125
18371
4155
26892
11611
990
9974
22266
4987
28412
1366
29665
20201
22408
1905
5527
24562
30505
4254
8484
10834
10808
13599
7633
3066
15223
9988
32385
20752
6144
27211
5444
10550
32635
5196
25898
527
1172
6741
18005
27391
29101
29585
4178
26163
26063
4654
16042
19170
15847
30654
17331
7378
7727
26846
32172
32029
12266
1046
521
6197
26452
16385
13068
13606
26073
5294
21397
18971
19589
21573
3387
14884
4796
30446
7323
8246
13611
24046
6128
19316
20734
21011
997
20652
32595
16723
10919
21797
1263
32688
26941
30360
10800
3935
26396
29820
20291
13352
27638
32390
4247
22032
18388
19569
3986
30518
356
25339
13186
16635
16020
10800
30422
27749
7007
14570
5262
2502
25319
31129
10736
27544
24261
3136
8317
14508
12445
2496
29731
27012
27125
3161
10676
13565
22087
8558
2455
12336
11092
2184
29374
9627
5052
25502
22999
26492
18380
15508
18631
8574
10391
1025
29268
28055
4424
27957
11809
12337
21174
19323
28896
32648
3385
21659
5315
6739
23741
27811
1587
12710
2836
24295
10437
2583
15505
10311
2154
14368
19154
14000
10982
31684
16861
16870
5507
32629
13167
8576
23302
32310
21648
17460
17890
5373
6507
11348
29356
17243
17245
5529
28367
24414
5452
10272
12161
183
8762
23730
29941
10008
27161
30280
28114
8160
14561
13518
12005
28410
31713
9512
21266
16130
338
12915
22417
7338
22066
23693
2135
349
13904
14295
4305
28962
17059
6713
1240
12226
29151
6503
30178
20781
28490
15971
26741
10522
23500
4676
15842
24046
9542
26677
26159
8927
26661
2240
28245
23897
3895
8781
16044
14752
9661
8933
7587
29368
4033
24380
19124
20866
7338
10991
17815
10023
10253
17930
5558
18105
15558
17357
9698
16920
28232
20144
2116
28179
23601
28068
13974
29136
5154
11932
8851
25966
17869
23116
10923
17384
32079
5424
18172
13373
22465
4561
638
28110
26121
14404
5245
15367
12790
26355
11853
25921
6541
12448
20793
30951
29853
15270
16572
18648
14490
9858
25844
4621
3751
5523
12627
6268
4085
19998
25496
14908
7244
661
12029
15849
32487
13337
10162
24650
21893
19773
651
25905
28093
23053
31990
12195
3218
335
303
9529
21575
8968
23223
24774
15477
16450
3842
30778
20570
4109
11887
22983
10100
26052
12670
1090
19534
19601
13886
7883
1435
31795
12804
13232
13697
2815
27490
4751
17207
293
20567
7611
17106
12597
31940
1761
20316
31202
1311
16108
19239
21765
22891
7461
31328
22501
21608
415
11239
2229
19207
30418
25694
11614
12320
5766
16257
30591
8295
13811
31669
12722
27293
7462
25571
21010
26627
19878
2950
5626
14612
7256
4355
2831
14963
8864
23098
10624
17955
19145
32602
25484
5366
31655
22521
20037
21576
10106
24164
18324
17388
16918
23859
15742
28775
25153
6945
31397
23900
4701
31003
7186
13384
5191
13975
5169
19312
7294
20519
24349
6423
18568
11342
19486
26355
21649
2706
113
23010
21590
26834
5959
8666
29505
21210
783
26142
32725
20533
5112
16824
17997
25666
18354
25635
32384
21643
18037
10824
20744
10577
12613
17324
14243
7276
9588
14311
15577
27218
6504
24664
24288
14709
30367
10775
6588
3026
5359
13355
23722
28358
31507
7677
28351
23844
2147
6669
1741
1926
27619
6372
6790
30432
3199
8266
10468
15707
18069
8888
968
10592
8884
27408
23777
12018
27044
28812
6607
31554
14758
9972
13192
26237
252
7957
9467
14313
428
2926
11508
28720
17026
32044
26432
3580
4436
27993
273
195
31369
26192
3236
15845
23004
24948
14368
11252
26718
11553
27586
22610
27578
28387
4919
11010
27325
5606
5705
3256
2838
20910
17598
13106
31834
24840
14717
1995
5195
19777
30963
23630
89
26005
20149
25096
12393
3818
11879
5921
24278
15295
7132
7724
22965
8287
24190
13308
29022
30554
1009
14265
12328
27189
30195
31028
16243
29281
10119
16760
7660
18026
7506
18850
2828
10097
21829
5106
19426
8924
20860
23329
11539
7244
19046
3061
26143
13263
19495
32020
16869
23640
17210
22806
12394
13932
15451
28381
9686
797
23460
23593
27327
17212
20214
18023
16810
22219
16282
5578
1487
12465
1832
26269
10013
29361
11176
9432
10110
1437
26360
1521
32092
455
15726
21748
32612
31673
26557
17622
15754
2342
5149
15623
27469
4640
17062
21574
16188
17034
16637
28089
27577
12241
2355
11325
5373
1751
2026
12283
26716
22064
3514
21052
14538
18577
28627
21374
17567
25477
7139
12230
2199
7778
9018
3385
17437
25980
300
30950
4809
23960
8374
26087
16167
31652
25957
8872
12986
17573
15220
14470
10048
18928
29492
27036
32056
13725
27569
16601
23458
31545
20627
26710
32006
187
28482
14823
19895
21433
26446
15857
16217
16092
14861
3195
30113
21394
32134
17543
12380
15362
13965
3490
5811
26949
7728
22458
18349
29139
22098
19760
21493
13371
20886
11054
1246
4632
29311
29755
5284
22336
9685
12556
15349
8510
31818
13213
14511
23299
1885
4225
12780
8408
32127
17015
7484
8343
26996
11325
2353
18971
26877
27817
28961
25589
16052
14581
32295
22624
15159
12635
22891
20088
16776
25569
29603
25510
27316
29047
26074
6495
3251
2367
20336
19214
10384
11820
21859
16462
970
31438
9932
12125
28921
22380
10925
17357
2996
22100
15081
32125
27571
10863
4244
31688
4913
27672
17773
2300
7316
8238
3753
31246
27472
13672
5363
13964
25609
27625
3504
31954
28664
23317
31111
13953
20367
2466
11297
28973
96
19442
301
20310
14907
23712
25256
1434
18326
25433
1115
14376
15666
24045
30885
19576
21756
8101
634
826
28722
23256
18604
28300
1222
26809
20073
6255
31239
17267
21766
28028
14462
26232
2810
16339
28950
2325
11310
30293
24449
26443
30580
15379
3030
3290
7508
17413
20351
22174
3087
29952
8530
7710
15582
4578
27902
17251
26235
12816
31145
2310
14562
7714
9175
30349
1625
25820
28302
13560
32174
15456
12216
6550
22976
931
23496
21277
10816
30750
13472
27898
6585
29638
24498
7398
21710
18237
10086
3770
30404
1098
27580
8836
8000
19591
1587
20698
5457
30809
9449
10606
7088
10789
24835
8163
23111
8641
5199
6879
241
25641
12840
31074
1921
2932
10139
598
12037
21254
1736
29287
10316
13318
394
7188
933
9747
30554
19974
19946
22578
6768
29601
32445
30219
28716
9178
7186
19798
12469
4680
14062
26512
18912
5757
9581
27634
2387
15766
7690
23971
12778
6673
6171
2605
89
17887
5531
15406
25363
19130
14892
1616
26987
25785
21340
14970
11769
21282
13864
24904
16448
11135
5567
17849
20877
25332
14216
26920
10530
463
10341
29566
9108
13665
22330
29605
16754
13325
14505
1088
2343
10142
22560
10393
16418
4573
31254
30170
16180
24420
13201
23681
26169
7341
6892
9742
29434
366
30167
31486
16210
17961
2207
1277
10896
30718
27312
344
12829
16069
1112
22449
32095
18777
6605
2294
24796
21558
1906
2708
7331
32327
4950
25063
23016
24569
30717
5109
11246
6292
3172
15709
6186
17867
11583
26250
27045
6546
19333
26668
21410
559
17454
29673
10113
6292
25916
5455
8675
18668
17400
16142
4879
26996
18558
14436
26260
13196
4731
32472
20016
21262
6966
28715
5105
32734
14541
20620
22426
21954
26305
267
15176
24180
30645
31312
17237
502
5235
24461
28029
20774
11312
15793
17215
24210
14865
19167
27526
6541
1006
14878
32649
24451
13909
30546
9968
14217
466
24427
16184
27704
7533
18652
4696
30652
21109
28750
24741
30248
30076
7574
16883
4620
28835
5349
8701
8010
17176
10303
23559
22565
6620
32047
14785
28827
26058
23224
22895
29685
4821
5006
16199
8348
17553
24711
5658
13870
15349
16204
25399
27089
19039
10580
12685
29896
30168
14099
30735
28996
12953
878
16221
31100
21967
25459
19104
15615
9628
17991
18357
73
10846
20831
19087
14997
9523
3315
6102
17907
20413
13488
724
21914
18722
174
25234
9855
21591
31393
25150
7719
19359
13139
12496
19385
27982
27730
21486
32599
26067
2533
8716
27566
15093
24901
10199
1484
31837
14090
31956
5938
23893
484
19268
13867
7119
17803
3916
6236
22697
6649
20818
29595
17711
13014
24490
24837
18914
31540
19314
30282
2680
6524
11450
2380
27427
28584
29161
20969
31510
27571
15963
24084
26694
15438
7247
3115
24685
15829
1537
32644
853
13185
2579
17226
19027
8415
3889
3975
2321
22401
31477
25729
27537
3315
16392
28746
5487
3312
6027
29331
18023
23510
27061
4801
10262
23896
10685
23619
10501
21363
10490
21794
2275
18851
9545
25305
31250
16470
5807
29032
31846
11425
63
4260
21801
8242
18494
31697
18530
11654
23430
16242
30550
23644
8232
29024
2128
17001
31573
12058
31646
5197
28287
22108
20956
17094
4027
11251
26485
30755
24938
25807
10598
2556
19736
17754
1861
13089
17828
19208
18050
10704
21665
5167
6894
26155
5885
31258
10361
11496
27872
4441
21056
12875
24791
1114
31431
26961
2610
31806
6530
21295
28331
3045
18843
25338
10056
20811
13807
18856
19586
16664
1626
15927
28070
20594
12852
5676
6012
28950
23579
16959
11815
5031
6899
853
7756
9285
21548
27566
10614
13666
2883
96
20921
19665
19084
3844
10390
1824
2350
2991
1311
1320
12911
2852
25947
22498
12850
11591
32492
24189
10941
3029
17135
19117
14272
339
22820
16197
25235
23620
22095
15624
11200
21151
12766
20924
19905
18816
16075
15745
7435
17694
11204
609
10571
5373
20106
4648
1007
4197
16023
3702
20456
30482
771
20242
32430
18989
22440
8833
24197
12667
19845
31960
24064
16597
19040
2254
10435
12760
11183
20245
396
26077
4281
26603
32117
17451
4089
27372
1139
18540
23491
4394
15139
21854
6698
15743
14790
8139
29728
24354
13449
17851
8159
25209
30987
26088
27272
9262
25881
19314
1290
6789
15036
468
6214
10477
30069
25879
25713
20949
1223
582
28601
15040
4086
23585
2091
13980
9999
26645
7380
19023
1320
22380
12838
24468
18409
194
30110
6661
16459
32184
13476
632
16544
20716
15027
31887
3028
10280
23225
14987
18930
3801
10177
9057
9705
9411
8399
24336
30865
11508
21515
32049
9449
2294
15650
27088
2467
29769
25322
9338
11234
5136
30789
28055
32578
12043
1095
24059
28441
8645
21915
7351
3324
25359
17698
10037
2181
11436
3038
24452
21588
7246
12303
21744
7252
24770
19867
31446
28991
18279
15795
16822
19813
15844
25012
18058
22185
7194
5451
3158
460
19032
3037
29697
31470
6094
7462
26211
30545
21829
17696
25759
21601
2061
23334
29363
10225
18742
17497
4173
9672
9475
9539
13281
32348
3739
22202
31736
6877
15362
8711
2763
23157
32328
2120
16400
13519
27136
6419
17684
26070
25588
7260
7946
1727
26135
5017
15266
14409
4283
22051
11230
16963
23556
19680
290
19535
32157
4383
138
5095
22185
29379
8319
17309
32253
10660
1165
20391
14988
13874
27503
31642
546
13660
17260
28022
20566
11184
22759
29155
27066
3011
21297
21946
24404
31699
29601
30919
26194
7851
19175
32206
22521
25543
22685
15307
28127
8889
18719
21630
3674
1483
17821
5159
15672
2022
2670
32399
1200
2482
14247
11591
27289
16895
4077
25396
17882
3428
6535
31052
2082
24869
21943
2202
20441
25946
587
30088
22102
31310
6511
16477
3666
11558
965
16133
1692
24515
12472
9233
25871
10217
2317
30462
3522
10656
28602
25018
19070
28890
17660
30564
1653
3671
8100
22611
29232
31686
12465
22363
9162
2861
1316
1099
1884
25994
6672
16314
13240
23739
30449
15364
30554
5275
16958
3983
12699
18286
1090
15443
19496
10623
3111
20633
26803
12295
11092
1282
5864
16209
15097
31692
9891
1052
8167
1361
27232
31809
16550
3536
32243
29333
8641
6256
25977
29201
7269
27522
6286
29744
25386
20999
19904
20121
18737
5746
6724
9214
32623
6831
14824
23620
15432
12643
4937
26596
352
7286
19526
21137
29614
21711
692
26907
31186
32606
32083
30355
5288
13152
26881
23728
9757
30174
30254
2929
6721
3703
27280
7172
9886
6496
31512
4839
5065
31401
548
3405
17718
5826
26102
24003
29520
29757
17253
23571
19401
10965
12498
27752
27695
17328
11614
436
27329
28385
4186
8015
24960
12849
3328
7649
12169
29983
7776
14209
25761
3621
28572
7966
2834
13629
5208
10014
17334
32676
9581
15174
26705
18654
5597
12762
10275
11514
21516
14341
21182
30743
2861
23930
17686
12071
6394
860
11479
5619
2984
12892
5627
22112
15386
7201
30363
11504
22613
19436
11525
16011
29236
19068
9232
31616
26204
14639
4524
13255
12147
10347
957
16521
31117
11580
12074
26337
2535
31294
13616
22501
20184
32702
21245
29152
11268
22300
12154
9954
22227
32115
15208
11387
22306
8572
22446
22723
56
2224
13809
20637
30203
20397
10086
27453
4707
2523
19940
28392
16176
1103
25406
2811
6104
12272
2767
13103
26564
30424
24918
16411
22715
253
16133
30971
26015
11280
24532
27311
25943
15013
26139
12295
16908
32405
27488
3901
12440
672
4973
4291
31803
30551
21926
29503
14992
26426
28826
8405
31680
30237
15320
2468
19190
12240
19460
1939
4883
10750
7466
12109
15266
32086
14161
12938
4622
23017
340
14225
21266
15059
13805
18938
26738
32030
12051
18617
12009
24035
31622
30040
22626
9138
29352
2180
15979
30516
14990
28619
14566
12047
29783
6308
19713
4874
700
27824
18537
23154
7913
25407
7355
27068
12171
19478
3900
4971
5675
14192
4297
24629
26298
8002
21009
8801
15725
13763
26625
22643
9931
32044
5248
8971
19972
3260
1885
21003
25988
9984
11141
19704
32200
1361
21626
23203
15984
31902
24576
3080
13718
24428
8218
20086
12639
16666
8500
26864
22479
32362
8354
26836
28898
12093
18249
16826
5848
26014
31900
9375
16592
24066
26059
21059
23448
1230
25910
27855
25796
29978
11816
3259
15357
21685
16578
7407
7836
12649
25141
16936
376
17280
25909
20894
15611
14726
22186
6884
16252
29009
25256
2319
14792
16959
1441
24346
31234
15551
24025
5001
26798
787
12571
3917
23560
8020
31403
21480
13722
31414
5499
19665
32269
23053
22177
20506
29504
912
11273
4688
15511
29149
4967
4515
14742
14398
32112
15430
7854
31787
29002
22041
21590
10256
1089
24966
19550
15184
31163
4008
16768
23433
8046
31667
5433
2842
14800
13712
16343
10466
5327
24519
1746
7499
3267
25762
27999
22663
9121
1680
4931
1562
30321
20423
30181
6553
9986
9517
18344
6321
3548
121
20855
18026
18550
5525
4770
5037
30633
26439
4840
30981
16997
3857
6869
7586
28835
15446
17998
28579
12954
11965
9578
4501
26678
12251
24451
16694
31942
20492
3213
7039
10997
27297
14503
25058
15611
13633
17904
9425
7444
24201
8348
30591
18993
32758
31047
4330
1262
26373
31112
32281
18629
31128
9930
18850
25985
14748
26455
15472
19701
11241
23990
7107
26861
9833
3639
2168
3429
18813
716
25483
23289
10396
24858
23514
9629
26174
9936
2348
13198
18168
56
14449
26761
32744
27916
19788
12602
17491
10122
23758
17143
22157
458
25989
942
8217
11600
18613
11804
5394
8414
26853
1600
26313
4235
4509
12816
18864
11289
3183
2666
21111
6020
1844
30797
11892
20951
12184
12873
15176
32323
10201
28212
16832
17266
14539
23327
22521
13593
25888
30600
11976
31693
16870
6098
20056
12055
14417
12530
1557
5578
5307
15210
5065
16532
1769
17019
17925
13012
30608
29590
7619
3499
22295
16917
13129
29014
18847
29480
25169
2235
21569
9746
358
29505
28566
11413
10385
229
9085
18346
19253
29835
4120
7286
10552
16529
2072
30074
23395
29098
8251
9226
32524
15338
22546
5632
17650
24093
16392
29617
26472
20317
16544
23072
19382
27364
26366
1394
21180
3614
23209
32674
7384
23810
24719
10102
17674
8355
3914
9138
22358
29698
6305
5771
1642
13095
19538
9566
25729
24688
14351
10402
9095
29736
2246
6172
8318
19035
4389
1873
15904
8937
6494
17985
21190
26586
23591
31314
11656
11761
21765
17291
30374
9092
17355
16898
28455
24971
2397
3992
21439
21238
16826
483
26358
9796
16186
18540
26247
32081
19220
15131
28678
20335
20258
27887
6342
12729
19689
22258
15610
31140
17876
12141
18970
28119
30912
16728
2185
31037
6333
22548
10356
5208
24851
4957
5629
22744
10884
14202
22681
29548
26065
19894
438
26584
8064
10516
28322
23368
28891
9023
25000
22755
572
9664
13948
17572
648
21363
13785
28773
14330
26172
19560
1853
3618
5366
10468
17164
17709
5548
1404
8276
9830
4108
8312
1099
25085
5144
10272
2350
31239
26911
7641
25815
24263
18668
29842
7570
8236
23357
28254
301
22682
1399
32098
4686
13550
25239
11250
24585
15804
30572
20471
31666
17882
30468
3476
240
8739
11108
27913
25619
3701
22139
2007
31400
25596
8025
4389
29258
1203
24477
15714
10683
8231
25900
19756
8243
13695
31785
16240
28407
30393
21793
28371
302
28982
7045
7761
32240
8057
20574
14628
6305
18476
15676
18920
15229
20067
4975
27900
16499
22309
2938
16939
11319
26665
6341
8588
8083
25565
1426
6054
29438
1708
2866
27864
12399
18817
14969
15353
24435
19847
18543
23611
22398
13620
4936
8789
3198
3717
29591
15585
2486
12939
11710
12290
3786
15910
6057
13387
790
2065
18108
31964
13124
14366
23049
10446
3358
25539
13511
25554
19872
21462
15615
31252
21842
22421
29321
25446
5845
18665
29239
2458
21435
9708
14672
20015
7068
25512
15680
4913
16741
24098
11149
19290
15092
2455
26125
21885
7906
18693
3927
10021
13472
3565
15223
2681
19142
9559
6374
29538
18343
22040
9657
12272
10281
13392
17688
30714
24788
20022
18674
8197
21800
5656
17391
29543
22836
11677
14246
31149
29028
30286
29457
11065
17563
2900
13629
22832
29825
2179
26694
19603
20511
17048
2179
24747
5289
21695
3070
7339
12442
10073
24103
4241
15622
21499
17353
31053
8492
2746
15164
28709
5196
23718
11485
10584
29112
3988
32699
1537
4908
24353
26259
32063
9570
20211
30975
8339
10978
29250
27882
16265
8472
19607
1095
28315
31656
12244
770
30034
27142
15221
16695
26542
6977
24853
11683
28360
29727
4660
21592
1206
27503
31543
15796
10159
155
28592
14739
18543
125
27616
27332
30685
3187
20347
9914
6124
6070
13738
32132
5055
20199
3670
32256
25360
7659
23716
2635
23762
18425
16060
20603
7445
17905
8911
15249
555
24304
19800
28841
1289
12065
5282
11380
28911
4310
30090
5352
15948
7127
25990
21302
5340
12025
1510
2557
14611
14323
7258
31677
26814
11630
29877
30094
27368
28507
4080
21010
22266
393
17522
10408
22311
21623
13198
31970
27143
4199
14414
570
26498
5811
13167
18432
19696
11620
22700
24983
5246
2305
24896
24289
7124
10405
18342
10488
24053
14420
28835
5919
1126
28047
25990
20472
5010
4646
943
19191
13933
12622
17742
1558
27992
6899
1901
17354
9285
12624
28977
25910
29723
13500
24668
13471
4956
455
32535
13345
14853
30085
26351
17568
31925
27690
29981
14593
25362
3543
13322
10649
15720
23988
32274
7141
32148
16191
15752
21116
5921
26084
28155
22851
10928
25293
17080
8672
157
17659
5776
17521
5855
32662
2268
14461
17968
2689
27582
6698
17007
28978
26537
20401
31298
17345
30755
8976
6655
7742
9673
9215
13773
14920
8596
26148
24326
16091
9564
28554
10464
17002
15770
27472
24653
13102
24690
29854
31519
6589
30193
3549
624
27102
13715
6184
31809
21916
32008
24317
6241
22169
1079
3129
9361
24997
4740
6211
3045
30863
6478
2695
25965
3643
22460
7718
22037
28917
27578
7915
18890
12037
29758
4738
18398
10628
10448
484
26286
18798
2633
30486
8834
2808
4315
787
7092
21283
31569
24583
21
17297
9112
957
9100
151
31871
13915
3072
7573
7355
333
29816
9090
31534
2687
2945
26059
16489
12239
28881
6494
20847
30402
13865
25089
30651
9333
26496
18921
19077
4567
24157
22408
15682
4118
25733
13734
30570
29015
27094
8627
22909
2474
20851
5212
21320
15421
6689
22620
28517
26832
26097
917
14337
19816
9504
1631
22753
12360
26683
17696
8871
26141
7558
28701
21330
2169
15775
3471
18437
28802
11103
27130
31753
18924
19201
25274
30996
21028
5254
16094
7372
6094
9559
2618
22407
20082
5421
9912
18517
2674
4654
2031
23104
31040
2137
19703
18130
27085
22563
11387
8664
14661
24674
26383
21094
30713
24427
13252
7451
23197
28535
23290
9126
19379
8780
29558
32137
12615
25
30133
19997
15069
28065
6527
31703
19368
15771
12735
27849
21756
29017
31377
27756
13574
27817
3485
7836
28091
8441
28836
9188
18446
29630
29272
21244
14182
25622
18801
11152
4431
13227
10749
26179
28015
5851
17655
17908
16829
12311
26140
3648
3821
23177
9210
17224
12590
2042
22090
5812
10520
13810
18047
9720
28896
15905
20127
28117
12751
1533
23122
5923
28146
20909
32313
207
29202
15910
6528
11040
9190
9876
13751
26686
136
30971
6365
30196
24358
15902
15806
25781
19450
22688
9856
28637
3964
16233
15736
11066
13782
14155
14402
10699
10904
20453
12560
455
15533
10184
27202
20961
7822
15321
28727
11211
14005
17911
3427
2041
21589
28381
17570
9895
7240
22345
17868
541
16968
15454
4234
13874
25187
15174
14696
271
3753
30749
1323
16693
25896
11274
20068
5314
16922
24239
26949
32239
25180
20164
31156
12510
2594
19966
28574
28307
1002
5174
7566
4416
2990
19911
7550
11717
31326
26936
30701
28279
17805
26651
16689
2848
10091
14132
8463
584
755
20958
30857
30643
22629
13483
6647
23595
24055
25419
18265
17024
4295
1455
27372
1484
21013
24685
15867
9467
25775
11367
20984
30603
24236
4520
12235
8081
25437
18830
362
23805
14721
11310
31146
9758
4536
11508
28245
10601
4411
2698
22652
7286
29897
13819
12046
31819
24549
13593
20394
8925
11326
1052
27058
21972
19823
14987
8097
12943
7400
30560
21150
7016
8748
22631
19537
2617
11070
231
15093
27679
18773
29572
13230
27261
1495
17252
12061
17732
25477
24721
13362
8818
32755
926
9538
30425
26940
31886
25434
27682
31731
26865
15314
26641
23901
5456
21541
6411
26077
3531
2048
11221
4015
8705
28056
3742
15833
24624
29761
25920
28511
19357
20797
4803
12983
21047
11985
31778
28028
17783
20894
26706
19559
23178
10287
8577
28538
30130
30927
15260
9854
17642
8605
9235
20912
28105
7906
24288
15032
21160
19361
5318
31194
13063
4208
22230
15216
11053
29831
15160
31128
22287
17687
14120
32298
7283
18141
23103
16621
24661
9718
20212
30218
11146
6133
17506
24768
675
25651
9548
15962
29972
18022
16478
23902
10134
24437
17845
13576
24009
10379
15778
4342
18206
7275
23723
9509
4852
2819
22739
7708
4097
19267
9244
359
23284
16175
12361
29255
24664
24115
8168
11944
13756
14775
2192
22611
3601
12276
10856
24165
19795
16646
16616
6912
32620
14914
20708
31040
13909
11209
6086
14193
4990
23645
27
6527
112
12148
16209
8109
23217
12683
190
5514
5863
16061
16869
3362
8001
30612
17397
6769
28947
30751
13971
25373
15808
1349
32729
22116
4829
9304
17823
8530
19859
20718
7161
13112
23877
17644
32000
26203
6515
1763
28118
8425
11999
12960
29924
561
26606
12286
17766
28690
21584
19455
17450
6324
5091
26651
18836
15479
18645
13272
17638
21545
29962
9371
9406
26492
18109
8126
10465
10167
6249
2786
310
8875
10218
13959
24086
8681
18655
22234
21955
2610
5716
32461
17205
20271
26526
20845
541
20322
3205
23921
11300
11357
5289
22286
15219
29490
9758
9235
13945
10538
10074
28209
18664
4282
16465
12186
28161
15026
30430
28111
4114
14264
27237
5810
16701
32245
29367
13283
29050
22286
9781
26697
17887
27222
2873
27631
29984
14146
30897
31250
19794
5149
27149
25976
18164
1276
19036
18179
18735
32501
31409
31365
861
27532
6092
24022
32713
110
17142
1572
21429
16226
29229
24459
4258
12924
2945
27365
23243
14483
20414
3556
18675
30198
22603
10590
29024
15707
11346
27111
18472
1304
12577
1701
12971
15510
31185
25184
29793
5634
14885
17113
22742
6213
24756
4701
16114
3383
7243
24473
27006
8207
20621
4016
14564
16415
15836
30347
12854
7102
24701
18801
30578
18309
19190
8151
5381
26046
32699
30329
18573
25113
3594
26793
9443
5537
30228
5095
14169
26351
6237
22963
4672
15005
13413
29599
24750
18430
14984
3496
26494
9740
29987
23238
6039
9378
19704
22466
5490
17900
11476
12360
22998
27675
18543
31293
20454
3933
19091
15186
5214
4108
11904
27866
14874
31013
18576
29145
14296
18173
16919
13149
25406
1583
3213
22289
7455
24281
4079
17423
4858
24584
6242
27126
14787
8048
18202
32316
26086
353
2682
9158
9354
15606
24956
12470
14866
28816
28244
1669
27114
23170
7248
12369
27520
2574
23811
15224
12432
7313
16546
32357
24741
23290
28078
16810
11741
19328
15315
32591
26348
2965
30225
11370
27235
1557
2073
16624
24371
22980
6906
29131
22124
1015
25852
20781
14923
9105
12492
18723
11892
26673
24538
9325
17788
426
27648
6541
12202
9140
11364
3102
18175
29153
24991
30823
7283
26578
19743
15664
27266
4522
22473
14292
4327
10435
3043
26264
32168
26784
26162
1339
10066
12323
16991
22479
31878
17152
26272
6087
27828
16242
29332
14160
28199
7213
13678
28389
9538
17043
12117
18717
4361
6442
16907
8392
24803
4686
21709
17723
22429
4899
28539
14568
24499
18126
4345
15922
13515
12773
17621
9855
18051
6691
15402
6030
14444
5729
28100
15115
9046
23233
388
3168
31695
5421
2822
14543
16870
28160
22402
17853
24117
258
21232
29009
20510
25242
18544
318
4436
1343
488
29661
21149
4912
2799
18303
30167
4197
6890
19457
26937
22725
27252
12961
18396
20121
30724
20495
25466
19777
32713
17608
7029
13349
10969
32671
9499
7663
14731
20124
10536
6136
11553
29194
23180
28159
13483
26060
27247
24097
24872
21744
32115
18693
25837
27527
1593
12888
25163
31411
10534
9593
3436
8961
3431
21109
9598
30969
16178
30517
2323
22516
1871
26870
27080
22318
23512
20986
25381
5404
20029
30589
30917
19712
6794
7147
16311
27322
15341
20816
14115
4321
10867
20496
5169
17682
9746
9688
1318
13960
13036
20692
12241
21229
10962
6947
28453
7536
2055
19080
5159
31768
19783
30818
11787
28504
12040
9694
7577
26595
25088
24683
30678
11969
13031
2670
31713
5027
19326
7223
8219
21876
18640
28980
31370
31024
1720
30053
2176
761
17571
18192
6519
17768
1943
8374
24896
15137
23925
8005
30045
7850
25979
14479
14763
13437
16908
30203
68
31579
22452
18299
24739
14052
32103
702
2569
2149
521
25254
5408
2545
11060
6908
6366
8115
4405
21603
1709
29570
31831
9354
4553
20150
10085
22182
9705
17978
2922
6176
12577
27875
6331
23946
17671
32768
311
5080
21269
16947
30670
29133
2126
30847
2368
32179
3108
15777
29223
6991
9882
8100
5688
13844
4518
15280
31942
23447
31193
19491
30343
23107
29249
23778
20635
14414
24463
6642
14538
5867
7797
27714
14094
21954
26962
22731
24657
2717
16657
21979
9847
8548
23886
2734
27039
14411
26555
11583
11942
3146
1731
29277
7917
2510
31597
17409
13661
21934
22146
12767
15528
25184
2290
20539
721
25965
21364
30974
26094
16674
22893
8969
7725
13960
23315
17353
26901
29591
23250
28428
31246
20903
12783
10515
21540
22567
22635
7912
28936
22417
25642
14578
22871
12445
852
15302
4639
7094
30204
27456
928
1194
19199
25555
15695
20133
25647
7709
15137
5216
1457
20670
4101
14486
29860
9323
6578
23224
26883
28222
8612
993
22221
25680
3937
8204
21091
138
4097
6021
5169
1464
22253
7325
24464
23263
23527
418
20715
12497
14923
11022
22305
9726
5524
29183
23595
23693
10017
2791
24831
13996
22842
17541
4276
11556
4942
13076
3814
29744
7038
7106
1372
25231
12640
13411
13544
20184
17916
2919
3471
22286
29979
11273
4586
18036
9154
21194
2508
3490
26617
17950
18470
217
7632
10085
2087
20628
19876
20508
9639
28767
18335
3925
13509
24556
6270
23396
15567
2660
15255
19420
6755
12283
11802
28602
19668
3527
18327
21471
13007
14290
31680
19908
31295
22894
26993
24169
18285
20424
23277
16782
22380
21184
7019
32038
8628
8184
17873
1289
15629
23595
28863
18153
2991
7873
23503
12935
29351
23456
539
4646
8316
8004
13824
18240
10003
20754
10786
16249
27856
28649
2992
13777
14590
31995
4586
5149
24433
2267
9952
2232
20329
5846
3452
9334
2490
19079
10434
5337
16938
5030
18519
20104
12315
19489
7744
15356
21098
31854
16877
17533
10902
14879
25718
16205
13093
21687
6692
10019
5443
17596
23859
8666
25005
4365
11734
12395
20685
7798
29564
6937
20006
7554
850
28139
21235
2704
28681
6495
21515
29737
1753
2909
18184
31633
7622
21610
680
17308
5922
11550
32372
16835
15955
28632
13727
9591
25046
23216
12592
18870
20100
11693
32100
25819
4116
31033
3661
27322
6882
12497
22464
21740
17134
22017
7278
17768
9256
20368
14417
14163
24555
16632
27210
12826
21447
30232
24840
12989
11651
14125
3883
16238
98
6399
2729
22874
16294
7512
31601
16583
16979
14266
23887
16223
13365
2641
6416
27851
6180
28455
14566
8580
16263
8599
15374
3046
23319
7172
19887
7047
2278
32203
25350
14022
927
3445
1216
28327
22287
11058
18343
9438
15844
18307
14465
22569
3253
12854
16181
2787
20035
21911
15664
30679
29951
12773
27399
2386
17868
11523
14686
18044
24581
2672
14600
10983
1730
8057
20080
7273
3927
6061
13367
29479
6430
23954
4382
18419
29303
31638
9511
31960
20236
2376
20983
13298
13146
30920
639
10371
14701
22652
13787
7748
4842
23813
12666
23289
27731
18290
7808
24136
5511
31667
5736
19403
5000
23376
25326
15204
32641
14427
29996
25553
22280
29859
22531
21376
8608
8490
8636
11172
3970
12761
10479
4488
30109
6515
164
18979
19163
25032
32697
13294
2726
5163
22404
4850
8363
1573
32184
25381
16861
24171
28045
9462
22205
26126
1051
22567
23257
31218
31751
6363
21907
12417
19554
4848
20516
1952
28366
16270
27873
12002
20707
8448
956
16892
29905
28867
26637
1914
1350
29661
15251
1968
24722
26992
29365
4082
24329
18319
28174
30216
22696
14928
19753
12252
11772
6435
24201
4982
22592
18018
20717
21290
17606
11561
2514
2576
32664
20839
17720
27829
29022
9781
25257
29200
13442
7783
888
2232
17811
11105
24135
11348
4839
7725
27595
28498
12165
7882
20692
19676
11585
11718
10631
22279
25129
25615
6638
5454
7456
25862
18356
10048
3529
14037
8489
32629
25511
29954
5516
19142
26754
4421
8842
22461
6668
5783
23298
4683
1732
8844
19211
26553
29211
2274
23864
9953
981
21850
9499
12446
1715
8134
13063
3201
31311
26212
21786
13766
31815
25194
27003
13446
19613
2786
9697
22318
29022
14776
30805
8239
15746
10002
25912
15351
16148
11999
1671
4897
22675
5299
4190
19688
2455
14802
32443
21986
10935
31115
20613
16107
8363
8135
29645
2142
19118
11745
18259
11660
12326
25016
21836
1126
12679
13059
11106
17789
16501
15077
29693
20525
25385
14786
13505
32532
1813
12112
22104
8393
26315
14577
22897
26827
1819
10816
23816
27832
3963
5097
23016
448
429
11455
14191
3672
5275
20744
7570
9267
13958
3099
10272
30318
31327
24622
24395
11
29813
16489
6500
28320
19025
28991
10726
9552
31198
17149
438
27643
7118
23203
9385
7858
9528
31988
6215
29038
27782
4041
12239
7169
30094
17834
22907
588
18687
10143
20740
11443
23295
28996
23401
9422
17682
29468
28653
2657
22334
28455
29278
29839
17517
9143
25245
29514
28178
30847
9563
17678
4879
493
18977
5327
26071
20154
29331
21552
19919
13247
16117
1525
22523
2570
25582
3259
6870
4913
19852
20966
4481
30694
29577
22748
12832
5324
17101
4721
17282
2441
16435
1185
13824
15901
18576
6789
935
21106
4594
12416
23449
11315
21029
12474
7344
5858
11900
21455
25445
10789
22733
22984
12016
27233
32190
20298
25009
22410
26687
13069
8399
24122
32344
3984
22303
24320
31525
23819
24391
16378
2591
16294
6435
15526
10140
30184
28263
26613
27290
2930
2694
5281
7096
9197
18899
6081
15749
29249
9190
6555
27133
12295
5442
26809
10577
10562
19509
831
9703
12361
7423
19067
24994
3592
310
5310
20579
17000
9832
4458
31696
10508
20483
13133
5204
22078
4210
5421
4966
16425
7561
3236
21263
2120
17443
24367
16038
31006
16137
19841
223
3112
29974
26909
21252
3088
25241
26659
20865
10019
12795
27498
31142
1541
18338
27344
13481
15011
17684
15310
5098
7018
18272
26192
8827
24247
25786
15299
28640
2702
11621
25711
14355
3214
13270
22279
19660
3620
24598
28286
9214
22784
4712
4637
12197
24517
22828
9171
25279
16133
15875
10444
1944
19052
28212
24644
19275
31291
16974
15518
8838
19704
26895
29360
27533
29028
14725
4962
29058
19630
28787
25463
13539
12518
23798
26026
7508
22452
16488
19197
30879
30026
25989
15694
27385
30615
13004
14379
13447
17854
15400
25575
28704
5062
6096
9965
12117
7827
31340
24917
6062
25621
24185
1717
25911
11199
15086
2618
30267
29499
3360
20727
17488
4956
14819
7804
28307
12628
2546
12203
14645
20519
17809
30663
9783
5727
13168
13262
2929
7170
32467
18441
18905
21697
18672
7137
2562
27250
27032
26612
8675
7104
8986
10856
2010
29473
19813
13695
30449
27145
15468
3180
10335
19550
26063
614
18002
28715
2487
20474
31723
5528
25345
4773
18058
794
8864
27298
27725
12775
14908
11009
15315
7853
14879
20473
31046
4739
18002
12159
7320
30752
26371
6167
17676
4426
14378
20971
1529
8338
15469
13850
28875
23359
22336
20562
74
14216
12880
16033
18719
27398
4642
17288
5011
11624
24055
15954
17051
4969
24308
32163
11282
5631
31359
8276
17989
6613
27628
30846
20148
2812
16729
9429
19991
24798
8150
21560
7584
7795
4810
26502
20864
8887
27282
26034
11436
23899
28266
30234
481
15290
26001
21780
9701
25104
15272
30410
22289
1254
17499
19529
15884
30417
25156
24276
27609
15964
5388
13694
30996
18499
13012
14584
10872
2530
20691
2471
16037
10220
8000
31737
18720
30048
15474
12026
16028
24249
17222
28962
5752
5478
6337
26481
9608
3961
15606
10943
5656
12195
9002
20301
8494
10592
21815
2719
27920
30063
26158
27534
13574
27269
30784
22681
7777
20034
23007
18556
24252
29284
32288
26884
6018
12859
21604
10273
2737
25693
17207
21309
3293
5274
19064
16588
22647
6706
4283
14372
9807
24134
24555
2959
12120
26253
21812
6303
31659
30792
18463
8898
8911
26488
11519
15382
24888
26190
30349
12415
9997
26851
15055
9974
1071
28969
7998
27940
5494
22306
20519
8495
22334
24911
1874
11732
290
16748
26082
19638
20231
18778
9596
757
23389
27741
25771
19459
28321
24711
4739
26291
26662
29812
15749
30867
9238
27960
18883
31612
691
150
21061
10599
29923
16243
14762
23170
12780
1161
11794
2436
31356
15200
9276
29245
3308
4986
3564
32369
11973
29646
20368
29926
28548
17017
14626
7868
2202
21679
1616
22269
32439
6903
10715
14453
26696
23960
26685
24004
32063
7502
1422
26545
21522
27714
2728
15809
28678
21305
25994
15625
1197
5900
26874
18752
4781
29272
28527
29720
16836
6006
9517
11982
7177
3758
15794
14848
3701
17575
6225
18368
21153
23842
6173
998
9681
7656
13064
30378
28978
1537
31820
30066
18272
25895
11786
5608
23339
1915
30257
22352
21403
18806
2722
30233
8498
10273
18578
7601
14448
8585
25391
27806
21917
31085
25990
32459
11714
13883
2980
29215
12537
27195
14075
6484
16870
7433
520
20743
1670
26952
14131
11019
13863
8853
12023
25603
2232
6074
22850
22320
11075
17700
30239
25735
23992
2968
16786
32007
7660
16161
5827
18761
993
8781
20063
7769
13128
8600
23612
13508
1604
25385
28732
22002
21873
32444
7795
29622
293
29152
21132
24100
8182
9314
4712
2979
30332
4361
21513
10051
7256
26243
27311
22864
29300
13472
20288
32295
20109
31166
18413
16200
32751
9349
13075
17069
4480
24020
31071
25690
27904
12026
27446
11830
17295
22570
3412
537
24432
27433
6323
10790
17164
32330
12718
17243
14650
2972
6758
13926
15037
20578
25701
12986
19726
16579
25985
24547
15965
25539
29699
14614
25298
11122
11785
18189
14104
7523
20521
11282
3100
24416
24407
13913
8210
31836
10761
27794
18618
30121
25753
18623
4833
29804
25834
5443
31530
12109
16718
8252
9230
22643
22183
14611
11554
10159
31181
11346
3992
21751
22576
12725
9225
5911
19391
131
13682
31395
9736
32286
17788
9520
13984
15065
26112
22723
4293
12555
19402
19338
21570
31330
32413
10186
32147
28537
19064
18457
330
26028
22040
973
14001
32555
702
8116
21937
16717
31026
14086
3058
25895
2056
12439
27972
5726
14114
5201
17214
5177
13430
21730
36
26874
32273
25010
22798
11119
27996
5400
19271
32452
1951
21197
4340
17563
14275
27297
18678
13662
21852
4972
22033
21204
7399
4680
14669
26867
32079
25085
27548
4342
24247
28349
31422
27311
18035
14866
28002
29
31831
31508
12942
1857
5429
3807
8256
30254
1697
19780
17750
7520
10231
5567
4779
15438
17568
10409
8067
17474
9104
8367
3369
15721
10259
8323
19926
550
28618
2257
21205
17580
4592
19061
26085
4812
25570
10475
12767
19467
26335
263
16024
15864
17164
26598
25609
23229
29627
13860
30893
15859
2284
21327
16171
29627
8724
21916
22325
13834
1566
18905
13744
5188
31920
14243
26645
14605
19631
13785
10007
16988
1029
9041
31878
24528
27810
22473
115
11080
21184
24864
29077
28590
108
8390
11499
21011
4674
23921
18595
4353
2424
7441
22075
19980
16158
23303
4070
5547
7331
28305
30001
6470
15772
13705
6886
20368
24257
22352
12848
28439
15928
13317
2817
30490
20759
21498
5553
15002
29220
27496
10216
8627
28127
18017
2237
5421
4034
12551
2079
18511
5319
12284
9588
21747
10027
7449
2433
24032
18289
31843
22410
11091
18091
7482
6586
30175
13813
23508
19653
21367
28482
5866
20171
31434
7003
11697
13696
20687
22820
6668
20362
29856
27169
31488
21802
15755
2106
9064
3103
24422
18619
234
25287
10532
12447
28457
18056
4518
24078
19260
14702
1747
27428
23392
27413
13035
28148
24297
22730
11288
14797
23167
14573
16967
17852
29830
13721
24373
23633
30174
14984
11469
30886
17101
23088
30129
29854
24633
3634
29719
27755
22811
22261
726
31571
6192
32398
25792
13747
2546
740
5683
1092
6854
27409
23787
17565
25975
3083
2586
21241
9699
131
8891
24891
17396
22541
25123
16175
2770
16770
19161
30739
24663
13474
14759
26966
4292
24318
12017
13983
690
22550
16966
16145
26443
24766
29749
30670
15033
12742
21090
20409
10463
7641
8665
129
10823
2726
929
28891
27996
1342
18325
3086
24538
30141
24943
12981
27778
13869
13350
10432
16658
4263
10106
9405
12404
26811
15308
25686
1334
5139
4148
27162
22586
9810
3790
18560
16303
13378
13140
7720
27199
21039
8178
10085
31370
20878
29781
2297
14036
483
6918
14367
24826
30945
246
9167
19115
9682
27482
829
31188
13369
24504
28067
29020
438
21058
8000
29202
11051
3684
4000
18404
29981
3481
15647
30545
4957
12418
20905
24353
5095
3641
1219
8787
28938
19939
24271
28247
3785
16004
16779
29053
10114
8472
23004
5550
27597
22751
24266
21338
22951
30200
16843
12465
3792
20017
13380
16662
6769
6174
9805
14544
4610
15464
8885
26883
28011
20840
11333
14303
28265
29940
73
26904
5940
30841
25165
19094
29791
4938
21797
6509
15871
3896
25904
13071
5135
9059
26589
26305
23059
29008
21613
31563
30204
22587
6651
15604
30284
4782
5818
10157
25466
21074
5247
397
16536
19974
28287
31101
32563
30254
17497
7733
27259
17229
24151
16743
19875
21207
9968
6969
22923
17984
23954
16889
3485
6233
26271
18956
10229
23772
23734
8744
24772
7749
18227
32708
29942
19940
6649
28620
17426
31281
25199
24472
1378
16223
17864
12831
22613
9780
13448
13672
13345
25879
30531
3138
31404
14187
30888
24629
12973
16155
28863
28600
11534
9334
21871
19620
6550
26686
13379
24297
20164
7163
22894
32640
18686
29845
26636
16289
9451
27426
18346
12341
6429
24573
2825
15758
13043
29720
13343
29526
23229
3219
31071
15557
25378
13453
28730
29975
10175
20794
16614
23614
32529
23605
18270
17364
917
6168
17834
2131
30765
29515
2912
10888
19398
3353
13931
7493
56
4361
28939
6999
30829
23659
20765
6583
29126
8753
15517
10757
11450
256
30569
24881
2241
16263
15943
5756
6000
8976
4906
3743
27365
5204
7857
26441
9061
1684
19185
22223
68
21733
31604
5151
30725
2508
1665
31479
7107
17674
21406
16468
18896
13241
17236
19244
29595
20120
17458
1375
31447
21156
14613
14572
27097
10216
5286
19808
2882
10901
20003
31125
9439
2645
4963
15768
22989
13277
23572
14571
30689
30913
16968
12525
13382
27021
17456
23446
7016
5649
21286
16999
14353
10236
21489
20897
13778
2989
29765
26550
677
6981
31114
30973
13264
1
27870
7081
12813
15815
18525
4092
28903
7422
2464
6328
13671
26275
19843
14295
12272
9881
22828
9083
28008
26689
13385
1832
25496
8523
14488
25905
7382
16076
15021
11376
18145
2192
12272
22074
10508
20145
30181
8338
17823
5480
7856
14493
10874
13092
26328
26967
13563
5337
14411
8835
19746
7323
24226
27624
23539
20075
20647
6330
284
16209
13076
20311
19416
31403
30878
14644
31507
20932
17202
28438
2255
18856
27263
30085
1222
6967
19380
23933
593
31097
18059
23912
7560
4657
2950
30281
23467
31925
8056
31034
27329
2812
14408
280
1150
12537
22258
13437
30826
30247
17102
25582
8512
9574
18965
22614
18836
12037
27553
26035
17337
28960
19956
5648
14562
23084
10108
179
29575
6608
31766
8599
10507
21494
21456
17693
1691
2595
20211
23550
1369
12035
15169
19332
18874
6217
3707
3578
4652
17078
27174
14177
30973
7286
3215
12900
3448
18867
21261
18830
2129
5989
12678
20667
8003
4199
17204
716
15351
26832
22697
26527
6696
13184
10001
22079
4357
5625
31928
26455
3030
28273
7884
27629
30179
8229
13411
15436
7569
31215
25279
29506
21199
27419
32465
27020
17584
31351
30717
1423
25177
13225
24605
13129
17182
32453
13512
6278
23016
5663
19924
22871
30682
3678
5401
192
25140
9426
27512
25009
32631
18440
24349
1079
24522
3739
5888
29428
9372
4172
6066
31949
2955
21845
17750
16098
8324
20475
18157
2755
23340
5219
11992
31969
11135
17062
3223
22338
14775
22311
19415
29817
23920
21797
1196
26326
4105
32652
8475
6106
24141
5137
31707
31725
7507
15485
23644
11859
26274
10825
29705
2397
8089
4204
16587
3804
4111
28529
30926
13531
19510
26572
25479
27278
30149
1646
17398
27013
6230
16279
14376
10021
9484
3052
12801
31321
20858
23497
27960
18821
24000
21720
1699
21692
1527
3555
6325
28722
8912
15590
325
17140
15735
2921
13456
24022
6846
1292
16770
16045
375
21604
27441
5055
16417
16901
31659
21368
13768
10720
13297
31839
25126
23248
32067
4424
16654
5231
16286
9674
29963
5934
388
3827
1348
31397
13563
3131
12962
15911
21976
31927
10293
18330
15677
29839
2772
17541
20065
18098
11268
8555
24719
22216
25628
2904
2674
18281
22438
12217
12943
22668
11271
11888
2323
2626
28515
29224
20175
22436
14267
25318
3457
7689
15704
9953
9557
1149
29805
26004
21419
30575
27128
16657
5915
3242
26601
31128
5302
25479
9350
28520
25231
21856
270
30421
23419
2631
7068
12955
24596
17912
14415
26738
10500
269
17832
995
3712
8817
51
15193
26898
27927
31082
2939
28572
30188
1494
31929
13978
13834
22135
26405
13479
3374
16742
10373
28739
18540
32185
166
15059
289
22183
2035
7401
26666
6637
29765
22470
20819
17775
8189
8221
4882
14371
1873
30234
3702
27179
12259
16035
29530
28737
11928
478
5342
20056
16295
29427
25112
23936
9456
9491
22278
18699
16016
4537
31175
26350
4530
21551
14347
28522
12711
15957
14537
22507
16186
10910
30256
21808
29245
12123
13279
18604
24936
5948
9560
7468
31844
17171
22706
22203
27682
22748
14735
22978
19825
25595
16462
11636
31184
19140
8578
15721
21120
15680
4514
24201
16862
302
28930
6956
26352
16201
29697
2688
7998
13769
7044
14122
25315
29740
4516
22832
9955
1078
16036
26390
14783
9271
10790
16967
20039
30348
31902
695
10416
19048
13574
9671
8678
25045
26324
9321
29987
22773
5161
13444
3009
4750
30795
14746
15181
19909
22101
10408
10716
18730
8237
25421
19618
5877
2487
20015
13504
1679
23624
9883
7774
18261
7774
23403
30202
10392
25486
27949
18431
6888
22717
6529
20122
22162
24723
21955
4553
19303
21549
23786
19893
15807
15378
21680
4929
13502
5481
19956
22243
7638
30569
9308
25011
18829
11536
318
22721
9601
5912
1473
20140
22441
27175
24639
4976
7901
7494
20718
13952
7321
7316
25024
28437
27646
5179
21895
24261
10777
26532
4701
25175
21352
10471
2883
25814
6810
9350
27912
26852
7319
21850
4717
15441
5568
21709
902
2540
31864
6986
1123
15769
9443
9458
30448
28324
20973
20113
5146
17493
22415
32464
16435
2245
12878
28588
32408
24047
14340
11302
18577
18698
17890
5692
19320
2071
4022
2329
21022
26038
29802
27529
23914
32573
31693
18095
12355
12555
24983
13562
21168
7450
20903
15701
20542
32724
14734
28318
13731
18216
21329
20314
4512
8156
19819
30119
32044
27941
13330
23409
28366
24181
32699
17129
23883
6036
27872
16179
30081
7922
257
13663
26515
1596
24809
27035
3910
301
23602
27815
31659
24231
21003
32137
6655
6146
21305
13185
1999
27300
9564
1087
20575
12241
2932
31316
6477
26309
30627
12263
626
9472
2613
25001
15625
24802
477
11787
7699
19063
321
21678
12282
9876
19897
2586
1908
24611
27476
13236
24490
17339
14877
8170
16794
6516
30876
3761
15033
4345
20383
7729
26333
13278
19258
28606
20827
21044
25868
6411
29036
7515
964
13722
17878
25880
5092
11383
21448
10983
7621
32294
3333
32659
31963
11994
24900
24323
7227
8424
32471
32343
23642
29562
1676
16436
1560
14728
14033
17243
28413
7428
21019
16257
12994
16981
17544
9307
9747
7
19651
12024
26259
16065
11304
26963
11297
5495
8744
18473
16218
30176
14063
23304
14686
32043
6469
17065
28887
15598
5042
24959
14392
4191
23782
31376
20803
20934
18263
12932
14798
1074
5164
9979
13766
17771
27994
4132
14964
7209
19213
8332
7935
30339
18505
5939
13875
27818
10961
14309
13696
7127
8776
7623
3398
11650
662
7217
5712
24277
32141
8635
14494
7264
8141
20891
28519
1550
5348
18222
20062
28504
30394
14292
27701
12216
11309
26369
22111
22369
6904
8337
29211
7213
12505
11612
28334
4823
2035
30219
11503
2154
10865
18474
16393
4089
14700
29054
27517
6289
31502
9624
16998
8044
5112
25002
19457
21095
28642
17050
20844
14006
7553
341
14510
10199
8622
2406
4344
17092
1476
24007
13355
4461
9546
16374
8601
2661
32466
19788
30224
14556
3104
1675
9493
8397
25999
30134
22381
13176
13489
26149
4834
26643
14902
25304
3907
19645
27407
28428
23725
9139
26835
11532
16137
24774
22881
26442
25302
6925
25031
12206
20265
18135
18530
2350
14577
19427
583
20383
7040
19412
12258
20938
14919
11487
19677
20931
28641
15559
5955
24438
28244
11
29158
16771
21651
350
17918
24652
15687
13655
10258
26443
10958
18026
17436
4266
29828
23831
21736
20237
6466
14433
10941
18867
6949
10882
1343
24253
18577
19933
17556
8141
5749
1588
13766
31955
28624
8731
32360
4388
7796
12460
27517
18125
12554
24445
10133
17446
598
29903
7225
22442
17852
14856
649
22021
15619
27236
26404
7791
31578
31207
9544
14649
22936
18582
7483
17573
32712
5606
10729
9211
10213
18549
6606
9433
32226
24056
12054
3787
16621
6004
27395
20763
2549
13746
10384
17131
23402
23021
19028
10624
24132
24269
32680
30945
28742
15769
25868
673
26500
21416
967
1785
12067
7192
29902
23578
8544
12739
10983
8128
17107
11631
10254
9995
17141
13381
8728
8331
26081
19077
23190
7321
15191
15991
11772
28654
18182
16293
7683
9326
32267
30279
23371
27717
15797
12031
4677
19253
8075
28358
32592
27182
20112
806
3618
18720
16837
25259
2154
17165
32752
29076
6067
6242
20636
32461
7820
29575
32353
3362
11494
7093
3685
15533
5053
18952
4387
26768
23547
21717
28779
19690
9369
9533
24234
18691
11271
11010
19308
4554
2254
17050
287
26754
21876
16770
20506
10680
21407
7381
27358
18552
19070
24093
22427
2496
9317
23145
6902
5173
4023
24480
9
10261
9993
19476
8619
4973
25732
17498
6386
13964
25739
31578
29943
11447
15262
16546
24537
27934
25471
18688
5381
30735
915
25935
3252
25706
6282
7057
181
24917
16195
22078
11884
48
9961
7644
31259
23244
28259
4304
22368
27095
28907
3444
6911
8091
17916
17001
6626
6889
30834
6447
14686
1615
14573
12018
21688
30609
3958
20391
7144
25431
20581
10072
20380
31012
22657
7612
32384
31623
21610
4107
10173
26773
5940
23824
26303
1686
17493
30592
3132
10495
20673
29322
18546
16801
8019
15535
19120
4639
15471
31956
31255
4517
31974
17814
11170
23255
1049
4829
31076
13832
30050
17844
7953
5037
21679
4696
32704
2833
23152
5262
14575
12618
16052
32314
26312
23659
16270
5166
32163
9979
26302
27968
23755
18342
21133
10143
32389
4403
1529
2151
26958
11958
1042
14706
18021
28679
15012
6514
16777
14962
22
21052
5636
29104
10386
10599
27880
27926
30311
16150
28825
19725
27051
12050
14731
17602
13092
18460
30797
11295
20073
19841
199
28153
1860
30446
6848
9867
28251
8838
15267
1571
271
27954
3458
19483
2213
9528
26459
28171
29859
19216
6810
16189
13437
5235
14816
11361
21617
9652
15619
24450
25008
30035
9814
24633
22974
3536
3370
1057
10523
8637
12692
17290
32035
9751
32113
18034
27955
26326
5800
15793
16141
18883
26287
23667
19070
13194
15185
1515
16446
17168
25774
838
22551
22278
29827
21982
10825
4543
683
31153
14382
20286
6886
11281
26650
16788
14298
2717
30853
10089
28503
7791
11884
20696
13279
10135
17140
26240
20326
15560
21585
9943
31574
4946
24038
3522
14806
848
31661
6755
21580
7203
31962
10034
8992
23839
2491
2128
708
26243
24803
25624
6641
13999
28551
31222
21811
18321
18728
19324
15271
8289
17010
23474
259
12174
13157
30894
30936
248
9394
17253
20244
9311
27752
27073
10699
22555
32207
18164
6199
19470
28820
24075
29437
4312
807
25286
4529
1865
7266
17575
31133
25628
4203
28745
27070
7138
11483
15091
26640
19260
20512
11373
13324
28493
4128
6930
17006
623
13342
20007
9787
20773
1506
6763
2819
6994
15892
11503
9315
21928
4074
30760
14031
8034
6147
30531
7566
16438
12946
15288
29190
17029
31934
31010
14394
32214
1353
846
13457
9602
28784
29330
20185
12208
4883
25184
9867
10372
18710
32282
15441
17812
2823
20520
21701
19868
1793
1865
30844
10354
16592
9766
13635
11068
32085
20781
1192
29920
32044
11932
31677
28348
19085
3292
10264
17816
7792
17169
15902
28376
8437
32751
31874
3574
2306
31439
26888
20016
24366
15106
19087
1150
26590
26981
1102
11719
30893
24629
13918
7508
15634
27941
18296
28549
11837
31150
15361
5315
16961
3495
32323
2229
5752
24597
31742
2487
6435
27204
15647
25736
30290
12567
22479
10306
19460
14492
26031
22160
27022
21987
24162
25627
7745
21265
31565
7493
23367
6576
2202
17178
11470
22345
18307
29827
20073
20533
17869
14269
24242
21680
20114
14346
30261
3119
22596
2983
9609
2804
5103
5629
7872
26079
446
23067
3586
14471
11969
20836
25972
20873
32749
6789
8286
31008
11877
5291
16782
1526
22776
15090
4343
13370
20202
21536
23710
29427
30711
19091
16567
7060
32149
16504
15114
18384
6522
13374
3484
14767
11614
18762
13452
2530
2050
2285
29499
4180
31601
12179
15535
15105
10373
23101
31546
18187
9134
10289
31574
4106
22255
9455
32212
27044
17705
3688
13622
14175
4764
19307
12889
14002
30379
9824
1111
12130
31455
8248
4011
32268
11055
28580
24726
11517
7039
133
31938
3914
26214
1956
30758
4638
2356
32420
20777
14414
16692
7221
22538
29747
20014
7306
9599
21432
15920
28172
25756
12978
9870
5712
29687
26480
28200
25414
8714
7571
3307
15540
2264
21280
25755
10723
19668
11220
5839
24473
17150
3768
31805
27206
16975
16885
8503
18562
9303
30952
27510
2487
14629
2169
19735
17691
12903
13737
10467
31970
18898
21099
19411
16817
9924
7349
8147
10837
18216
5078
31687
29621
28571
14346
13516
23813
26316
26700
21696
5181
41
21099
6660
18122
14776
10592
9344
10883
28994
5599
29672
4830
29879
5420
6974
26212
29134
14896
19865
2146
2284
1228
10276
2786
1863
17261
23913
15577
3147
13025
9680
26786
7741
20585
6498
22187
29214
4623
22227
26735
27346
31033
7104
24484
4993
13183
12853
9653
6462
15802
22386
10098
2022
15709
32751
6407
20043
1033
7325
13866
19858
29019
17775
21145
30682
9993
27929
20164
16927
17197
536
17606
27997
5344
8434
410
27384
32523
15295
7820
24667
32122
23272
20205
3551
50
23343
13835
7407
4357
19695
22881
6507
30563
22693
778
6729
20083
19632
10364
23938
16738
14421
10610
23340
25084
14342
31530
5091
19833
22244
5073
7790
5017
10626
10812
14496
5107
1516
7640
24443
17801
31976
6884
12956
7329
30843
20189
9939
720
9135
16698
19473
5464
32660
9306
10887
7604
18821
12987
31500
30832
5804
27756
16063
24126
18633
18629
31214
17223
16430
12373
5687
16575
28430
21276
12269
15548
12792
12026
21182
17480
4511
23144
27026
19380
20956
26470
26037
18736
29174
29364
24889
23961
544
13125
16534
32658
29251
7665
6036
23766
15870
29034
21867
26061
6636
15985
31784
14173
1573
16458
26450
22274
27143
6509
26062
29985
7478
18558
11008
10649
481
27007
23347
24220
5191
5957
14139
23997
4986
296
11096
13129
10083
2303
17758
23515
10247
32076
22035
28715
27144
17331
16857
17191
13423
1969
17549
9797
17320
16778
11438
18455
32206
10627
20930
24864
15402
27474
18933
8934
19958
11731
8964
7496
6246
17148
8793
3602
30697
5139
20600
20175
18092
7710
21401
21726
11359
4764
23958
30664
6973
28786
12552
29137
7750
10536
429
20173
23759
9813
13326
15669
30525
17240
16478
30074
8462
3913
15524
11161
7193
27440
21021
16112
30998
22644
8667
7248
16736
2966
23731
1619
28154
5918
4694
14320
20432
17110
31678
5452
19776
25399
17612
24275
6361
17697
6447
6792
17763
463
30855
10137
23327
20233
5578
12343
21072
8091
17895
28068
5881
10247
16810
29326
31209
7031
16096
28571
13045
13557
9403
9797
22661
24798
24440
32232
28754
6804
5950
28441
32109
21108
20042
14650
12164
28680
10825
5707
5985
17533
27909
24835
1203
343
24644
24864
28945
1891
14573
12795
7228
8685
13677
30559
15780
564
31577
21659
28462
3867
30805
22998
13621
23841
18996
23459
18383
25235
29281
26838
337
15361
22653
21141
5653
5358
24649
31410
31098
2251
5831
23608
5165
4135
15004
579
12199
20000
9145
24853
15095
21021
20026
17767
19650
8639
3214
19965
1672
7956
9433
9085
15656
7950
23958
25217
2727
17460
15745
27627
11565
29080
692
3961
22352
27145
5392
17561
21909
28553
30686
25982
11572
30466
32438
8307
6172
17460
18848
4975
567
498
19578
17898
27631
10894
26010
29936
22001
21650
18356
25972
6705
14256
15101
12518
22062
32252
31120
16392
19063
13657
11025
26621
21358
30001
17297
23970
24396
3178
18866
29474
1381
19349
18444
21445
8878
16232
28111
12809
8060
28526
8873
7156
17038
29949
4586
27048
13646
32361
28902
31288
7508
4727
1178
12986
28460
10260
10899
29598
24153
26183
26892
30782
3737
8293
19031
21685
27243
25220
1918
1525
17103
8753
17961
18452
7245
26470
28098
9959
19768
438
22488
31954
20788
7627
24513
21470
30198
20242
5508
23820
17739
25013
6134
29162
20572
2250
23074
21603
16432
15562
22510
8411
20338
24132
32252
9852
4469
28882
18639
6602
10869
589
24367
21886
23840
4669
11214
7569
4436
3475
14891
6295
14379
12955
23223
29518
12597
28972
21047
25207
5380
6946
6249
30436
2286
30989
27114
30675
14
5931
12631
14202
3468
24212
2994
5603
11294
20149
27656
9722
7887
27391
8785
10469
20224
12512
18840
21395
19372
10739
24924
4760
19952
28276
5685
16440
26314
11254
32187
193
14881
1112
18851
14623
27397
22773
13867
21418
7481
22043
14265
18242
12270
21183
11198
5278
5586
22638
4321
11745
28233
26503
2650
31854
17402
19368
12955
30974
5262
5222
310
2544
1460
1601
18427
7136
27497
6102
2912
10362
886
20311
14887
8080
2618
5177
2106
26219
3241
18732
28890
24927
7061
16976
9208
15266
17453
27558
25315
24927
29123
13253
4132
24581
7378
3790
30374
8421
27455
9633
3099
12796
9695
1361
12954
4365
10042
25302
15757
11508
10126
18178
15818
4406
2583
14007
22784
28636
3982
11094
12373
32130
4592
28538
6733
21419
11648
13287
13294
19799
31503
28861
3362
4568
16251
26354
29788
16865
13430
22014
9598
31456
20104
14808
24571
9357
9303
9506
10296
15555
23335
2976
14393
5520
15517
4335
25465
14728
22984
12148
29209
27230
24418
19346
14141
28085
32594
1824
26292
7219
4982
26906
28119
26327
23968
11670
21427
18061
2270
20986
25706
18944
20479
12653
11222
13744
27986
17803
880
27204
14257
24413
14192
1313
4286
27784
1846
28475
2157
7364
1257
20011
22979
31632
6238
2947
9437
21029
10555
26206
2611
26024
13404
17211
2846
26019
20597
11787
21400
7862
26105
17032
20803
17802
7739
28361
15278
28167
19924
17427
29139
711
24132
18931
20708
20682
31452
1929
26695
31595
1243
14119
11999
27794
4823
22555
7565
5420
32606
4808
21238
4568
19166
8956
9351
2019
21698
15485
16567
20087
12254
7653
18060
14351
5645
17840
30305
4142
16152
32148
24550
8529
7898
12305
12648
22306
20130
15432
3155
20718
9689
15376
757
30809
17893
28743
9092
28753
7500
18278
13411
28736
9757
12888
1441
24454
25484
15245
31683
17702
25308
5194
14275
24511
17282
3139
88
31167
2695
10091
20600
19923
17710
17931
12059
4002
16087
4881
13379
27834
20003
11435
24377
6602
32089
15125
8729
16403
4616
27056
18064
24345
14318
30291
4069
30366
21273
19173
15926
3280
15692
21804
22277
25794
29348
4320
22259
31001
29051
30724
12490
3848
20877
19830
15809
30078
22105
30148
764
17565
203
21057
28755
12655
25623
21080
31828
18900
16872
12065
16779
11455
12730
1330
257
4770
22404
16568
11778
14887
28059
4038
26403
3361
9683
20204
132
4546
9703
9228
851
31758
8987
15209
18065
29583
24863
23297
1305
24907
6199
16413
5342
23027
1689
31526
9076
30813
12566
15802
7122
15412
5885
20223
6486
16623
23869
6711
3081
24831
13513
2965
29221
6477
65
12111
19156
16611
31950
18165
9787
26857
29262
18689
30391
30932
11953
32431
1894
23258
20642
13327
15338
19625
9578
11864
32105
10328
7698
23679
30936
14750
8136
30216
4730
29506
13189
31773
12963
6354
22764
20701
20418
12440
116
22774
22942
20938
28873
23414
27104
8961
7024
5086
24018
7404
9386
10872
15718
25926
8860
1771
4986
22021
22444
12557
7002
1237
27694
13304
26503
24260
27456
14176
26039
11327
1778
17188
25628
4413
26539
24866
31721
23994
2760
4432
1299
16999
29829
17417
30548
15776
14625
20132
23670
21662
8509
3659
14286
27886
28038
11530
1799
23073
32147
15655
16417
29638
24080
7858
28856
18325
541
25436
25226
15341
11249
9357
26932
13953
18627
32688
15676
6990
17386
11474
2132
14288
5443
25451
1757
28277
3795
379
25259
13906
11693
10457
11016
17172
29206
18120
3579
26938
744
14796
14026
4738
8244
2492
30141
22177
10539
26135
5413
3127
14655
24219
32669
26114
8325
2580
7056
28754
15198
3955
32763
701
27990
17695
26228
31251
17228
23184
32364
20117
212
16409
1457
23137
7385
16645
18998
25649
29063
998
30999
16965
9063
25898
24280
10654
972
24559
31982
32109
29295
31001
6272
13003
598
24737
9838
7338
26106
15663
14483
13324
26280
21996
20551
12403
27432
3729
14888
1176
20893
27077
22299
4959
8364
1445
30349
12555
21472
18084
9727
17582
18253
9365
6593
7652
1652
19974
4861
21185
615
5584
26360
14856
29486
24300
2965
21918
26728
31368
19739
16702
19765
11354
4407
31085
25428
18741
19269
3761
31113
9178
1483
6398
24898
15376
9542
32625
26489
25591
18474
26689
21724
20377
26660
25842
14636
17090
8354
11979
1507
20754
16021
1931
15385
25680
32117
4696
12712
32001
5510
14584
12687
24889
32603
28995
31636
11698
4248
30424
26414
32027
22012
19728
11681
6578
20126
7472
8043
27925
27766
17635
18655
8789
32288
10471
18960
11853
26077
8198
26096
12850
16859
2632
3257
27755
27062
26727
25996
11170
25918
1923
7000
30747
16507
5399
28926
26436
24814
12076
24755
19854
16410
17612
19109
17020
12099
23226
30433
11001
2166
2144
28276
15855
28873
16649
28624
14101
4068
15696
626
11273
24768
6360
28098
14238
32687
30782
5947
28535
6557
19276
3019
22485
24725
32624
14461
18861
10631
13932
5717
32510
5960
21838
19835
14689
30426
32675
5021
14050
12526
21224
18830
26894
29863
30273
7219
8781
32673
21102
11423
11634
10034
1530
893
913
1775
27061
21422
5136
30834
14693
20532
21249
14427
13497
6479
431
23701
19582
1253
25975
32731
12309
17959
24794
18042
20261
14450
8912
8280
9101
20851
24670
27701
22429
32399
19562
24625
7301
29058
16847
23438
17677
8262
21421
1464
30855
31798
14338
24194
4610
9331
16511
9139
32705
6023
21908
12225
14060
10312
10190
13788
3972
14847
2914
32558
7324
1994
12810
3426
21703
31551
14095
18019
7885
22098
12711
3430
5794
13433
16770
27946
7832
9998
18848
14206
4307
28916
19813
15877
9469
9597
9199
2102
24124
11915
30119
10918
5473
32246
14358
9098
29539
28206
7163
24695
28683
5666
8602
20845
10480
5216
18262
11540
9382
5501
1666
19013
22067
6583
4725
13004
29890
15833
3548
21357
31644
2911
10837
27941
26195
5083
26169
11185
32064
23447
23736
1365
17968
22396
23596
18390
27995
562
13991
30408
14998
19593
206
24336
26313
27928
13035
929
26018
21284
24637
18313
30603
16579
30867
31025
6106
20544
18457
8928
6984
26818
10609
17538
4773
26153
7685
23208
17866
30777
16540
22223
23246
31994
17964
27877
32125
23134
239
23049
6917
6949
6585
2195
1523
21246
29577
13652
5726
3567
27998
31263
6754
20214
30284
24967
10961
25073
10190
26603
14372
1211
23134
3504
25528
11160
26691
24270
31031
25811
4779
5006
7251
8101
15609
11922
32443
23129
29280
15381
12871
31662
27057
5748
27510
23421
31601
21485
18459
16027
15919
16807
28243
18945
15636
4083
6074
12586
31932
5074
23775
9149
16964
16823
21749
15980
20645
17806
24011
796
4160
23548
8190
7238
21690
20713
9069
28573
13577
18236
2029
17393
10703
11749
13886
32339
26087
1569
7486
14970
7486
24313
20317
16997
11749
10764
5201
10562
24420
19855
17163
3471
11344
6034
30697
18047
18976
30341
31533
159
25404
6906
27566
3513
14167
26285
461
27640
5631
19649
32427
18510
26482
1868
7065
19
14260
17942
3536
26095
30686
15006
29283
19961
27065
9566
13937
9504
27019
18512
20383
6091
2609
25265
22725
3004
14190
6661
26344
28986
21123
29787
10857
12143
32000
18386
12411
12303
1497
17244
22746
20026
11452
29890
21435
11428
12194
28649
15358
14067
22181
31571
8619
21096
29201
26088
6300
450
32445
27127
8055
95
25756
16760
29408
6309
911
20372
8428
14752
637
871
28888
4076
5286
22532
29435
9686
10548
5561
19705
20158
14611
14485
5690
25024
9987
8232
22682
1939
26092
27786
2402
8112
22897
11423
3704
183
9415
16792
9170
6159
23496
7101
13616
11469
19011
13418
11
18904
17815
26968
4552
4938
15488
7454
30258
2841
31024
16632
10791
2294
18850
11206
9873
26997
555
25176
6041
14447
3666
13544
5143
23205
993
21992
26956
31397
27708
19967
20179
15602
14322
29006
5845
32607
4242
14839
11901
10172
31936
11232
683
17844
2695
9652
7405
3062
29681
17195
3243
25747
29141
13452
28833
9383
12529
12144
13458
9020
7480
23752
22331
14187
30573
26657
19591
25028
26865
5159
20481
9457
2522
30824
15246
20885
3396
19547
13916
18810
2028
25505
20502
32236
1275
16266
23642
11616
23839
23003
8812
9306
992
3279
13612
1421
16178
15451
1861
23875
32070
9398
4008
1023
15526
29209
4665
5217
14977
1476
24775
30795
23363
3137
10306
20802
361
18668
7720
16407
18068
15027
8769
20422
19164
32283
10380
1950
3686
4227
32633
26786
2361
22701
18008
23088
30029
6266
10258
18912
32485
11253
11799
687
20255
14739
16279
32605
9418
14266
8437
15379
28535
27519
1913
19273
8403
17588
5445
12775
10292
15138
20874
20138
19569
4371
28923
20682
22519
7956
642
474
19225
3320
21554
26351
2216
7200
9342
32004
12484
26362
29608
5277
7665
14792
2428
4267
14446
26787
829
3248
5058
18111
32224
11811
2711
8944
12408
9494
19659
28013
2802
8214
5061
27349
11522
14163
28933
6255
18781
4865
27391
9654
18729
20733
23594
10005
17329
28084
18516
26095
7774
13377
7224
29154
26851
31189
2898
22349
18871
10332
32754
7951
3784
23645
20880
31634
13934
6690
13663
18185
1181
24090
7460
14069
30816
3195
30793
26862
13698
1067
2861
11424
13966
22753
20671
12052
23291
30856
6731
27441
9632
16356
24980
898
16238
17015
290
26937
4701
18854
18141
29812
4263
20248
5339
20928
31797
30303
1143
26843
16982
18906
16291
8383
16311
16089
1151
9435
144
17667
1834
4004
20763
25845
9687
7756
12874
12844
8996
20945
1721
5157
23208
8506
3042
10946
9163
8478
29584
20976
22235
17509
12694
2183
10332
6738
20928
15986
20127
11714
27146
19983
9622
27054
32016
9432
17638
9975
24774
24388
15422
18275
32105
23528
27111
482
30901
2530
8093
17431
8537
30327
2462
19731
11944
24059
3072
25956
10385
17393
2631
22606
3025
22132
19767
4696
32359
8406
31463
2315
10312
20870
21783
20470
1109
5943
12739
32501
15754
22846
25081
19891
27768
20284
31463
2158
18677
15358
13624
16890
9234
20385
22177
26377
15949
29946
22966
5801
19976
3637
18435
25614
19002
25787
31320
26002
19813
20570
13156
13562
9416
22944
18565
17659
24533
23431
19679
12285
29669
26712
29356
25630
18475
30153
5842
20602
15846
5224
10939
30634
2267
13885
28769
2954
27651
18603
15528
30271
11905
9624
13297
29817
23766
8142
13548
9462
10840
11936
26029
12616
1761
31952
5891
29655
15556
24240
29189
16169
11013
29576
9197
10849
28617
30264
31786
1798
5899
286
12464
25606
8593
18746
15507
16891
30750
5264
3284
23724
7914
28622
28539
11735
15695
26415
30949
3374
19909
18079
21344
4511
2576
9504
11509
6104
26552
16236
14213
4619
14522
26076
28440
1262
17533
392
6769
22023
27911
29872
14822
20262
13425
23131
22638
31539
13976
26941
29436
16425
27414
32222
27147
23139
17265
4089
12666
7447
31121
5922
12955
7200
8824
8876
5255
8960
22829
10442
24244
7461
5625
20724
10697
21355
1494
15757
21168
8931
30245
6338
25581
4307
10399
26805
10543
24573
9102
28379
8485
2852
21053
5794
16787
18637
2477
14168
16805
31811
17801
11592
24195
14301
12636
3622
20005
13443
20994
31917
21609
25199
25437
24454
11875
30513
15945
32620
18420
7414
23249
20622
28574
9993
17059
27444
31894
28570
1985
30630
6939
17087
4986
4426
13063
31416
24985
25868
7332
12663
31708
3842
6080
11104
18855
31568
14596
24397
2042
20042
16769
16341
32161
6105
5260
10702
16298
22048
16332
7184
6684
2911
18833
7292
28902
27415
14695
28221
11542
25199
3820
32078
2635
32726
6878
9020
22637
32234
28280
10542
1435
30104
21759
11042
1125
31621
2968
16505
25148
11437
11100
3510
8742
28235
31150
9091
12215
25848
4812
20213
32316
26390
8869
16144
10297
28271
8171
9102
8982
19738
15720
10460
23317
10655
1429
30054
19335
1626
21609
3092
26432
22565
9071
14356
25928
28721
23579
26075
17875
15669
9310
3430
9075
10187
22904
4550
9357
3606
11534
14811
8458
8873
6268
9824
20558
12964
6764
26919
4974
5920
29352
8614
12189
21966
20524
17075
3304
13530
9600
25996
19748
17942
5956
19994
20260
11604
14604
1143
29231
9747
3183
10157
11696
3167
30299
24001
20784
27890
7851
1264
130
24735
28156
2616
16445
14065
7612
2330
9840
13327
3715
6303
912
26082
22695
27033
6069
21626
19211
6699
10246
4526
19511
25227
2162
27651
20910
32519
28066
18640
24955
31558
6955
27039
21006
17105
16903
8405
15430
6865
9030
14742
21455
26907
19201
5859
6574
27753
30608
19973
7450
18922
252
16431
16014
5118
21687
30559
10524
11834
22923
19077
30212
12979
20433
3303
11909
15481
483
19652
8179
15201
22740
25911
13834
13576
10590
26463
20354
5908
19739
7869
16611
32445
23544
13533
31131
6541
6632
14393
32590
867
27861
2650
13165
17854
28380
31040
5898
23608
28857
2052
235
25169
128
10940
31197
20078
18575
31135
13130
24098
23232
8042
19470
6059
15331
1794
22407
1216
17259
3162
23275
2698
9063
13463
13535
752
11444
12658
9029
31511
9073
13278
23381
15145
14260
20971
26607
31574
30331
1003
16943
27161
18150
31955
22595
26557
18339
25060
30329
6943
8361
9610
18076
17333
7465
2436
22913
27855
8641
3141
28381
26141
21236
17818
28505
9586
32727
30350
19689
30151
9484
20619
15705
6019
7156
14273
809
13818
18977
1227
14490
22067
25866
2448
20745
8942
7683
23912
17532
14821
19052
13441
6523
24147
23592
18048
16673
13491
15953
2155
31090
27594
27177
15814
10735
30439
18516
9468
28264
15722
12869
17153
17426
25475
10231
4662
3289
4156
3549
6285
23799
21690
1819
10477
18118
6335
16374
21464
6354
12404
15497
19275
16947
32614
32698
15845
20762
19662
7789
27980
16297
11541
4856
973
776
9367
25814
27970
4277
26536
30879
14137
19995
23508
7223
15442
7783
15979
9030
7913
663
5182
10217
22261
32723
18083
17320
22320
16385
4543
21671
3449
8340
10244
8992
17014
9124
12024
31504
7293
30532
31032
3633
18869
1808
8637
12841
5496
19461
27743
20225
27900
20118
3991
4568
5939
3835
19337
14297
9199
18381
29250
1386
22090
16080
17726
15782
3653
6160
19501
11790
30127
24367
2294
8827
29769
15101
11517
21848
12071
32585
13218
12301
5977
4343
1546
28606
19403
20563
3105
566
21098
32165
20191
12062
27784
19462
4043
24947
2690
5745
31166
9527
8864
27421
20202
11622
28476
24842
14362
30251
22567
27610
6459
22356
2888
8675
3868
6916
2182
10370
31346
27815
9449
15026
15391
13355
18683
32221
1716
12654
28277
6386
26932
27634
8471
16823
30491
19160
1752
13409
12702
26892
13119
18786
5685
31165
18961
7554
30295
20752
13612
49
31876
25877
29107
7195
649
23290
14443
3582
7424
29822
1381
23992
22
29097
17118
3493
8593
15034
7011
13351
15377
26210
14137
21382
6037
28719
26875
25595
15170
13131
3461
17415
27744
32102
8977
777
7846
19953
23456
14864
14775
5517
11932
26350
22508
2499
11707
32142
25172
24821
8486
9095
11769
2708
11995
18928
32357
14228
4431
6519
4453
18205
8536
25773
6157
27524
14155
5284
16636
7033
10081
17340
14306
9090
23904
31418
15935
27560
23415
17434
16749
17775
8297
2471
4576
22028
14574
28744
8109
28883
86
9757
24649
30191
21615
22218
16787
2389
16553
14867
19989
13819
25720
28842
26247
20804
6394
9028
13461
12991
6618
6130
15075
5138
13684
12719
9805
11569
18489
3637
17523
24788
1877
13846
17269
3367
24208
4871
7931
21699
25970
8319
24185
29661
12203
2689
2225
30141
31922
11957
28793
24178
2731
13246
16062
7365
4238
10952
24009
22635
9094
28512
10689
28799
2967
14729
2673
15919
19332
5644
23116
28597
24560
14607
16046
3977
31171
24297
21861
3028
14287
12085
23408
21032
9140
22053
12550
21359
30208
18458
24283
1058
26011
25457
158
11452
1635
25759
14534
7789
31507
24704
4494
8210
32361
14572
28478
10085
1928
16268
30637
12913
3483
31467
4868
21834
11963
16848
27076
20474
15891
8396
1035
16574
32065
15887
28179
18035
1280
12159
1531
10059
8452
30476
22218
20420
8998
6461
9393
15835
29121
527
3728
11388
21852
11264
26812
4926
18825
15719
13568
20045
21772
4102
23521
679
11584
22242
2854
4748
10423
22099
23960
13871
17697
25175
12295
3250
17519
5931
18317
14673
9528
29
11543
24798
31323
8348
25120
7021
26086
5009
21184
11856
15158
13554
10470
8774
3168
2451
25825
2543
9936
22848
24358
3203
17200
12042
5965
2244
27788
13278
29788
25649
25267
5980
23112
23165
31712
31461
14521
24895
18841
4854
30478
29675
1240
29365
24993
23553
1385
13770
31820
18820
18579
31856
24108
20398
19194
28108
31396
6626
14788
13437
31653
27874
16123
10612
4397
18498
27954
8454
23054
15389
3692
3647
18929
18182
23097
28794
12442
20545
22306
16174
18030
4660
27463
18443
25138
2328
24647
13126
15381
14836
24160
8753
25073
26060
8920
7182
16590
32021
30107
15653
26536
26477
8741
23572
26482
29577
30626
6503
29786
879
5204
3432
11343
18661
54
2104
9920
9769
23263
6175
12711
1762
8360
18977
24519
17751
19217
22738
19505
28639
20577
15723
14093
664
18061
22300
24471
26972
11611
7332
16232
24049
9159
3104
2807
30336
3238
19744
7007
30793
26249
14592
9571
17044
23268
15734
25007
26091
18544
19815
2656
15238
19661
21503
20935
4359
4460
24064
13930
15464
24492
27994
22604
11313
16451
11005
13167
18414
10720
27371
25494
13536
783
13969
21839
21235
31580
20823
2097
1520
32699
27510
18019
7924
20007
30473
30046
31265
27786
21352
25587
9363
1757
17073
14735
7829
30864
23975
27326
3605
1324
31168
22254
30038
1079
13689
29558
16869
1112
7917
10198
18382
10683
10406
16192
32015
19383
24755
4952
2381
5550
7674
21561
32198
12085
6096
4536
18823
12149
7111
27116
15839
24529
21959
238
14099
4554
24161
9693
15699
3103
863
18725
12781
21304
32416
10241
23745
20676
3875
20799
28149
7842
10337
26436
18410
30973
11232
17231
9582
7100
24837
24066
28723
3865
7978
8478
23423
10127
24048
1678
5926
15610
8150
10407
11958
23802
27403
10158
26865
31896
17537
2202
15232
27948
24899
28956
9957
6270
520
25821
3762
18475
11528
26631
25080
31818
14862
11014
10243
5456
25807
9104
17732
21809
22906
14050
3215
31688
28560
22861
28807
633
1782
18162
26966
15125
15177
14794
25249
22013
24945
16617
17850
5003
889
7427
29720
9389
20125
17967
17925
32467
10149
32491
24983
9996
22898
6240
32225
14443
4567
19432
26218
10672
8362
19918
21215
5668
11546
32085
26372
3525
21826
22011
28400
12451
27647
1534
11130
6538
18687
20000
17135
23521
24347
3751
10758
6354
3303
9641
6421
28588
23431
646
24964
19845
8132
4790
14210
24611
12639
27589
17400
12317
11428
22171
4795
9789
29251
8193
12550
41
22876
21089
4135
30786
18393
15565
120
9421
9472
27459
22673
21073
23112
29744
7356
23871
22124
16178
15018
20184
18111
10530
11620
16716
31423
10578
7555
20255
9708
23571
20900
4561
29659
5755
791
29630
8838
26469
27351
22851
5862
10680
6847
25890
8132
3053
30458
23592
23244
12491
25532
27661
28643
19829
31535
22939
5818
26791
24497
23058
6819
7997
32316
7116
20644
4597
21797
16925
13258
24693
4874
22653
7104
21904
8710
233
16800
10437
29478
24966
1801
30984
7713
5512
13170
25798
10563
9554
7102
25379
3499
18910
26640
17030
19382
32608
27616
28759
9147
11046
17487
28167
18169
22723
12471
5969
5325
21100
22919
7616
14377
6306
31054
23922
14657
32018
7189
28443
22407
25785
26866
6988
16346
30027
10714
4854
29434
12758
1463
4394
28736
19106
8378
18978
30860
9309
5875
19333
32126
23156
1311
12775
4329
16580
5057
22415
26756
10354
14452
24702
18915
27671
8575
18349
29350
1825
32682
20885
20721
15478
8784
2036
8220
4186
6582
8911
15787
6546
21403
691
19072
28105
26128
8257
27727
11572
31882
5354
17235
29042
6966
8438
26687
9142
11404
21195
1656
32295
3367
13164
26241
15495
2516
7232
31926
16403
1001
6677
20542
10923
12248
356
20027
13619
8707
6102
23875
17721
7634
30472
17684
1496
23299
3211
16003
2012
13634
23344
16310
11558
31226
24962
22675
25427
18538
18835
13176
29080
14331
17916
3629
24048
14545
16415
16151
11642
25248
15279
6830
1052
9665
4979
19761
26477
4741
29510
31896
10450
10953
13155
18122
15079
29130
30943
28688
30240
11835
16247
21961
4272
4757
12428
31072
19881
16303
27500
14204
10085
21902
8915
32630
31014
1662
13234
7952
27641
24673
6446
30308
10976
16456
25068
10266
8751
9280
2700
6622
20023
20335
24947
22801
23842
29791
22478
14271
10270
22937
25555
13778
18366
11382
22602
2693
18332
30258
21837
25115
15684
26434
13900
9168
17997
27879
8532
21520
12745
17668
7056
26343
22752
1069
18192
5817
27319
16896
11721
4915
12183
24504
15837
7297
1867
7423
23325
24257
9929
28420
10700
8632
22805
19918
30374
8388
18275
27600
24609
7954
3196
3005
9459
3089
5986
26781
15316
19495
8503
25633
6277
31138
14939
28467
16913
12785
13013
24786
7763
17172
25076
12061
5816
19793
4405
16045
31303
11561
3688
15400
16606
16778
10511
13331
5054
25158
7943
23784
16201
6852
15466
18281
29195
31990
12979
26931
27896
8330
27427
13718
2292
8805
22628
14500
13721
14413
2925
26760
21812
11493
4005
8474
6672
22495
21067
32176
18680
26221
6421
1334
1271
2040
19479
23681
2146
21269
5863
29408
28440
30389
9471
23796
30217
2971
32098
20930
21493
6676
16771
32263
3958
10210
21346
8651
30273
25209
9976
11321
6569
14702
17109
18862
29797
32044
13320
6160
7570
21993
31039
30049
11516
9944
10543
7316
13465
12704
22582
1183
29526
3598
319
13777
9494
18950
30183
2406
5112
17856
6622
1881
20185
8241
28047
22137
10523
18374
11267
29375
26532
856
2
7647
16169
1885
5244
15901
1964
27483
1064
8034
18755
5027
27755
19087
1564
25403
10107
26385
26046
18972
29124
23222
9617
925
32395
7102
29345
6448
16337
26934
4255
32076
25978
23937
29225
21162
22446
3896
9802
13236
12416
13364
16197
3643
30925
31464
5774
26472
11367
3572
4634
7157
18803
30200
20184
28828
28432
19878
21632
1744
20282
31772
13963
2476
30701
26992
18050
10025
14221
24972
15228
10643
8325
6460
29411
17726
28719
2437
11894
28277
23796
5433
29588
19379
4020
11464
28599
6166
19559
25689
1599
2576
3589
12313
27505
4704
6564
15059
28863
1856
19680
2754
26185
4064
11136
26787
13733
25620
28759
15629
6619
13385
9575
22533
6324
19902
1869
22222
8501
20209
14297
7166
29542
87
1020
3543
13656
9551
16615
3795
22885
22873
1137
25729
14778
19843
15545
144
3347
31269
27405
24617
6342
6350
1547
30083
17411
31358
18182
20401
28762
3606
26284
29886
15229
11020
3301
8699
3656
29795
30718
26264
7422
26587
7942
19570
15574
28005
21368
812
12982
31449
9755
16769
24382
8171
4903
20696
27656
3676
14761
30489
24110
29293
8744
12992
12813
12185
22665
32048
25673
21891
23856
1865
3090
24878
12648
9276
27301
7788
773
22174
5141
15769
15176
13244
5451
29064
29954
4399
15179
10686
7676
12464
24506
15582
18327
24109
24221
5989
27312
13340
6500
17047
8902
31247
11047
22458
9311
20872
12847
13185
29351
9487
21176
32203
6235
3459
22261
22926
26597
8622
4181
20749
1737
25627
24069
21074
18495
17196
31926
20440
6945
24423
928
22920
3848
3089
12999
16870
13491
15870
30333
9101
23976
23719
17448
23257
32541
10621
13381
18403
15384
12669
32173
27826
23254
32005
13847
15279
10602
29158
31711
10842
5542
7098
27910
23612
31806
20088
3961
31260
29483
22341
3734
2422
4942
12173
29164
22569
1366
26195
12610
20592
21987
13253
18907
18707
21739
27412
14585
9695
1118
16002
32672
23635
23045
2493
5020
12444
22704
5739
25030
16068
17552
3846
17794
9254
30434
5098
6540
23845
5325
9900
17909
11037
11662
24494
28520
5786
978
8688
11186
25032
1635
16681
24449
32555
15367
19991
10604
24720
9894
32019
32308
12868
25002
23272
23114
22147
32683
17381
11409
13619
27468
20785
24164
13267
20320
12383
7387
27054
19026
6466
18250
25684
28867
22019
9995
4170
25460
4464
21630
6657
31847
24471
27981
23301
22337
13460
32757
10103
14579
15783
20610
4029
6809
20618
23193
27256
23458
25857
13500
15030
24370
19634
14538
18026
6340
7479
5573
28953
19476
114
11992
11989
1084
24352
27545
9071
1565
6577
23947
16873
16896
17240
24295
42
2173
4958
3740
29429
1693
187
19860
26140
19771
15335
8505
17649
26544
31470
7992
26366
17839
19395
18052
5366
31853
24790
27039
23019
8965
3048
3605
29888
19996
23326
25929
32226
28352
3157
17011
5427
6294
19126
12778
11335
29493
27274
5535
16595
23245
5967
27370
7010
29708
10251
7562
26186
14146
3552
3047
12511
14019
4321
8345
13030
9357
20260
9518
25677
23338
12824
12840
15641
28120
19993
24646
12703
1000
24642
7941
16119
868
24195
21605
7086
20212
19955
10736
24763
6914
21351
11001
16052
7709
12867
6178
4930
8347
11664
5153
29395
12163
32591
3523
31374
30378
23053
2864
32396
1563
10424
14962
26693
1724
177
27441
22856
8751
31266
21952
26160
8695
25234
21342
32211
2524
32183
27573
20668
12688
18571
23463
19676
8594
29346
31050
380
14163
442
6449
32630
21656
21396
22766
2469
7711
29186
29396
10650
3461
27970
32514
31888
23143
12426
17821
19618
32456
1252
1628
19004
23218
13884
22858
31184
15136
3767
3271
10698
18460
7239
9424
1221
7717
29821
24449
5119
5843
27294
25304
17930
1214
27640
30652
19909
26267
30326
30270
28043
21928
23923
18206
682
13131
20684
7825
25879
23029
23097
21569
28512
21837
17629
31894
17121
25995
8987
10036
7227
21025
26284
26309
19458
20385
16110
1528
10166
31963
12671
3529
1781
15173
8459
260
8430
26273
13922
28932
24089
12249
24526
20417
29222
7982
23203
8970
21043
401
31511
32014
23361
17745
9812
24097
15593
2551
13004
25533
31819
26479
8909
26823
9032
12392
27989
31508
28657
13308
18727
18988
6206
17044
11806
29518
30212
31238
194
20148
12065
7425
7193
8727
11769
31147
11712
23670
32295
9096
6201
16148
24940
1182
20359
6080
12523
2519
25592
28760
24217
28326
12099
22416
10991
27629
22482
9968
25314
19999
7777
27164
14868
13986
10696
19288
5452
3191
17685
10571
22820
24604
17374
14851
4353
18097
214
24378
584
28763
10909
4056
32719
32230
21213
31417
4498
22958
29586
18095
17576
6079
24233
5067
14197
8507
19405
8664
13856
12028
30846
16425
31559
22395
3683
27285
26866
13296
17377
14271
19910
24763
27372
31899
2684
23811
25117
18733
11153
3485
7173
8852
19262
26415
12482
7752
20394
917
11727
17056
22879
9859
6177
20631
30202
30060
21615
23247
27431
26275
27089
19926
11725
11201
21132
19881
22918
6982
20268
3190
15442
23939
28628
32422
19084
24759
18387
4123
3869
22648
32631
16054
27631
19540
14374
15901
16037
31161
30378
2235
15753
3346
1997
520
8389
30259
4902
3594
27607
23543
20530
16924
27455
29479
4519
4846
14970
15518
6916
9165
26164
28331
29805
6948
32442
3511
12470
8259
11950
30760
22974
26208
10750
27013
30462
26843
2326
14554
25185
15559
25685
22110
24406
7077
17342
19539
10276
2930
14065
18222
25983
18405
10585
26872
17496
20722
18086
27636
7673
17042
894
22658
26192
22982
7791
21059
21643
19161
11561
16510
31206
19686
2538
21954
15041
32411
13625
15053
24054
2108
32727
24749
9833
7915
4339
15909
10977
19750
7325
31826
24598
9361
24189
22158
2315
15606
11461
12693
413
9354
14180
11751
5980
9586
18301
14701
25755
1157
4887
25694
25027
7508
30998
32100
8429
32615
14698
14587
26543
28874
32134
26650
6965
31177
17683
534
12948
24055
2790
1475
9052
9845
13872
30172
31852
8560
11253
29861
8971
31468
5312
17102
26164
21184
10900
9627
23600
29666
8997
30786
15979
4325
2632
27797
14208
10688
8361
16096
22422
32465
4796
24853
8943
13602
7158
24870
28350
4074
27196
3763
57
25431
21916
9189
8688
9354
16443
30106
9053
15076
12942
28354
30396
30336
1997
23304
24861
20480
16037
17590
28855
21901
16942
27090
11647
26905
16156
3213
14329
13287
22841
8927
19022
29518
21779
10603
20384
698
2545
7592
1434
18163
12300
25410
23627
24226
24316
6334
2100
15377
20593
8030
31391
3122
15139
23108
13363
3811
23052
26841
9670
17520
29652
24688
4978
5209
30349
18727
11755
20822
31648
25102
22031
16025
18439
28812
16063
31315
7357
7934
24814
29049
27507
11936
30199
16584
17285
177
27700
9991
2860
15058
2508
27788
22773
2736
12748
25601
370
19682
32634
26728
11567
6933
11238
31837
2791
1382
29121
28315
29176
31503
25458
10178
2325
9798
26471
1368
17723
16226
20137
26125
21734
6976
14772
19267
19332
30949
16261
13261
8490
21092
2804
5111
23174
13570
25156
3783
27925
25753
19705
21635
13205
20026
19433
19059
1726
3606
22422
24552
20013
3231
6331
13438
7585
30442
3877
29597
12905
5720
6852
2374
25885
19317
6914
5132
25485
12320
6227
14432
18167
9453
11278
14610
23165
19911
6779
30997
9685
16858
21293
19075
4163
29360
19346
12000
12228
3737
26568
27811
6284
25169
26034
7666
16563
32221
32332
7342
19500
8374
12603
28591
21750
12585
28329
7505
918
17150
4943
1839
3012
29016
27347
13102
24933
4060
11349
9662
14777
30485
9541
12636
11478
28695
1655
24411
2901
867
1913
21989
15435
12043
21540
24381
14203
18455
30833
30278
28617
2854
16014
31817
16882
8281
13105
31731
15227
5740
17453
7581
19943
6438
11587
12497
16941
26356
10042
28425
105
18897
3377
23481
32722
5992
27701
26000
29420
31869
12559
11515
1023
6025
26719
5100
13767
9892
17647
31449
15469
19624
24641
20231
25270
12692
26986
19976
20347
558
13859
8835
16217
4845
27166
15923
1705
10773
10390
5426
28594
13604
1066
7800
18718
28013
8427
15774
14507
12291
15540
31208
9763
3288
4538
9859
21134
20774
18275
24587
28582
4366
25948
849
19339
29824
31974
346
25784
19290
31856
13483
31286
11476
24939
7107
27663
9755
15450
7402
6
15420
15144
14121
24197
17732
11711
17562
23511
23717
14550
12770
24983
30428
11018
20219
3177
22609
10289
7479
20968
29567
7915
16001
17119
29268
15481
27110
15803
28379
21203
2389
9536
7960
25844
25763
28540
30772
19833
32210
8441
3290
13162
659
2103
10976
16728
30473
19801
31786
21160
32208
10783
11979
2862
24894
24084
26734
3326
16873
13065
2293
16510
3689
9665
95
25280
10335
1774
15343
19983
23222
10332
28298
12488
1320
27245
14434
9836
8452
15813
29137
26354
815
27974
7559
98
32617
17471
17896
20127
20690
25824
18864
9604
27565
25330
23513
24883
7267
30405
15038
20650
6091
23657
25216
11928
24744
13088
16041
7278
9844
28948
7951
21432
348
16198
29692
430
12171
20935
5515
262
14251
4138
6741
26125
5289
8761
333
4342
20153
13543
13033
14962
9627
2950
7555
11905
12316
12602
28926
10631
5343
24238
15788
2978
16477
26629
31343
22075
15403
18196
13855
10203
2940
5582
30764
10816
12518
3327
5253
9905
16745
23358
30392
13454
10413
26652
10330
13867
651
22434
5801
6110
11727
25083
23408
1367
31804
21357
3371
2352
9169
18574
23148
19141
21835
31412
29821
24134
7147
12461
3399
23307
27257
10160
27762
11303
31113
2196
24526
20287
23293
15680
2802
30109
26315
14947
23075
15232
25857
4453
7287
27062
6406
24221
2361
30061
4642
26564
13456
12871
25920
32425
14172
27308
13299
31783
3681
21092
9400
26452
29863
1893
12411
7420
15648
5353
26972
2894
28556
11460
7858
21972
11418
2805
592
30121
7504
14203
13064
10726
29100
6762
20590
19549
12940
5693
31710
24202
27339
7278
27329
25286
27565
28740
28171
21950
12413
3053
4872
23588
9588
23500
16729
30884
21981
17428
31290
24090
17783
9366
7430
12802
31003
20183
21756
21295
29342
8806
5187
30913
9209
17260
16428
15697
7591
8069
29368
27246
31823
13518
30042
6221
22947
20288
22781
30140
17544
12348
20297
19544
1143
21606
10530
5376
11299
19383
7794
12425
16220
22478
17193
6323
28723
17543
19842
7516
14175
11983
4487
500
19423
11703
21975
3889
15841
4551
26023
27908
14563
11924
1031
22731
12568
25236
9318
3016
13
20786
3161
26066
13452
798
17048
12362
6593
24807
28489
3409
14747
15307
4482
26424
24181
22734
11785
29752
22518
12809
23390
8804
1845
25157
20219
32731
30241
28360
20442
29506
32289
25455
12856
22642
16887
29949
16537
21869
32490
7603
13836
31639
31012
26657
11696
2339
1881
23611
11127
24267
425
17071
8746
32196
6088
12918
6829
8689
21084
7337
24709
19543
17318
19095
22423
20945
11109
532
24370
16900
4599
17428
26192
14998
7874
22904
5401
31387
11730
8743
12201
19024
26819
23137
5651
2828
26338
19024
1446
883
6287
5088
32623
15341
486
4817
30718
32599
2206
779
13421
21496
22832
24881
30879
182
10044
14712
27334
29321
19753
22714
20520
5681
3853
5062
1826
31268
1228
6395
25197
19659
28547
21
18848
2797
32295
3142
17142
29292
17769
21641
19026
3375
28381
17971
6528
26719
25436
13770
17854
19414
29863
29211
22139
1492
19020
3463
14686
7924
5582
20894
14218
2655
20992
4335
20513
9792
4530
19229
7174
8312
8591
22326
7912
5010
326
2113
10620
28665
30696
22
12553
1384
18321
9331
16426
16547
17483
27211
25808
29029
21039
27489
16262
11417
3790
31254
6137
7884
10703
10111
6839
25315
12505
28603
9271
12553
21171
132
15642
31212
23977
19971
11184
16937
32050
27113
16062
20996
31441
20667
13694
3421
1593
8557
26856
2016
18612
29491
6704
10619
18373
15764
2704
30485
23308
1728
16455
21373
14699
19491
7394
19616
24935
22842
10426
18688
24785
166
14270
10593
16293
27519
19314
12997
4658
29418
22072
21659
30331
14318
17359
7988
222
28035
27417
32374
23539
2284
19745
3284
8119
19527
17756
4734
9194
24419
3887
1236
20917
27345
17586
6689
14480
26942
15028
17798
27235
8960
24063
12084
25323
2030
30172
31966
32352
23413
28634
32367
17237
26344
6348
4856
991
9752
26385
23020
6649
8741
14872
1167
17191
28307
13090
23468
24410
31904
2890
19846
5908
14549
2755
6162
11468
9948
1378
25443
32148
28561
92
24678
29945
5467
25936
16335
30763
17085
26248
5459
3166
26408
30844
31512
15471
5652
1175
2410
459
23631
14654
30383
13453
32660
6927
29597
18150
23647
15206
6058
20418
22016
14374
29124
10408
3310
26806
4419
8930
20319
23625
6940
6111
30741
3427
16215
22741
12155
28313
8899
16810
17136
13464
4328
29461
1635
360
2621
30721
29728
21746
667
23090
32489
26304
25586
27178
19017
19717
10555
15950
15653
5341
9645
11589
8852
12245
19508
18337
19697
23214
2847
5313
28462
24926
4120
5877
8298
25688
2138
23268
15814
781
12574
5675
7797
4019
19542
6471
19987
12357
19870
6325
16696
4299
21360
4439
14412
2779
16535
19482
17565
26208
2534
17622
9134
6042
3113
30838
25811
7782
32348
24152
3322
27328
21531
4343
11468
27270
9306
27079
7413
9342
26710
5216
21695
1179
9931
23775
3814
15740
24424
15753
12456
25398
19072
28594
10011
9043
16642
990
11971
15899
24747
17701
14692
9490
16506
27612
26133
25281
18789
25457
16278
12217
1866
10135
13539
22742
1576
31907
9
23233
3983
1846
28473
22200
23637
1821
17435
17554
3723
14709
7524
1533
1967
9747
7851
16139
28451
23587
19065
6125
31966
25102
17055
19454
23650
23714
25292
10755
15342
12653
26974
27056
23540
10345
8825
31343
13005
20703
18774
12126
30892
11653
5086
27798
12241
27625
7288
14771
31999
11027
7711
23953
25647
5478
14007
26451
15750
20936
9121
18602
30341
4099
11405
25940
29568
13418
12431
15330
9553
26303
2422
3007
10061
2132
14681
7278
31095
21873
5746
2579
10996
13814
26927
15157
2239
321
12423
25538
9374
14674
139
14675
18517
301
12093
15538
10521
21120
17316
15514
28487
13958
23328
30141
26198
1579
30972
29707
26891
30065
29762
6450
24043
28178
30675
27745
22518
32103
18614
5970
12178
22920
18097
13447
10182
16821
23318
21204
29608
15861
18912
21021
12313
508
6398
32097
9647
30546
495
1527
26355
12978
8591
17432
7885
22705
23089
24734
9020
13728
7149
19467
8266
3250
1852
9933
28480
25186
7618
32449
28182
17935
30058
1525
27437
24297
8632
9906
31041
16401
18267
6330
16281
18428
3586
23502
6784
3865
25713
15219
8185
10675
19156
16374
23727
16664
5971
12462
23851
18427
26854
2945
22345
19991
15467
5545
2029
14101
22518
27064
6386
22704
104
9946
9059
17431
11587
9563
8686
16018
11964
21609
26517
11625
31250
9498
28327
30978
4127
9905
5103
11081
12845
14365
4651
19796
22794
29378
20928
18504
8799
12924
24747
19830
10301
24289
9915
2506
30457
22983
10749
10342
5434
14087
30584
26762
21072
8576
1051
19127
20167
4446
6644
6420
29500
14236
9635
20240
18800
17095
30733
9289
27547
24837
20565
16045
32259
9047
16904
20446
26316
9755
19351
8667
14354
8917
12555
22238
53
20270
28404
24704
29812
11581
22946
29219
10686
12550
15512
29329
20420
24384
3646
12513
8787
18780
3030
24731
1249
2754
20913
8476
31846
11102
17315
5179
31597
2907
22964
18476
13418
15406
9496
30885
26190
27351
8546
27456
22361
16227
9716
27425
29231
21942
3002
10200
14639
13191
23320
31624
1024
24492
5664
23625
15212
32408
29449
31948
1906
6178
6876
24638
9110
27272
16497
25966
19836
28339
9114
3377
437
29116
21662
6
31449
26544
19433
5878
9942
23440
10753
27582
1671
8348
13244
13360
11145
10449
24241
27863
18506
9393
492
5850
1634
20546
32486
3362
5927
4441
30388
13503
12923
19224
24446
3208
30697
2742
3635
24578
26097
29054
2171
8580
23455
27
13037
12184
22627
10002
12163
2467
28188
16528
74
14281
6518
22374
16990
27147
29814
24402
5398
4786
30547
17024
380
32753
15240
26704
30208
14534
29991
6490
10861
8481
5744
25776
27
10568
20898
27234
12903
3194
27921
12104
27488
25298
7545
24059
4291
2671
23186
6437
23850
11218
25060
17147
6528
23943
23517
24071
2744
11016
22305
27435
26558
734
3617
26851
27566
20489
10991
22474
22597
17058
32081
26720
31893
3007
22292
13834
5116
4247
674
13146
4438
22759
2007
11153
10866
15508
13073
32098
14275
5265
4742
29433
15448
29443
24027
23356
10766
9891
31730
18513
13829
3428
6915
5984
20816
31319
3822
9626
6641
13003
27087
22138
22532
18104
723
20298
23354
18526
24395
3050
19593
10025
12799
12493
18466
12760
25797
15940
21412
990
24658
2303
1167
25096
1615
7120
27387
19041
4528
26291
5258
15187
20801
24332
15259
30222
28801
29999
30400
16430
17076
805
31859
26775
17460
6318
20228
5028
17928
18562
25814
4738
30647
23260
8395
18902
17246
2361
12029
27558
12289
10077
6575
2166
15903
23960
10883
15281
29321
22599
27629
30539
884
4253
24295
12965
23500
4772
14566
177
26827
25726
15885
20822
26059
29425
2977
25110
6744
10019
26302
8686
16010
2465
25416
3197
31121
5798
30499
16489
11922
10139
19879
21759
2994
5594
28494
13081
3952
31415
4528
30021
30775
12481
9138
4899
21043
31301
27130
23567
5989
28948
16294
1280
5618
9094
20285
19888
4289
703
22501
254
20036
1585
21207
21648
2454
10338
3345
27580
31175
8432
2378
425
25460
32722
15915
32433
26778
3552
1212
32010
2731
5782
19229
166
4834
32533
24438
26199
21716
20074
26416
20023
32585
2835
22118
1351
28489
4543
31638
12886
14714
18774
29597
18981
23977
22585
6626
3784
22694
16075
18641
7759
2133
31536
32395
21670
5634
6741
14811
1210
23285
23088
9069
19677
29510
16713
22330
2668
29427
20345
25159
12463
28976
11249
18575
1792
24062
29823
10045
4656
22015
4621
18207
11558
26761
13931
13144
5321
1017
26446
10325
27425
31818
15000
28418
30136
24550
10201
30781
6983
3771
4886
19595
25742
18322
29898
9225
1156
8092
17195
15014
11184
6222
174
13456
10967
18287
5069
9964
10455
17776
19464
6346
28627
22011
14378
4184
5520
32462
12749
85
799
202
16928
10697
8125
26439
17384
17908
8951
8619
26309
3204
21010
23355
30647
27147
11433
1329
4832
31407
19608
18190
8844
7460
32025
18737
20334
12759
19757
3497
17964
23148
8510
19272
30239
19819
2050
32504
11604
4662
22178
10066
13782
14655
20508
24173
22575
25719
23526
17908
26412
13322
4052
31100
14561
27465
4411
31508
12525
25063
4439
19997
16383
5481
26858
13404
31897
28376
5926
16717
14612
4281
10189
14266
15077
16703
17559
25997
30494
17598
30164
29155
30776
15459
22098
20833
20751
23843
16001
21707
16686
4849
10965
1490
28237
25652
24940
17966
22296
10616
6897
25837
25394
28003
12992
7691
13434
2283
8778
14402
7565
20423
19387
13603
24972
24867
22491
18278
8479
28824
11058
895
6329
7003
13936
32370
5150
7605
9740
20199
15139
31923
13610
9345
7093
30750
10178
26988
5405
22701
12287
8757
2178
28282
17125
32735
29360
21427
8247
22579
21272
18322
4504
30807
1047
13711
9456
1442
26747
15572
26129
24751
4675
19441
23451
16048
18086
9425
19228
27909
855
23788
2172
29454
26888
11711
21657
1597
12077
10617
3886
1135
1282
10232
16377
26748
975
32755
15133
27916
5738
24697
25797
20909
31230
24218
22538
30243
15372
2916
29975
16383
22959
9745
6794
32372
25636
15998
3614
16485
20105
23519
22663
20674
18661
31666
6302
19733
19561
31985
4542
2648
15606
19340
31086
15370
17375
24598
18496
4482
18415
26558
4601
15746
9902
10370
10481
7183
4832
30111
4285
27264
15439
18508
1036
17878
9418
20647
4559
25419
18030
4848
5533
14126
28452
25845
3925
32237
30059
24525
7685
23412
10840
6601
8714
1205
11482
15528
19065
10120
579
19466
4542
1206
6148
12328
28035
28752
4792
22721
13780
11334
3685
3160
1920
20788
13310
14236
9666
14719
18476
20776
7968
8865
5965
9580
14740
30913
25278
7915
27114
135
13141
24232
23145
21294
13618
14554
17589
24795
184
27111
8948
27949
29910
6032
31792
14869
1675
29289
20476
21736
10665
2957
25947
14770
14041
12943
221
16590
29407
28596
17931
2739
6943
28255
18437
24081
7008
27596
3434
11293
20689
32257
2936
12072
32329
18178
23669
22391
21971
26693
13645
31311
15210
19045
24188
30543
9473
3354
13358
18435
15303
13161
29093
11701
8872
24600
19420
29062
1559
13925
8042
27326
22795
13048
13736
16225
25415
4373
25878
4867
1247
4118
4347
6108
21240
11545
19532
13855
29135
9462
9167
15752
20477
21108
21376
21812
9977
15548
27444
7606
25822
27149
9852
14695
25454
19122
31692
12029
4183
20529
9949
23136
27318
1222
12879
24505
31194
14095
17555
21707
8522
3593
13320
5254
30217
6459
9828
28889
31000
12593
16214
14025
23357
15404
8810
14528
11779
11032
19500
21287
9730
17086
1680
7990
21088
1339
31889
18443
28056
20401
12569
13818
11130
60
23841
1061
10356
14376
31001
29772
24079
3681
30090
21734
16572
17962
26362
3440
27345
24082
10512
17669
30927
2852
15608
22319
31462
29791
26377
2813
8123
16998
20389
16469
31848
22392
11105
1932
5572
17313
11878
22324
3814
18738
20248
21557
8420
1392
7157
24608
16352
4489
10431
25023
4422
12236
22237
31729
5967
22808
31999
9908
13770
16021
12801
24196
29723
5027
16146
24036
8324
13328
32021
5434
14499
31374
8519
21727
15164
23396
15650
23927
18233
5987
30082
19070
11247
6940
13575
2852
20131
24144
23994
23899
2381
22440
15859
32558
26267
22694
19578
2644
24377
26076
28652
11781
31824
24412
21856
15116
845
3439
6731
13854
3811
25994
19873
25706
14675
7037
3133
1649
15339
21230
15491
13592
10188
1286
11588
5371
7153
28266
7137
21509
7277
6509
26036
9534
28404
22660
26795
12003
8349
17658
22326
7868
6374
5604
868
22698
24057
25432
25929
29568
28206
10714
24738
30739
21200
8727
3516
5781
20516
16598
2449
17950
22183
29483
4404
652
6552
27373
27760
7309
28342
3947
27564
20474
23371
26203
32018
5223
29289
2323
7409
23544
26740
31228
9567
13430
32736
28227
16674
32417
13116
24529
1489
12232
16496
31614
31030
20888
31043
16257
1527
13362
32032
24107
9077
1664
16409
14550
13557
18632
812
1816
25598
19841
8645
32316
31233
15462
22661
3314
32064
19402
26946
32581
5352
9259
16463
7886
30848
8713
32509
8999
28295
27128
3937
1699
7769
757
9560
4924
14675
27382
20681
15309
16183
22981
1322
5506
25042
9741
14918
1420
19420
181
2621
30489
20255
31342
28876
11651
15836
1928
4046
1735
29546
30218
7427
16954
20512
2561
23825
8055
11381
13336
20424
27036
1894
5737
29098
17078
29720
19347
13995
17273
2751
9229
8757
17205
24766
19898
8303
23557
19472
6589
1215
32586
30182
21646
20878
11863
145
25677
11595
11118
17571
8535
10418
14060
26961
7448
14926
11456
23580
19232
4924
5665
27569
16504
12595
897
2573
32054
20929
17084
31204
29775
10967
17814
27460
17837
3208
19556
19318
24193
20494
10505
19493
29659
14350
11812
26049
2936
9757
7816
22822
1754
18818
12525
29817
25758
11069
31717
8019
11275
15177
24081
29218
14055
17183
13972
23756
19854
24955
456
8341
18757
29538
11824
8514
12491
3684
15790
20862
817
28703
1782
15998
9452
1796
11075
32481
9001
30814
5193
2266
16736
18319
3690
13200
1324
669
21292
26565
13402
6126
6123
17334
31039
14672
29899
13891
8527
28733
14321
21840
10732
18268
30963
29547
3964
11594
140
14511
4798
29851
22677
17128
26718
5404
6192
4344
1735
4699
16455
15737
1592
11114
15413
19619
18202
14303
23234
4464
21137
22047
21333
28159
10577
20189
11109
29494
29875
20957
4145
9132
19975
28670
30897
24006
4140
30327
9164
12576
26463
3937
18123
9006
4945
19318
14
10019
3964
31000
25085
19729
5558
27797
10818
27730
12039
7593
31030
19752
18104
15940
7576
5536
29612
11918
18565
32188
27636
29224
15780
3792
22173
2741
21410
29229
28620
23450
22750
4861
13070
31489
12389
5998
32745
5156
15136
29971
27831
16072
24908
9351
15284
28679
20523
14419
9813
26707
16377
23313
29403
17080
22050
30930
2089
2401
30642
6078
29650
29534
8205
9210
5751
12197
4064
13007
27216
24918
26711
264
6152
12611
1681
12443
19918
6319
13137
2444
3241
18774
31478
16911
24587
22190
16813
4589
13226
1133
26597
5416
15243
24139
4867
16866
8799
32009
28247
30075
29203
7346
30799
23802
27299
26657
12267
15534
15151
7619
13937
23317
20816
29086
14690
4860
12972
20626
14508
20712
5320
26847
32033
32693
10014
7144
21288
10365
17264
15671
23987
18875
30811
17088
5489
10672
8751
19050
18500
10246
1534
6347
11509
21172
8947
30003
24359
16929
11749
1773
22409
140
27436
6081
13392
171
23220
24509
26085
26514
27216
15926
5082
11735
8784
1033
20003
23540
85
13094
24195
26092
29796
22352
20036
27186
13370
23582
29739
22470
22751
1094
7851
16289
31358
26138
11865
21843
15988
4435
13472
25323
2983
16910
27318
13335
22809
17684
5326
15500
19133
29022
9616
32168
4233
23257
13766
28502
15308
8806
9304
28723
32450
1829
29306
239
2661
7411
12324
20213
32391
19505
3266
21070
8222
32456
24622
706
18911
7785
16347
26689
19214
18458
29779
2690
10388
22766
25315
1002
29778
14355
16276
15279
11957
530
7006
2877
26250
31059
8857
21209
2836
24544
8116
16772
9308
7786
5673
21538
26057
23697
2480
20443
20208
28256
17844
15298
20141
15127
14595
7604
7283
302
14793
32387
15328
7062
17855
31060
24213
11330
4768
23110
6212
20454
733
4181
6410
16127
21137
30333
25088
19
4279
14370
10253
3898
14491
21679
22782
7901
32654
1662
30424
21950
10974
4344
15724
11832
517
14845
17965
23241
12577
29318
7743
21453
12196
29320
720
29324
32589
19484
14251
15735
22359
14814
11274
18863
4080
11410
25004
21959
25068
23566
18984
459
20155
24404
3713
18561
17560
4094
29946
7662
21252
15583
22828
22300
883
28647
27221
16155
10821
19271
9203
32070
17399
16854
13458
12487
12955
11955
18146
25950
28549
4140
24844
17758
1352
27103
20038
11512
26081
4639
18086
699
28977
28314
18739
31068
16305
25656
23618
7859
1377
32326
10240
23559
8449
4307
8011
19339
11140
23130
10950
1832
7106
26786
2604
21629
21101
17635
24548
21029
8774
11050
6870
2616
10384
20734
12926
3604
2501
32580
26942
32605
26249
864
2297
10818
7388
15261
19933
5378
10643
17103
29568
10415
15881
32567
6191
22323
24082
6310
27267
25232
6704
6629
21812
10604
14858
16725
7474
7372
27417
17619
9714
17184
18341
3294
20486
27776
18928
11004
9713
31797
32689
3929
19257
27515
4547
16818
25022
27013
29727
8561
22857
15554
21000
28954
23912
18783
2693
12517
21882
24845
20756
3245
11014
16388
18077
24840
19025
23367
7845
7096
4399
25642
9412
31554
8217
9490
13913
29148
16768
7037
1148
12172
23393
29506
12852
6031
7962
18201
8938
9464
27516
19037
3358
665
5409
16401
9561
23078
2303
25378
30051
7832
32062
9195
13237
21968
9287
24318
12081
9597
5662
28962
8977
10047
25585
19608
1822
18445
2545
29603
12322
14036
13152
31815
21663
9824
1259
336
18881
26240
24891
9366
3218
6245
23495
1664
27501
588
19948
22215
25525
18013
16959
25212
1990
210
10786
17229
300
4443
4501
5124
788
5057
17743
20048
16639
19402
7950
13768
15806
2142
27691
29741
1690
16871
8817
19183
11987
30718
22319
32243
8012
4675
11404
23444
3716
18572
10523
1512
13512
22083
11695
24900
4263
32009
32113
19458
20391
6815
3119
897
12086
22023
1783
23150
27107
10214
19173
9282
1230
16941
15929
31244
4445
6904
16300
15473
14129
7863
8197
30449
6745
19851
23015
2156
29125
18419
31725
13540
25085
3751
30969
1156
28691
31172
21192
5089
8405
11050
21194
14721
6216
34
17713
9370
19794
17989
27208
22811
9655
14233
4615
11504
3655
508
5604
10882
25429
24006
9451
31870
15722
30634
5649
18136
30267
12765
13510
4367
31193
122
15305
9650
14376
25894
29248
2851
19090
19952
7944
31131
8700
23418
17994
29294
20729
21086
25935
23697
17982
15307
8341
19033
2903
31087
6178
19589
23448
20634
22040
30335
10069
12448
2954
30687
22358
14463
3982
28465
25733
16321
21651
23032
6122
26276
18421
17907
1753
29049
20431
10142
8042
29514
23313
31228
22826
3007
14290
2964
24080
15426
9191
7353
16307
6242
19380
13071
3257
21877
11074
17995
23187
32130
1426
10810
5992
18782
26161
23045
14414
26132
24845
2227
6080
10634
1159
6895
6221
31330
12745
28172
24461
28447
20314
4166
15705
26761
2543
20043
4923
11090
6021
14842
20516
15609
12460
3690
21597
2031
13350
5422
20928
2809
10416
28887
31784
6101
4384
28859
7718
25888
18096
20981
26102
30583
19866
4525
32433
9693
22501
13466
18883
15708
27262
10180
19616
2031
22666
7823
9907
15008
2299
4597
9111
3822
14945
17683
15754
2929
14595
29415
9247
16321
15151
2392
6963
30611
22478
5494
17953
10533
19259
17668
13114
8925
32342
8500
15215
15405
980
26289
2641
3513
32729
7906
25148
29884
11720
24174
28878
26023
30810
19707
18334
21004
22509
23100
19755
9659
27423
17450
14867
7979
32156
21137
30342
1819
28980
27599
27641
2936
15665
26328
7967
16770
30695
15998
9749
4907
7820
2544
20189
7103
3914
24192
2573
14282
27027
32425
28104
19511
18613
31312
25838
2229
3246
9290
24208
10591
9537
287
4519
31643
4937
4877
10501
10818
5198
10064
27531
5378
11350
2209
13469
14081
509
15101
20691
24771
16584
9383
4849
18766
30135
18544
13594
14988
6681
30006
23104
23792
16548
3755
17375
26204
6341
21335
4075
12355
15413
17377
4871
30987
31437
3978
8951
21685
6299
10746
25944
4287
12853
28223
30350
3913
15181
29459
31999
23928
19334
29789
31871
2328
11654
30203
32266
31109
25677
959
24505
20427
6853
12983
24815
4620
12698
18354
16083
9762
24395
9983
29956
24454
5762
29048
30344
9328
9889
29376
29445
28224
19101
17608
31795
10525
6671
19608
8081
14044
4232
29772
18519
6435
7973
18012
32172
1742
31844
20001
20762
28817
9782
24981
4415
14559
19030
14427
5317
8971
2264
29695
12692
15790
17669
32126
13381
19528
30822
23561
27610
29738
15391
26886
7597
12435
31871
1368
30119
21017
2772
13280
18098
3402
388
15683
12145
23700
11865
16622
30510
14690
30493
22360
14100
28808
27751
10631
9118
5601
32436
8662
2639
23350
2489
6645
22436
20066
10744
10801
14663
17076
4242
32246
12421
27029
18780
20882
10498
24171
10036
32059
26539
10685
19094
12628
26093
32663
30314
18412
27940
15664
10016
20360
1623
27082
8191
13090
4642
16090
25274
9073
7411
31593
17733
9579
17274
1722
6630
27145
15194
9773
7567
21322
21541
19043
8299
19066
1159
14243
7351
19380
22465
3452
12243
19110
20313
29100
10649
21652
3344
25153
9709
5023
22805
29438
25749
5960
22648
31232
21324
1584
2017
28578
32273
7457
20098
1437
22981
8018
15690
14708
7413
7143
20060
26127
6901
11448
14527
6309
21806
4691
11351
11488
14008
20804
2580
29756
11820
13460
27753
27825
6579
22927
5120
19089
14691
10442
3244
22963
7116
24677
7839
31185
14541
5006
24541
14895
11949
17222
31216
22653
21862
29800
30685
9983
7236
26343
12376
7659
26031
21079
8244
7187
21829
19375
18717
6851
17453
14413
26761
22765
20391
29242
6892
16771
13799
432
16171
4389
29987
4057
11860
32508
24811
30426
7052
27878
8633
4880
12361
25299
21193
14745
14529
22895
12842
30743
29858
6145
5910
432
24579
10642
8831
27994
2202
11603
24042
10581
17200
1593
15488
18424
21843
11754
12898
2481
26443
11996
22078
18504
21071
2491
16672
10083
7928
2572
8330
11855
18421
19985
11974
12029
5377
1516
1403
7755
8722
11782
32383
16773
26323
18610
5868
21804
21077
23310
2166
4342
20225
12586
3323
11541
17106
11629
92
19644
24513
10036
21644
29152
22656
7355
3046
24124
19818
15425
11716
1431
1467
2151
26957
30025
18684
7130
23182
21756
27842
20529
9677
25776
27288
19481
23833
7170
4666
15535
25638
20141
11268
15917
18008
31313
8105
14281
13086
8563
29480
11994
5249
22469
13820
21821
29693
25512
11411
22263
8591
6384
20482
11035
20751
20711
30199
27631
8640
9108
13551
31306
17446
17981
22697
28736
12823
13098
31450
9985
11541
32428
5154
21503
30427
32094
6463
335
30774
8107
30849
25938
18966
9872
2941
23956
21733
5539
20742
4340
31255
1621
857
32006
31747
16500
24216
29365
6129
15348
11130
17965
1652
28654
25152
13816
22010
4841
31211
19814
21409
12377
14252
17971
30284
14181
4764
11620
32759
26349
32685
20338
18759
15052
14816
12202
27493
15962
23225
3796
15373
26677
22257
17683
20450
25410
13162
29452
30469
26862
1640
20042
26597
4282
6397
3297
3161
14582
15557
13394
9452
27852
10708
20399
13943
27521
30957
20736
30198
13560
3572
8676
9876
16248
1702
10108
7688
15022
392
15748
25380
1014
20765
27843
6827
12246
28508
24742
13924
19659
17761
24616
6764
17225
7011
19956
11472
30461
17638
29646
859
3413
23858
7471
9133
32066
10243
17711
2445
19517
27266
23464
26497
7304
20596
26009
21915
28854
12722
31944
25237
18541
19417
29356
15137
31339
17474
6793
23418
28615
1589
32477
32575
9337
20825
1531
17281
4381
3183
18934
12059
25076
12352
10176
5441
7980
24276
18835
1628
10849
31461
12432
17173
13667
21395
423
26032
5690
14426
6582
13724
7271
2368
11509
22856
19309
5971
30097
23096
7824
26962
13719
12119
14813
14507
4116
16783
11370
15013
32123
7831
10207
2527
24390
19980
20789
17401
30432
31940
3774
12177
17347
29279
30566
32369
3293
1310
18232
6
6457
32761
32036
22549
23515
12011
1535
3497
5868
1425
6347
1616
14871
5107
10297
16774
50
15778
3436
26738
4129
26371
20480
1488
9463
3306
12107
31279
351
31338
20706
92
12859
4332
14431
22046
25738
22143
27746
23843
21135
15983
27862
18491
3120
24601
24182
10436
7836
4093
3983
28773
24368
3861
14855
15104
23964
17510
9886
29921
16705
13524
5492
12604
5598
11578
4044
17622
19308
21178
1807
30978
27974
3410
25876
27343
21645
176
29086
27264
22987
1864
12582
28476
18902
25507
8411
29447
8696
7162
29672
19185
22348
13315
13813
20365
11627
14603
30448
27045
24648
21573
25613
22316
9561
22370
29195
15476
18424
30561
31930
21922
25864
10665
32698
23646
2523
22357
19589
30159
14931
23247
25007
15558
8776
31648
18285
15417
30250
23686
5461
28148
18152
4039
1380
4491
19728
17862
14405
28563
28471
18900
3792
23825
1947
16712
15570
4915
11527
24786
30988
12094
759
3084
28286
28360
21757
4946
21221
31783
355
980
18050
24361
30482
15849
24861
26118
19122
17831
4170
6802
10003
432
10987
6071
7372
23630
24054
21283
5410
31427
22136
12094
27691
32474
19674
26975
30259
1730
21859
14399
29790
24348
6655
11950
15503
6995
24895
13956
6281
2092
1696
14299
8276
11422
18448
16507
5091
19683
3246
16278
30707
9167
2258
10678
31286
18017
25421
6387
24753
26008
16370
15721
2146
25223
21333
12777
14119
26796
25554
2287
17627
638
23505
9684
24514
23621
20809
13893
28711
10542
9859
24564
24387
24223
10273
30349
17761
14792
19550
19948
17216
17275
30615
31885
2745
17981
27147
8772
23201
27293
15071
1838
29169
28100
1125
9959
15908
9806
9629
31741
18657
19288
15612
8101
10458
12762
16493
4525
31220
29752
22166
15538
8360
14355
21852
2707
23721
1637
2473
7461
28359
27085
11372
32553
22035
18215
10466
24955
26692
9312
6165
14476
18777
20872
5538
19985
1664
10281
20926
6909
22583
21720
1147
32173
20401
24329
9800
8291
29563
25384
4535
9206
3935
13029
29316
25288
15241
20431
9682
24567
24296
29732
28599
14040
12503
7655
10747
7841
32253
20532
20509
22117
13425
32465
3223
3398
31522
22533
11107
6886
22647
24749
5566
7198
11314
5772
15148
18419
154
3299
3004
4293
30425
14145
26509
26058
21155
22173
10129
10427
26904
15522
9105
11213
30444
22858
22898
19427
8645
18094
6582
31490
10468
18205
23878
20229
2312
26987
10350
26770
6031
18315
7977
17996
22751
4960
11935
22602
5636
26065
28652
26569
30106
1052
10275
10013
7150
3948
2450
32238
5728
21165
6728
26016
5644
8863
25557
27155
15785
1065
20561
8845
1712
3313
22688
14068
449
12841
26611
17729
30276
31148
6290
15153
9548
16713
11738
30781
13248
4190
28545
19405
32700
10153
18978
9129
25909
17244
22773
32432
13788
17263
15581
30668
26693
11834
25769
32037
16969
16707
10899
1941
681
1109
27405
26205
19955
4818
30910
29462
25258
3913
4551
16874
22689
30027
14922
8707
28584
15739
8237
580
12650
2021
27675
3639
27286
16529
9164
5959
16189
29271
391
7728
24188
15348
25829
4275
6490
7006
16599
3982
24819
853
10986
20651
28631
28475
28618
29080
8877
26917
20741
20023
17436
13874
20498
12215
20459
7452
10898
26562
29030
31500
27605
11256
16644
6835
14240
17821
1352
406
12846
27022
31461
10153
10612
19578
26661
19744
25514
18254
32651
25218
14086
8177
21944
14079
20171
18994
28299
24835
16770
13567
9612
5387
23687
30679
30091
24248
18632
29825
25476
28705
27850
16639
4294
31598
12269
28094
14420
19107
752
31759
7052
2489
20919
6363
8710
30451
16972
28561
12479
28015
25893
10596
31863
32252
15013
27828
23383
2603
12772
28873
22999
5545
1203
31175
5855
16843
5339
20702
11052
10091
11942
3266
8182
755
21665
15963
14544
26295
30879
21949
5327
26504
17921
21338
27374
30597
24885
6518
26033
25397
16509
29148
25097
9427
498
7120
5496
489
25288
30276
24437
10017
15315
6735
18962
13911
10058
31194
32220
31474
13260
22173
11523
14453
18592
9546
14779
18257
8001
12551
7137
29694
30234
4898
18914
21577
24718
21248
10457
1776
22587
16983
18423
4460
29568
27037
27432
20494
25916
6337
10483
11341
10713
28696
8098
3423
1418
30106
1444
14086
14288
2638
6447
2733
2115
21507
13098
24243
4239
28481
329
24583
26557
32127
11130
12789
4788
25494
26752
16447
24063
19574
17885
30576
1232
17432
9974
22381
18757
32436
16242
5197
25067
8243
3299
14698
24705
6119
5032
696
30206
25722
25362
24662
14293
21540
9413
22627
19063
5409
15201
15123
5401
10851
13410
23810
25272
6276
4421
19400
5211
24318
11245
12493
18585
4510
14916
22111
7258
9782
13605
769
26850
19091
9850
7942
8971
22190
8865
22623
16337
12070
28949
14514
16916
11246
10314
25004
21914
22339
16600
25495
6996
6370
25564
25135
2786
8567
30875
31665
3416
10840
13673
9782
13635
23923
14282
30527
14311
31110
26582
2449
3019
1678
10978
30019
20600
11905
10588
3605
25469
3647
11255
23555
18102
4806
21512
538
15310
13990
13104
1931
14595
13238
1596
14078
6953
32004
5961
2088
14578
5394
2860
18336
15212
5183
7697
28910
24523
29571
4961
28389
1641
28511
23786
13876
13067
5908
15674
28215
25190
23572
26955
7187
22754
13750
28006
1025
20125
11565
22849
13546
7347
26043
30571
29237
20413
29986
5097
28637
17303
8284
5666
5318
11367
20619
29176
14161
12506
21555
13368
2094
31153
16551
11828
8049
23165
1985
1198
24552
30630
5590
9720
9388
3506
3049
27482
27895
15812
27167
27060
31285
867
15987
13668
5214
14205
11179
7530
26754
17580
23691
8650
13734
28855
14152
10546
15310
24412
25920
14813
8539
12877
743
14775
17047
27256
3077
31170
8079
28299
22559
4280
23585
23224
15154
18674
1621
32182
7848
9608
5873
9992
9860
17082
24647
10881
14048
5519
24402
15624
28057
20155
8961
3737
25673
25798
15827
17804
20085
2411
30116
16154
18440
3647
9671
14621
26624
31891
1876
18711
27496
25754
21443
17526
3206
10191
30138
32278
23125
17041
15396
32008
9270
22800
17283
4242
19938
2925
2439
25974
8099
21789
24287
119
26308
31631
11087
16922
31301
20494
14339
22442
30676
18664
29731
15742
19705
13776
26535
13951
24721
4993
18541
23780
28797
17060
25992
12352
30619
9716
23772
17599
12277
27552
20200
30636
1337
1520
1250
19767
2922
5932
15625
23414
19924
21690
4407
26281
2629
9606
11189
4802
11386
32679
15956
20005
7640
18751
28601
22956
15709
16546
13049
4590
5077
12219
15718
24001
6225
28332
3752
26109
6357
31157
16143
31363
6993
7767
2087
18558
19154
953
15245
17897
17658
4682
7170
30290
23470
32424
19646
27869
7950
31681
19206
12171
17322
22584
9729
24508
14578
2826
26824
19443
1007
29553
27324
20186
12849
20488
31260
8070
30985
12592
5335
30459
21752
27315
9118
12019
15718
18600
27454
15835
16535
2967
10285
13343
7132
28637
2146
7847
9222
17489
30570
29346
4640
21543
28857
26242
2142
10261
19518
23623
25424
25269
14650
16641
11099
15403
23377
1424
14954
24839
15842
5295
27105
14445
4500
27185
23763
21875
26673
12169
14964
6090
25272
400
27857
16289
1453
17283
14270
30918
10164
9035
15376
8462
11870
13058
15117
19960
3395
15282
11809
21901
15185
11616
1747
24202
4707
20553
10998
15297
19733
7019
292
5821
5847
21575
8552
11685
25153
23526
32315
10338
31143
19738
6578
18692
32236
20486
6901
31586
18331
18144
22515
2049
24115
14326
10068
28216
31171
6383
3759
10641
17079
24404
8446
26225
17394
31311
8527
27132
17181
6578
15804
12595
29502
26170
30364
2911
13708
3862
1531
13235
23682
20643
23368
11821
9522
22650
32590
27581
23260
10924
29798
31145
22719
27724
26346
16432
24111
14126
16876
5230
26856
23279
31784
8575
2466
12085
12600
27879
26341
23352
23303
31281
25119
13954
16264
20951
4852
9971
26280
28514
3285
8199
11393
23250
8916
10076
17360
28992
7606
622
15529
8386
6218
29093
25449
7055
30202
7315
3053
18020
10144
4982
7425
26150
12955
2565
28699
20680
11809
12137
22858
9583
10966
18313
27497
20436
14494
27018
19608
23274
32432
1942
12013
22210
6637
9181
16742
21931
13679
22234
11554
17565
4452
2776
29393
8920
27677
4276
15466
23752
354
29156
30492
20012
5129
9144
18822
12151
13767
32736
14890
29302
16709
9775
6687
21044
14966
11167
2055
6683
2345
14996
8001
26715
16858
2149
10080
28560
28878
17432
22491
31647
7007
25197
1029
15840
27540
27423
17216
9347
14836
11110
26990
16684
27036
29120
25513
737
19088
14065
19764
18214
30287
22600
20657
1638
23210
18213
10644
8085
26325
20920
22999
1812
3775
26891
26608
23765
6303
2115
14592
11711
26831
8483
23373
25684
16350
12753
21746
11409
7905
26589
19157
20245
17929
29823
5082
18310
379
30240
3158
6705
14427
6940
15815
11504
29226
25031
11970
10065
18003
6574
28460
7668
27136
2591
13485
3381
20530
25067
7010
26379
4113
21610
24274
14384
1409
1984
7972
10371
24565
14431
1679
23210
5000
13773
25361
28411
24650
7336
2148
11677
25559
29159
3630
7146
26927
866
15992
280
27329
12693
18529
7705
31433
1696
2835
7359
1500
16019
3319
31268
9153
9449
29477
28745
27267
27474
3359
8957
30660
23990
18622
5121
9300
6006
8812
8809
5635
7669
26004
6469
9139
1111
20823
4481
16305
31880
30081
11018
23621
31104
23483
24882
32391
18118
20738
32342
29557
14643
25431
29374
23363
23801
26552
4804
32498
17636
7248
57
9252
24287
15083
17156
21295
29113
4012
21772
17264
10281
26626
9561
25058
19728
28120
22134
9710
7423
17164
15385
10373
20729
28963
23557
12653
18042
315
30256
11992
26807
20544
22561
19259
16168
29539
32669
5469
17732
16584
20610
28335
28556
20607
25075
13275
458
2486
9909
21407
6811
4141
29913
18396
6187
9706
12444
9450
14912
21805
7819
13103
9594
30374
8427
18160
11225
26598
25687
19046
32383
1556
16299
11797
11447
16609
19233
13145
5175
22973
29370
17730
9890
9036
2016
21409
10321
21779
5705
25699
19539
18296
30
20254
20914
11241
9565
22250
1528
5467
6780
5746
20722
25846
12879
29259
11700
28430
24363
1412
13533
27734
12108
15486
7197
2896
26740
4605
20212
13832
1749
8832
1212
24578
9009
2510
30697
28785
1088
16082
8848
7337
24402
25000
9254
18135
3125
12280
13451
13552
12377
4995
18502
13287
9522
32507
18963
31523
7646
3352
3483
25648
20488
5608
24450
19125
9228
11879
22182
10406
12379
17999
19110
17082
1058
22577
5026
31008
1318
24517
30530
4206
25842
2687
26362
1754
28981
22114
29580
18860
17254
4889
6606
24307
5033
31044
19629
22391
13046
19472
24690
7408
28792
14602
15172
28789
28211
27189
28398
11575
10474
32345
8163
9071
14144
23455
23935
8085
1053
4187
20368
29139
2131
13865
23829
2489
18306
2875
12358
31282
5177
13809
15316
31159
24413
26282
9585
12994
5839
19419
14739
30854
22345
3166
19573
13277
30089
15372
11359
7298
8882
32397
2344
4736
12271
19567
29945
11242
13657
3702
25171
19149
8219
819
17236
20323
27603
8920
11830
14985
2876
30027
11032
21619
17419
3705
3841
11167
534
9453
2082
7
26043
30369
16219
28315
4480
28692
13057
28910
31479
18844
11999
1328
17125
3838
1402
4700
22690
17724
28314
23730
27843
8878
12037
7784
30455
3412
28046
6301
21295
21355
22862
12430
14850
21054
1330
27916
6223
32575
7350
26670
2596
1878
21999
2371
31966
30841
17615
6922
15506
10621
29605
4646
28844
21548
25827
6092
19414
5527
25124
11455
29468
18606
15469
30846
24653
28429
25011
6331
17316
7193
27550
1296
10407
5708
2957
23278
25168
8909
30682
9686
619
12100
15967
30667
24639
19948
8249
26119
29296
14314
23243
15853
36
18909
518
1599
28005
11958
20456
8337
9927
11466
3395
7933
28746
18725
30656
8729
7041
13601
18723
21286
26868
14904
17361
20106
6340
6167
26767
4737
28301
2291
14732
17935
11408
24608
11938
27705
18962
30432
16089
22388
26879
23417
9005
29022
20179
30346
13969
10924
25786
6814
5939
10083
758
12802
27906
31564
2946
32468
31086
2721
6133
8541
21614
25357
16040
22689
31432
8404
13083
12595
4493
13389
17813
5710
738
7065
1547
31010
22534
25743
3651
620
29841
2806
14138
585
5882
1783
15810
4684
16988
8145
6767
7630
30074
22223
4276
17541
21248
32376
14666
19289
7948
20997
3025
3954
13804
8472
11194
12182
24618
25514
31844
24498
10181
19013
16517
6838
4802
7796
18636
9894
26339
1913
30149
7918
23223
1853
4348
30967
22483
17293
16741
14071
12894
28546
7931
15629
31187
26945
10664
31885
18178
24549
10085
27033
11096
5562
11682
28401
9569
4780
23016
21515
16011
23295
32189
18791
13869
32320
16840
3869
24007
4731
1077
27064
2700
28590
30299
22854
16413
16254
15772
18096
30872
13609
7053
6984
11729
444
24919
30369
2015
22662
12894
30371
21723
6092
23072
17886
11748
27070
14687
25631
28006
29098
3714
23873
23196
22896
7481
25158
11860
21302
31072
30887
21747
25436
31014
13287
4536
1714
4718
11630
26437
2281
10101
11925
26971
8008
1717
16638
23525
7072
8714
6438
17208
19330
16660
3901
18841
22447
13020
6709
7679
14288
17082
281
12315
3688
29814
13984
28054
262
19373
4866
25754
24767
8822
24586
28563
14043
21318
27500
20023
2511
14865
4954
20420
28268
20658
338
29320
14677
27277
1850
7335
25782
21363
21166
21017
32307
21958
27289
3058
12575
27613
11010
5350
16623
8361
13097
3852
2030
25497
31187
1762
20018
21436
31714
14226
3278
17958
14632
25715
29001
2964
29565
27603
13647
14675
25615
30452
7847
31069
23290
27476
15205
9670
32025
305
11873
13142
5147
9037
8167
12152
9433
31727
9904
21842
16358
21290
15633
32310
16488
8801
5747
28985
27943
267
26883
22049
12260
20148
32683
20357
22252
15940
10304
47
5357
9860
20989
32709
13063
15326
28720
681
10534
5989
30003
14621
4240
12053
31134
10667
9402
9051
25531
2756
18016
1496
9018
24487
13524
32098
21798
23684
29079
27467
25624
21985
550
30182
30891
16190
1046
7240
20015
31988
18275
14156
16290
3427
25350
3034
8412
19788
30661
21096
14345
23420
5455
22464
27484
24491
30088
6916
30466
14499
546
3312
16213
21925
22637
21600
4947
16136
16240
15378
29518
4643
17464
11692
12260
29805
28784
24065
30002
16867
20274
3728
5701
31402
13341
2125
11473
13302
30888
13221
24870
4138
9141
29116
28255
577
12138
6905
14045
24684
24892
18116
31988
2556
26700
16526
5091
9347
13815
19986
7434
13366
17576
10971
9559
5014
16625
23815
14082
3664
18651
18250
13178
9057
13690
7222
2463
12925
8900
5817
7217
6322
10659
7143
27784
73
72
10745
23942
26605
29891
14486
8907
9487
30160
28242
12327
25992
7668
20341
15701
29824
29897
18941
12774
18063
23190
17126
3451
4387
21027
2216
8247
28962
7372
20226
10100
25808
23763
6134
8885
7410
12795
11797
29916
26932
1106
5116
9630
17352
29006
3359
22323
16464
3867
9157
17490
25086
31284
20564
23132
7417
24881
9679
17368
1795
735
10141
30495
31578
21142
11404
7512
13787
14023
29461
26023
10605
5589
19170
6306
5533
9510
30605
5
8070
11897
12459
30374
29172
16250
25353
13483
10441
30611
5941
11258
2975
26630
8512
2289
23470
14905
32195
11096
14576
4176
32
11155
25220
21505
13834
16412
22097
26532
9288
5937
5099
28042
16565
30922
1722
6544
19852
17614
23385
16628
31202
8582
17468
7271
27508
28242
29078
28771
5539
20123
16505
4030
445
24840
25919
27776
27774
30453
5418
10994
23767
24609
29511
27383
6125
7846
17560
15263
5733
5935
12145
27898
24287
4453
2595
13354
27072
7338
31960
21948
29237
11530
31422
19001
22645
1134
22120
4343
31046
15379
30065
9525
7874
571
26466
18791
28251
24611
25557
7375
30749
7220
29659
12109
19251
3197
19100
1912
13229
28001
4413
20205
1408
4237
10759
6376
6350
30766
11973
30481
23400
12896
11885
20632
7058
2281
28163
12163
28678
22823
12475
30791
24891
10311
19294
16278
14310
18360
1774
12921
5314
7647
5773
17566
13708
26381
9371
6387
2898
686
15135
22644
1518
8387
2920
27456
14542
25490
22772
18419
15606
18843
2960
19760
29767
29647
11457
22909
4609
7165
21603
5460
3207
20365
18576
9078
23650
17008
21699
11139
11401
20055
7229
29384
24543
29219
27560
30552
4094
26013
19963
16734
26931
5480
26781
24241
1993
6964
25293
15529
14987
1587
23617
21554
20100
2001
14093
23582
18441
22688
14535
30144
11514
27025
18153
1974
17476
13674
17014
15110
28330
18036
18145
20077
31942
17524
20522
13299
9802
7901
3146
11459
1676
10052
23505
22330
16962
12308
17870
25406
14985
899
25327
24785
28973
18117
1001
23781
548
7551
5914
16498
22107
8574
4461
9671
29622
681
24191
6174
3666
25396
7168
29042
16141
17431
9307
19093
840
5567
11417
12669
27115
16643
31106
6622
4522
15449
28678
15359
23687
330
1244
21958
31896
30243
20329
532
15883
8174
17379
6745
12903
12448
22710
22111
8468
17812
6951
7786
24862
27192
30519
17283
54
13063
14026
4625
23290
1207
31752
29353
2678
23475
15108
3367
19178
10187
30363
8702
16333
4138
17568
3532
14611
13193
23862
11058
23980
14499
14716
1762
24397
17129
1392
6649
7026
8054
26893
32400
19876
15941
27831
21133
14071
19362
31961
15551
24280
32222
20685
18475
20741
27463
14588
2464
31965
31831
6214
17298
6618
20012
3236
31781
13660
6456
2827
14727
19880
28730
29332
22659
7728
27501
23259
12627
277
5119
8612
32438
2538
9156
31685
15171
15803
27948
3392
26877
3149
32627
19631
30503
28328
23319
13797
14938
20179
19087
4050
10964
7391
13114
18855
23827
13606
29334
13115
26787
31701
7090
5293
12596
20904
10470
26956
17903
17909
30145
16819
19210
10732
5443
4408
8602
26909
22604
27272
16809
19259
6229
28555
31369
799
6750
30862
3431
12047
7719
13984
22051
11841
28067
21820
30304
28571
170
24361
14039
7613
2286
27295
4848
19521
31280
20651
8851
2625
25268
29652
22075
32282
10226
23039
14669
28272
31630
7568
11945
23667
7306
31186
23422
4960
14523
30361
13410
20810
633
30502
24738
27930
20123
12362
26582
7637
20131
18895
23993
18205
15157
12051
56
28411
718
21238
31689
16603
20658
27382
18942
16856
38
26009
24154
6714
20448
8204
5475
6205
27068
7945
6648
20501
4784
20221
13541
32046
5890
3947
15029
2232
18104
3467
3016
22883
5713
12856
23205
20583
14258
9993
11408
6088
16227
14013
18528
9688
10747
3292
1931
6653
21977
6299
15747
22196
17685
5888
10565
31958
15286
2120
9518
11291
3622
5254
2321
11484
13283
9100
29320
26397
29302
11278
26503
19146
13481
32261
1847
3393
25077
3154
15617
24593
19002
31140
10728
1281
31155
27803
14365
25429
2344
28462
3277
588
15973
23882
19518
3309
4332
9915
25626
17155
26343
26704
20491
31591
7776
8250
3207
7037
14004
438
11246
10241
11845
11244
16850
21252
26736
18454
6293
11057
12223
21220
25914
20565
10335
5407
28021
20767
18132
3982
21508
5668
7915
24086
32578
32293
7920
22052
19962
3989
2850
25680
3705
25430
19812
27962
27623
11460
27957
13752
17879
756
17378
5684
9756
20285
16634
32079
18654
1272
21251
1482
27374
1669
18539
9127
21079
23439
15554
11403
17718
7312
26150
16231
25291
14231
22270
20311
4815
29257
2027
21963
32520
19749
15867
28644
19228
11277
8480
27425
32419
26626
5857
1338
21887
11824
13648
25420
27248
20522
25148
1079
28643
26998
29351
12868
27403
32332
24186
14348
9523
30619
23672
23701
18259
8269
31345
27325
21473
1996
1464
18396
29417
28101
22487
23973
17504
6956
23424
23373
11446
19584
24007
4592
20394
4432
32655
28720
11618
17662
23362
24863
5563
1219
12998
4703
26078
18163
14764
25991
17428
30594
20394
4297
19931
15816
16203
13010
27705
20353
21733
24050
16976
29976
25036
24189
27187
8997
32709
16497
29688
19764
10429
22616
23310
21960
30395
21360
26065
16287
8212
4874
9052
1080
990
22320
31646
13203
23206
31882
1457
16696
24422
20867
6246
8826
1201
18087
18725
8701
2609
32335
19700
3190
1619
32641
28629
6834
14401
4114
5717
15578
13841
31245
32098
10997
19259
16473
11357
24238
6993
1685
19824
23127
23786
12359
24610
24879
16608
31542
31272
1248
22971
6420
2686
11340
5996
3168
21175
30601
11071
19595
2706
9514
26635
30042
25037
23745
29355
1419
21566
674
22194
28859
1055
30953
21339
2183
3754
29118
29887
242
3814
14039
19787
5126
17088
2623
25456
2239
1629
1110
10140
8484
6575
4890
1642
13239
25670
32420
27414
29711
11113
5877
17971
11972
28262
28403
27808
31883
23846
18607
25272
12450
7428
5865
26569
1647
20447
14294
21959
21092
4462
19745
10562
14885
24276
21807
17814
14317
7285
27047
18786
27950
11783
18226
1851
2167
21740
639
30369
17051
18623
3723
12593
14096
15917
30751
20509
7061
20486
31386
15834
6935
32403
20976
20504
22486
14635
28147
15863
22724
9729
27345
18040
26157
7232
29406
6961
6557
1114
28052
25414
9471
4764
8152
27284
5378
4103
8575
20783
4801
9563
19473
20239
26786
23668
1741
24582
20094
19417
5101
27637
16643
8339
17195
16192
26711
31291
11651
26495
20990
19799
24123
18551
510
16359
3361
32072
8001
13370
19988
23015
16186
30214
22981
8399
5324
15800
21439
16628
1639
32265
12709
12281
28532
12242
10171
13474
4339
4129
16040
13708
30050
1164
30331
24604
19425
6597
6891
15285
32405
20591
11491
32046
2122
11312
1342
11907
19804
14600
5327
32458
31703
31457
26020
20073
14045
31591
16779
19335
4424
27161
8662
12992
7057
672
19548
2077
2289
11616
16832
23619
12229
3662
24822
29162
26935
30209
25602
22417
5147
26891
6659
18800
16151
12681
625
28591
15879
12025
11683
19669
11935
22604
1684
28803
12370
9276
27110
16994
21363
19424
11815
31066
923
7038
340
4869
29002
17824
16283
24419
16081
27754
10085
29903
29807
21802
3732
8241
32698
31281
32009
9590
16960
28386
20586
25661
29551
18952
19746
13523
22962
2669
16553
4450
7901
10664
6405
24421
17355
20790
5521
27999
30533
26060
29949
30925
21542
23788
17558
20569
19133
4279
13511
26192
14707
1538
5856
26454
30894
22699
26647
10585
24053
16941
3533
1731
31316
28275
10002
31220
6146
4842
5994
3311
15169
31706
11985
29011
10886
1014
4862
21646
16858
10802
19941
17485
5504
14804
9599
14134
10200
14542
8397
3546
13955
4171
24091
8165
25288
9096
7810
10648
14646
18661
10928
11642
23691
22844
29932
7754
22485
18801
7252
25911
23511
586
13673
6228
27566
27265
31694
30022
15541
22296
20813
29759
19877
21997
11803
1841
30977
1678
26205
22843
1713
30030
26858
8808
236
11417
23379
25496
20572
28804
14113
7870
25469
22696
19549
24396
25927
15409
19798
9964
18188
9266
18334
4721
8611
14396
11862
19213
12742
22830
22955
6084
29625
24142
8097
8992
8748
10393
27152
18727
7267
88
28139
394
30612
28916
26568
14879
16273
5899
413
13713
10918
5315
17864
16983
17605
8287
17235
24034
21984
24848
18293
6171
1943
3597
20572
19212
3603
997
7465
31453
22578
17428
32573
29187
2788
4821
20659
28084
19413
10040
13357
28318
8012
8564
468
472
23891
15230
1434
5657
536
26587
29379
12584
23955
21170
12451
6547
26217
31013
25769
18596
13328
19169
23964
14481
25652
2548
17445
25331
28506
23776
13454
889
12484
18157
9673
29406
9620
31427
16820
11800
10036
15159
4763
24019
9460
15974
10750
29213
8437
18176
9365
9827
29767
26599
12178
412
7758
9721
29478
9924
9066
27689
1606
2444
16086
1493
20399
23376
27601
4948
30760
17481
2556
11470
20999
15620
8452
10064
23030
7186
1920
12319
13559
11266
28957
12877
20390
23948
10232
14987
702
27151
30027
19774
24799
31294
32076
25301
4495
9493
4690
32345
23934
23315
17210
4677
20494
4515
10505
10137
4626
17115
14290
31530
25046
5480
5851
1340
19553
16585
17403
8018
3062
444
1606
15429
12257
13046
29677
26260
29040
24087
3935
30971
23103
22749
16308
17735
8120
17048
10316
7528
22491
30174
9139
29384
27451
17023
26056
32731
26697
955
2335
12280
7125
26291
2979
14695
4818
29982
32384
7611
26970
14397
27968
1121
2802
2065
16435
9082
18446
23243
7701
10982
25816
10372
4331
26017
1325
14126
29230
1363
6632
25291
25131
19490
13156
13789
20138
2251
23868
26141
19662
6385
26453
2415
19004
26037
16415
5910
22911
3718
17431
2340
7596
13882
9873
12853
6465
9822
22452
7005
25683
15563
3014
32351
3561
22394
18346
12320
11427
12954
5798
3931
25247
27871
19818
19349
22684
9756
32334
6228
29792
27668
732
8332
20056
27022
16014
20058
10879
2983
32472
15092
30848
4460
7273
23265
7967
14760
16815
14949
5845
763
31385
24128
6074
12844
29088
7320
24233
4800
32264
563
19870
9676
26467
6121
27490
13063
600
7257
1643
28707
2722
1500
32509
12894
24155
24759
31894
24148
32379
23957
4745
2583
30876
9268
6121
1409
7680
15966
13992
15561
11220
12059
30208
10581
18614
2597
17426
17615
31606
8092
17102
12923
32537
4091
23570
4808
6180
23627
24854
13605
20247
18070
14599
7189
13367
5791
25330
1926
4240
5840
20196
31071
10299
23924
21072
26712
29149
13862
15280
5390
26480
16265
18799
13655
21574
4410
2055
27090
17482
32259
23399
12739
30858
18002
14231
20766
1266
20201
19614
23778
31578
12246
10660
25000
18372
12198
6996
22652
8670
32470
18820
24043
14287
18314
22552
24413
30255
25985
3875
12966
4439
23113
20048
19415
13276
20911
20353
1370
30294
19066
31925
11838
1126
14169
23855
21199
4855
11289
24021
29546
3011
27419
30934
7567
4633
26374
143
6968
17630
3257
4528
11369
25043
27012
28826
32521
11797
407
22028
22768
18410
27322
28415
10305
17850
32575
5070
28154
18012
15669
31386
14025
22164
9695
26861
5666
20441
12645
10397
22414
5211
10952
17396
23110
19524
2075
19725
19200
2110
4849
13441
12297
27958
29970
29508
31636
19808
32114
3017
6226
21116
12643
9837
9282
7511
32265
19730
19915
32404
7694
2570
1800
11436
1944
28216
867
6964
30328
17009
13157
22367
26277
26664
13004
3523
4840
11595
23774
7520
19416
5992
31486
23518
15113
27156
16765
28438
26241
27789
3762
24532
2155
12958
8269
18907
3856
27843
13032
19754
22786
910
16351
9342
410
585
19810
1304
20901
5341
1224
11200
10331
7411
806
15114
28817
8792
6177
20184
30255
8870
26368
26912
12259
1057
7686
7152
20759
12255
14334
5295
14369
5932
31767
27813
3258
10284
12274
25278
8882
30146
12282
25226
29922
5809
25076
31881
19553
1
13782
13222
26619
24229
10461
17409
14302
13402
32474
18161
407
15314
9677
22602
61
22546
30644
8411
21740
4889
20133
27195
23413
28610
7963
8134
14164
4843
3214
24802
11491
2007
11334
2183
6861
9169
27248
19966
10180
19730
17778
25320
30839
10469
21372
12931
446
29961
18015
9769
19224
4183
24995
4889
13656
30372
5843
13690
6555
13289
15388
23709
21629
4770
4375
11395
4493
2419
1506
6303
27390
11281
30837
31708
12703
9056
23603
29154
28941
28889
32704
21909
1062
303
25875
2271
19906
21042
24524
27056
27038
12275
28103
6211
27033
19753
32241
29346
29475
15059
6490
26988
20722
799
8844
4566
19702
27531
7964
6384
26256
8778
16254
31786
14591
23273
6429
11030
9755
7730
18091
30319
6469
20817
25270
28763
30366
14389
4221
8685
2679
30521
1793
14830
3337
22532
21087
6365
3686
21933
16220
24116
24240
13347
9538
23277
18057
9933
491
3397
9162
19053
7195
2496
15992
30282
8211
30061
27124
10382
27234
30059
18033
4589
29951
14252
13995
1159
6805
30969
24023
18960
9246
11318
14805
9518
21683
9960
11693
546
26530
30452
4153
6827
13506
17833
4895
4391
28419
27649
5635
18172
12617
7204
14842
29238
19835
17454
18753
13938
4566
3634
18223
17658
30856
8575
15464
18481
30074
2338
4948
7730
22125
25516
6351
9908
26952
16437
29986
10289
23728
19616
12594
4167
3802
14625
7160
4958
16029
29949
9265
28555
21196
10385
31319
22196
11202
4246
3791
17397
13118
7843
16484
16451
7794
755
20212
23119
5718
873
26217
21933
14914
17361
21995
21814
12476
25449
18261
1195
14991
5024
2789
1435
31773
3101
19255
9094
28917
3
15732
4930
15784
30836
8647
16798
21465
14420
10256
30022
7316
3407
3293
18406
7393
12829
662
14994
18584
9732
15095
26982
30582
7583
9411
8809
12401
28895
12727
25527
16201
10831
14525
1248
18528
7068
18531
3979
20171
6996
32139
2911
24745
20462
12900
16675
23987
11275
6553
14627
3093
32763
6600
30934
28541
17539
32053
17343
5745
733
18880
25489
20965
32257
21780
15254
2829
291
26914
11089
11120
30589
3278
1123
19262
12622
17639
6059
6627
31267
24925
7601
13532
25685
10926
32325
24777
28115
930
15203
22724
25121
21304
858
10226
7585
19168
11821
16727
5650
23786
10810
18927
19542
30527
7193
18682
2936
22095
13767
12951
6381
1098
2308
148
14874
22675
22777
19845
13079
2930
12062
9747
8883
12809
14171
1175
24504
13961
10094
10984
15216
8357
13708
20080
19815
16967
25163
19078
11379
7298
6591
19704
14578
4297
28643
12518
23635
12894
31803
31703
25048
19468
6328
12550
19609
28185
2012
28413
20173
6263
17950
2917
17989
21818
2704
8477
25145
22351
15039
17545
22087
29034
21979
21037
16057
31040
6936
2938
6663
27383
28499
30183
31644
24794
17913
12356
23517
13138
4389
12875
10600
21777
32008
10873
32665
16273
31374
28188
9811
957
23870
12204
16125
21230
4195
28510
17098
5144
10089
23031
13886
22854
19849
2526
13806
18755
22697
24182
16519
20890
893
23978
25105
13505
4851
21450
9333
18578
27342
9621
26941
30970
21904
2199
4252
25333
926
5557
4526
7098
1439
27142
26624
30770
17957
18916
31315
26799
18063
31299
24221
15579
9006
17474
8017
25583
8870
22272
26080
32037
21655
31665
11904
19567
893
20465
26924
26473
32213
31319
11244
11916
31362
3406
23126
26277
7278
3104
26197
1670
22900
18004
3625
3324
18558
32058
15279
29441
6890
1988
26851
3634
17715
26775
11683
30595
6861
2658
23222
18993
24912
5743
17932
20216
7897
6520
11335
26503
10157
27323
19323
20017
12064
2384
6962
32229
24502
25531
17844
22112
16007
15806
18053
20641
24040
10353
21038
22429
9031
16532
27456
6453
9303
10019
18583
25445
24430
26667
28892
25022
21291
17373
12109
20246
14683
3552
17857
28542
26909
5868
32742
26228
9285
21653
3022
15706
21503
15204
15274
11815
30901
32556
5333
1629
20786
11675
20500
13883
32007
22288
12060
24627
7725
14764
19284
31902
15853
8876
16861
26031
30973
31222
24784
24485
14060
11249
14790
28997
28863
26010
15774
8328
19165
22229
17786
26513
1576
28416
11531
30177
3181
18382
25103
4558
7166
12883
3351
11825
22173
6747
14222
2144
14236
13312
4855
25180
13635
10108
17782
11595
4466
12091
24466
14376
7559
23605
24377
14009
30082
29818
25604
13505
30312
8206
30909
18808
29669
22520
5663
7992
28980
19350
17116
9081
24900
12339
29925
29439
12819
11995
6117
22098
10078
25710
23822
25199
18557
10228
14361
4541
25993
2864
11656
26946
30655
18808
22063
32279
24873
6340
15346
28441
20347
4356
29648
9954
17979
7607
6433
31224
5156
11705
3611
30019
14285
5468
9627
28869
30598
22203
6691
14981
12418
17483
30238
28108
8508
12723
20844
19092
13075
9950
2074
8510
1847
18766
20081
9859
19145
28595
17971
17325
5694
5052
31009
14087
23557
5677
23744
6290
10857
2354
17245
5881
17592
29938
24143
199
22437
19048
13692
28120
19691
30830
14367
7437
563
22299
19144
23108
26424
23887
30372
136
18217
21644
7678
27780
16719
32520
23046
29502
13551
25600
26065
12546
9330
13902
15010
17563
21443
2366
16744
19146
9721
18334
15751
11760
32310
8468
21723
7694
10190
25013
22778
17647
2476
26578
13754
2724
10482
11285
10484
32305
16096
4045
10119
13958
26103
25991
5023
16305
8798
26590
10295
26705
18820
4756
15836
846
3335
4577
19636
29127
11477
15370
20416
2380
5265
18742
27998
10830
26680
15742
2322
6867
17412
14659
8837
31086
13200
9156
9678
23663
9278
25583
4337
29015
22230
7032
4773
12431
5231
6185
1627
31065
10899
28537
29051
10758
29342
30815
26097
2154
26727
5992
28136
3725
5154
4360
25813
28579
19333
22061
25016
26942
3626
32538
5791
13507
309
26739
18795
11546
20022
9876
18902
31914
26961
17191
2229
26501
668
30966
13435
1503
9928
25085
32511
709
21252
19396
28799
13068
30
9708
27620
6279
26859
16135
18503
9597
4074
17325
9141
21593
18468
13260
21295
26532
17750
16959
5109
26161
30546
21154
25093
10135
13475
2405
6110
1252
30832
8736
15241
400
14243
38
7386
176
4425
11613
10484
23148
24124
15181
5899
26035
25600
14966
21102
18990
12012
15335
17860
11890
22410
4364
27541
5753
14144
15816
18445
1619
20527
20675
12285
15641
27739
5638
291
7203
14348
22469
12203
3706
23413
8571
19701
1168
22420
14653
27545
22575
10841
17223
1193
11440
32266
17372
16950
8045
26598
29517
21269
23673
31241
6231
11234
27534
11407
23729
22854
18758
25084
20454
18294
8334
2780
3169
8956
14424
11430
12998
14010
27025
20454
12169
27436
12627
6555
32441
19181
13147
5086
25116
12413
16573
27077
15745
321
14038
6791
3410
6603
19075
26593
11113
20316
5008
952
22052
10919
27764
16639
11708
16344
31291
19419
7122
18389
28867
11525
22859
24260
26411
7281
1630
3021
20617
26413
2283
30241
27867
27787
9487
27451
17985
30338
1013
6758
3689
29010
7407
10623
28746
18023
13509
1788
10773
24192
26445
7469
872
3856
28475
19138
29637
30436
8251
17550
3396
3591
18237
17546
32644
27875
25872
10781
18151
3752
30515
28570
23551
4850
17128
6411
30531
17062
22153
45
15623
23580
13599
8635
26027
27268
24625
20463
13842
11394
13274
28231
23637
19996
18718
6789
1209
31190
21118
26361
15071
1307
9930
2562
27451
15327
28215
9939
6343
3971
9650
4979
6905
11513
27763
16391
30706
15912
20436
9044
12024
23186
2404
20608
1830
27444
25399
6680
13922
1453
13953
26200
29840
675
14435
6310
20229
21347
2309
13407
20543
23239
14565
7382
20435
19805
14447
5786
32422
23749
26061
28152
864
12891
11520
26305
15134
32023
28208
22862
29288
5809
7744
8384
10850
1032
21926
16012
15942
21700
16762
22328
32017
9786
10956
27743
2941
19857
2107
30715
8752
27939
19907
19684
31795
31014
28375
24723
2469
28556
18096
25132
15025
18215
23268
17084
30397
23057
11322
4798
5092
20299
2493
22757
25255
18340
6671
17941
8671
20957
3840
27314
28406
27146
14175
20766
1623
2107
25361
8573
26659
604
19807
12988
13606
17754
404
11473
22537
10632
28104
8260
20169
26176
6135
14062
10344
26829
10582
25089
2786
4744
17382
10568
21858
8770
22089
32688
12982
19682
25045
16648
12288
18767
26343
15621
11183
21393
27513
29577
12462
27443
20471
26148
4571
20715
26191
8924
22971
1917
32584
27689
25196
23516
25108
8772
10715
14482
25128
20897
13879
18531
1867
2746
7845
11309
31725
26383
3125
18451
13755
24427
18196
27610
3184
22376
9220
23187
13038
565
26122
30075
18061
1175
26726
3615
26803
30766
9416
9156
5797
13306
27073
4101
13212
32286
21880
26302
31004
2787
26782
3369
16769
27903
17828
19527
24795
23320
28715
25218
32763
28292
8380
22672
11726
16211
185
7578
6890
399
25235
11934
13159
1986
19006
19730
2800
20153
23010
2250
20249
30344
30420
8475
13299
19662
15044
321
3807
19514
1336
23550
5023
13646
16697
10884
26547
9315
13131
4757
32738
18670
25507
30697
31767
8705
30869
15568
30062
25621
5452
30232
29327
27654
4285
5681
30267
25439
6365
21391
23588
31192
5650
20048
30722
22557
25320
14623
10979
12241
11270
2392
25282
3283
3168
29292
14428
19392
14766
12424
7999
22969
21788
26225
23588
8550
13379
4787
13694
18746
13912
24570
4691
9977
31139
21696
31563
3192
1331
9768
12807
20901
15057
12842
21171
16326
9522
25841
13279
16902
30321
3457
30858
32557
19132
26013
2176
16559
845
20712
25319
19176
19867
5962
32532
2726
10962
7829
12195
15336
2945
26473
15302
28133
21395
20821
8925
2128
23169
27198
15943
13787
15302
19717
13688
22522
2962
21348
30796
26601
17346
7961
13211
26864
32016
15943
29710
20454
18567
28441
27441
1012
15675
18088
2761
23707
3638
16159
27239
16632
15541
28957
11069
19527
14997
31834
20017
7079
4360
25486
12336
10524
24460
24462
8389
22490
18206
28088
18154
5569
5546
7570
18462
13860
17863
25006
26039
27086
9889
26577
1146
30791
16438
15443
21097
7763
18374
15561
32476
13756
14468
7650
14547
2641
25746
2191
26507
47
4652
4711
20815
28479
31012
5449
9361
22528
13454
10819
5945
21895
31932
19378
4157
28868
15725
25259
3954
14598
23617
17306
18338
17857
17264
24105
7902
1424
1212
9316
2325
32374
10404
27930
28902
25449
32219
21894
8883
8977
31992
26158
28151
21453
5231
32524
28889
8439
28864
20204
16897
7529
5358
23061
27818
7999
22323
21547
29432
2271
5618
20820
19084
9015
14573
4762
1879
27974
21176
29073
10411
1246
30318
12089
15512
3240
5538
10789
19829
13160
31384
16349
19901
16514
12981
23938
30237
18878
32053
944
18890
30280
4636
16808
13592
29435
21871
27567
31305
31710
19107
4273
24738
7919
23638
29482
22981
7200
19517
2375
4410
1696
24414
18504
6735
2907
6783
16168
12322
196
8926
17536
15356
9170
5922
15273
5600
9800
29842
13600
13156
29242
23685
28207
14528
18125
19993
29642
8229
4670
10280
27832
27472
11558
1912
20211
4958
23292
21810
1104
10978
13275
6550
16994
26165
23429
26348
6556
32269
10665
28862
32695
8273
10081
9028
22867
25388
1535
20256
18145
28257
29449
15692
14528
20190
28034
16208
3750
10387
107
4024
17986
14980
1674
5829
32032
26909
23402
26467
18892
17094
7587
2139
12346
12984
26203
24010
13669
22031
6669
18130
22071
10016
13962
17295
26025
29452
16957
14156
5675
19862
16562
6903
12870
30513
20570
13267
18560
26973
21896
8813
20096
32052
22208
24017
32626
24640
28209
28413
31149
19344
29824
150
24467
12555
18631
5850
32697
21252
23006
982
18505
31246
21721
27609
2468
15633
7377
28200
19531
3997
28648
17907
15871
2687
23943
30600
31271
8850
29162
24007
12659
16856
15071
11222
29887
30409
2506
14102
10042
11755
5869
7509
23495
10659
27110
6981
8611
11339
11129
10028
1096
2180
17552
9182
17042
3022
28288
16361
289
30550
6286
21775
31742
31502
18098
23545
31617
26371
19867
18473
4210
1772
4082
24625
23406
23550
8419
26146
25484
10504
28634
9288
16449
1211
24970
12820
6785
26185
31284
1370
18727
24627
32038
9149
3223
32091
9602
2151
11682
29793
23616
4605
938
9516
3958
3281
9734
5319
3799
11610
19623
23407
4474
3810
9212
14570
18654
2687
6164
17178
9514
31300
23299
25297
11961
15544
10886
4839
6357
3207
6378
5514
29123
120
23849
5078
5121
18335
28247
23461
15563
30164
28220
12201
27619
29796
10051
23992
28818
27398
8595
3942
18410
13584
4987
2265
12367
14058
12563
18905
5686
10179
7968
17703
15915
9092
3385
8720
20505
6402
15144
15425
10182
26744
28051
21981
3741
17972
5596
12237
17072
13712
12613
31832
28413
12324
9048
24563
30960
19770
3974
29786
18218
32130
30222
479
25985
12040
6176
25346
10824
28002
26434
17987
16592
21038
1012
16948
15662
22972
3983
28626
7487
28679
21875
32533
23274
18922
3937
31174
29605
24208
18726
10385
2363
5421
10106
20059
32716
31467
5671
11734
15637
5416
8558
3410
27889
9182
32422
11478
28448
26722
2086
25199
21064
17490
12389
20680
57
17608
12384
27643
32629
28116
30012
16551
28144
23082
4397
12611
6420
791
13206
7601
22280
17594
27762
10518
1330
29296
16114
4586
20475
3984
18279
20555
10194
89
30819
28311
1907
18216
13083
20537
28521
8686
16144
23235
15057
7138
25839
13630
12642
26483
12469
4541
31402
5249
7958
13625
22170
30412
14880
12696
16197
20653
26908
1551
22501
5636
30645
6570
19743
23409
6236
17449
2696
17863
26090
22798
26983
3517
10375
26868
15549
27623
25035
11554
24194
229
25636
20832
8754
3547
31096
4106
20616
4385
23819
21602
4233
6971
3234
22314
25029
28683
13545
26995
3034
18501
15634
25008
10041
18212
13759
24334
9005
30811
12066
22280
27929
27215
14946
8501
7425
14467
6721
30053
19275
6739
26365
4077
29639
18918
10611
28735
2542
22366
12682
26046
8807
15441
11215
24272
21968
17277
14941
11828
16570
6327
5376
14998
17653
5413
29850
19552
28687
7085
19909
28116
11031
6573
7865
4440
6054
32749
21617
29200
15905
18386
2825
25266
28984
22740
11627
32406
2738
25137
14378
28941
25965
31971
9134
18164
14496
10704
14738
32393
14436
66
22858
18813
8051
8342
28681
13642
1583
16184
10209
11718
10982
23503
4653
3576
3924
30900
20780
13099
3945
26281
1262
17986
21837
30920
32628
12107
20130
13497
1043
26455
1801
21288
5657
7304
3047
9334
6835
23659
15721
11695
21006
14472
12485
4541
27581
6456
1987
6875
14939
12983
24957
30796
19057
20602
18530
1100
24729
27331
16769
9799
8932
14962
24837
9545
29050
16158
2043
32438
12928
27492
12124
5435
5439
27519
25671
19460
4226
14873
22926
25135
8255
30561
12916
8833
1658
13918
27317
15192
4967
13443
32711
21217
14543
12163
16224
11147
27828
19815
24376
27836
7992
19165
16912
25538
18363
25555
3571
20748
19780
10820
30652
5530
20002
16210
26584
21682
2771
8854
23629
24021
30756
2996
11259
29425
15514
562
3874
16088
7441
10122
4389
4081
7331
26493
20366
11053
21451
683
10833
19261
17098
10081
18773
8195
9034
3250
6960
25158
32066
17353
12595
20393
793
13181
7334
8926
30990
29222
12628
23575
11223
29103
20811
28093
14984
12781
9693
8549
14263
27951
27114
18688
26078
29463
10594
4177
4864
9640
6661
677
22416
19615
29037
6334
15502
13063
23631
25360
3315
17160
31486
9264
22095
5120
1840
28553
23729
7893
1797
8273
1479
3209
12613
15547
32582
21262
26345
6510
9356
5212
26078
20791
26501
29634
6405
25850
16587
21881
10622
6127
27409
15487
13606
23562
28097
15010
20062
25275
15076
9947
10511
9688
25667
3550
6379
31960
11211
4335
17653
4673
29494
9975
13379
19811
20200
29655
6146
1095
16407
10748
30396
2531
23087
10804
7382
27791
22389
21952
30301
30909
24810
18090
13826
21476
3442
25177
28002
17341
23605
31330
31371
30130
11846
28577
28348
23188
899
2953
21101
27276
32444
952
27279
25940
29975
23502
25365
25254
3250
6528
691
18165
11915
32488
19430
28764
20381
16159
12084
12244
21836
24846
12981
25257
6403
17537
13010
16431
20252
32125
8269
12209
21760
31188
24450
15018
10895
9462
11500
28471
6850
32266
10986
18125
22414
21566
31939
25895
3340
7515
4840
17283
12248
6812
3194
7182
2743
16320
21004
10653
20348
4190
19882
3997
12076
26489
25626
32333
15712
23892
4961
26411
8939
16263
23178
21931
25533
20307
20130
16431
15367
14899
263
25908
22688
179
6883
2249
28328
16261
20979
9798
30315
3794
6797
27194
3463
27598
15073
2213
17490
24719
9087
17256
23158
24095
12569
13561
11998
31952
15242
13147
26326
5839
5656
24398
4205
28924
25846
13251
17438
26105
27661
10642
2480
18305
15101
17263
1115
27132
23134
5659
10796
3664
24139
8407
2731
7673
545
2590
26810
27996
12676
5267
11200
30808
8867
24633
27655
19743
26045
19426
7779
6468
3557
2794
8981
3349
22274
17188
15342
2346
27929
18197
11704
19006
14543
16480
4305
1854
21801
24194
5401
13728
4759
23999
15630
26614
11057
31324
21558
31427
3136
9231
9406
909
22784
1460
12384
13875
2724
13633
28810
13441
20891
8188
25020
31746
7186
1772
24113
26133
26042
8077
3011
28227
13515
11464
24841
13008
26697
9249
1474
25488
15238
13107
4726
4860
8936
14681
29530
7557
26092
2479
29301
6953
6763
2361
11521
3907
25884
32097
30740
19111
9051
7847
30847
13294
25128
17300
29174
27151
18035
14319
4466
30000
19095
5172
14036
31163
29988
10562
459
8627
27873
21588
9719
12361
3601
20274
19023
29610
25846
20649
30656
2332
12692
4408
23318
10057
22711
2060
24096
25306
26167
29743
23567
8520
1147
1532
29984
11759
3388
15574
17787
9573
6027
19737
858
11017
10006
8785
18541
7391
24743
20906
2686
14747
26605
4264
1873
27899
19071
1048
10190
13914
7198
31559
7777
23939
10298
27505
17570
27075
23736
16252
31793
3906
20979
20454
5860
1682
5121
5885
2597
649
4407
30030
29077
14412
20975
6751
9462
11693
23944
26017
25927
16823
28847
21408
25904
9094
26845
19325
12449
11101
2337
24734
14263
18930
31776
23716
223
524
14170
9629
17981
8272
9135
21627
591
9560
12065
4038
12237
5638
11227
32397
16596
9752
8307
26530
4420
28924
28012
20743
22631
13541
27647
13219
24019
17438
27162
5945
30097
8351
10154
10907
1918
30174
14614
11291
9714
25831
29451
13891
30624
22191
17279
17606
30909
18597
7152
1461
22373
18315
20717
19190
28474
3204
4824
12275
10318
28782
25578
18319
15683
10609
12151
26206
11440
1752
26228
23829
22983
7968
17718
14143
8245
9295
9852
21042
24394
21128
1968
24642
16474
11483
8810
11316
15459
31841
16182
12534
9455
17801
9623
22925
13372
10157
19788
32078
26779
23273
13521
27729
12054
16428
297
8227
8533
14223
19163
25787
23235
12518
15419
3503
10476
10901
25834
2984
6953
4774
26272
30228
13696
15896
24361
23834
19142
27257
13230
30675
16902
32183
8502
695
19239
30771
13932
25173
18120
19735
6819
24136
25967
5354
17943
2150
16867
20065
3958
9274
31446
8568
12959
8885
4039
22722
13481
1568
1319
1277
18727
16981
5051
32490
7338
27951
26433
15196
10376
21311
12374
9614
29660
17600
3479
29625
26062
11981
4103
10726
3349
21714
24241
16129
186
15937
15758
6192
15902
11398
31656
